ZCORN
2699.992 2699.993 2699.992 2699.993 2709.992 2709.993 2709.992 2709.993
2699.993 2699.995 2699.993 2699.995 2709.993 2709.995 2709.993 2709.995
2699.995 2699.996 2699.995 2699.996 2709.995 2709.996 2709.995 2709.996
2699.996 2699.997 2699.996 2699.997 2709.996 2709.997 2709.996 2709.997
2699.997 2699.998 2699.997 2699.998 2709.997 2709.998 2709.997 2709.998
2699.998 2699.998 2699.998 2699.998 2709.998 2709.998 2709.998 2709.998
2699.998 2699.999 2699.998 2699.999 2709.998 2709.999 2709.998 2709.999
2699.999 2699.999 2699.999 2699.999 2709.999 2709.999 2709.999 2709.999
2699.999 2699.999 2699.999 2699.999 2709.999 2709.999 2709.999 2709.999
2699.999 2700.000 2699.999 2700.000 2709.999 2710.000 2709.999 2710.000
2700.000 2699.999 2700.000 2699.999 2710.000 2709.999 2710.000 2709.999
2699.999 2699.999 2699.999 2699.999 2709.999 2709.999 2709.999 2709.999
2699.999 2699.999 2699.999 2699.999 2709.999 2709.999 2709.999 2709.999
2699.999 2699.998 2699.999 2699.998 2709.999 2709.998 2709.999 2709.998
2699.998 2699.998 2699.998 2699.998 2709.998 2709.998 2709.998 2709.998
2699.998 2699.997 2699.998 2699.997 2709.998 2709.997 2709.998 2709.997
2699.997 2699.996 2699.997 2699.996 2709.997 2709.996 2709.997 2709.996
2699.996 2699.995 2699.996 2699.995 2709.996 2709.995 2709.996 2709.995
2699.995 2699.993 2699.995 2699.993 2709.995 2709.993 2709.995 2709.993
2699.993 2699.992 2699.993 2699.992 2709.993 2709.992 2709.993 2709.992
2699.992 2699.993 2699.992 2699.994 2709.992 2709.993 2709.992 2709.994
2699.993 2699.995 2699.994 2699.995 2709.993 2709.995 2709.994 2709.995
2699.995 2699.996 2699.995 2699.996 2709.995 2709.996 2709.995 2709.996
2699.996 2699.997 2699.996 2699.997 2709.996 2709.997 2709.996 2709.997
2699.997 2699.998 2699.997 2699.998 2709.997 2709.998 2709.997 2709.998
2699.998 2699.998 2699.998 2699.998 2709.998 2709.998 2709.998 2709.998
2699.998 2699.999 2699.998 2699.999 2709.998 2709.999 2709.998 2709.999
2699.999 2699.999 2699.999 2699.999 2709.999 2709.999 2709.999 2709.999
2699.999 2699.999 2699.999 2700.000 2709.999 2709.999 2709.999 2710.000
2699.999 2700.000 2700.000 2700.000 2709.999 2710.000 2710.000 2710.000
2700.000 2699.999 2700.000 2700.000 2710.000 2709.999 2710.000 2710.000
2699.999 2699.999 2700.000 2699.999 2709.999 2709.999 2710.000 2709.999
2699.999 2699.999 2699.999 2699.999 2709.999 2709.999 2709.999 2709.999
2699.999 2699.998 2699.999 2699.998 2709.999 2709.998 2709.999 2709.998
2699.998 2699.998 2699.998 2699.998 2709.998 2709.998 2709.998 2709.998
2699.998 2699.997 2699.998 2699.997 2709.998 2709.997 2709.998 2709.997
2699.997 2699.996 2699.997 2699.996 2709.997 2709.996 2709.997 2709.996
2699.996 2699.995 2699.996 2699.995 2709.996 2709.995 2709.996 2709.995
2699.995 2699.993 2699.995 2699.994 2709.995 2709.993 2709.995 2709.994
2699.993 2699.992 2699.994 2699.992 2709.993 2709.992 2709.994 2709.992
2699.992 2699.994 2699.992 2699.994 2709.992 2709.994 2709.992 2709.994
2699.994 2699.995 2699.994 2699.995 2709.994 2709.995 2709.994 2709.995
2699.995 2699.996 2699.995 2699.996 2709.995 2709.996 2709.995 2709.996
2699.996 2699.997 2699.996 2699.997 2709.996 2709.997 2709.996 2709.997
2699.997 2699.998 2699.997 2699.998 2709.997 2709.998 2709.997 2709.998
2699.998 2699.998 2699.998 2699.998 2709.998 2709.998 2709.998 2709.998
2699.998 2699.999 2699.998 2699.999 2709.998 2709.999 2709.998 2709.999
2699.999 2699.999 2699.999 2699.999 2709.999 2709.999 2709.999 2709.999
2699.999 2700.000 2699.999 2700.000 2709.999 2710.000 2709.999 2710.000
2700.000 2700.000 2700.000 2700.000 2710.000 2710.000 2710.000 2710.000
2700.000 2700.000 2700.000 2700.000 2710.000 2710.000 2710.000 2710.000
2700.000 2699.999 2700.000 2699.999 2710.000 2709.999 2710.000 2709.999
2699.999 2699.999 2699.999 2699.999 2709.999 2709.999 2709.999 2709.999
2699.999 2699.998 2699.999 2699.998 2709.999 2709.998 2709.999 2709.998
2699.998 2699.998 2699.998 2699.998 2709.998 2709.998 2709.998 2709.998
2699.998 2699.997 2699.998 2699.997 2709.998 2709.997 2709.998 2709.997
2699.997 2699.996 2699.997 2699.996 2709.997 2709.996 2709.997 2709.996
2699.996 2699.995 2699.996 2699.995 2709.996 2709.995 2709.996 2709.995
2699.995 2699.994 2699.995 2699.994 2709.995 2709.994 2709.995 2709.994
2699.994 2699.992 2699.994 2699.992 2709.994 2709.992 2709.994 2709.992
2699.992 2699.994 2699.992 2699.994 2709.992 2709.994 2709.992 2709.994
2699.994 2699.995 2699.994 2699.995 2709.994 2709.995 2709.994 2709.995
2699.995 2699.996 2699.995 2699.996 2709.995 2709.996 2709.995 2709.996
2699.996 2699.997 2699.996 2699.997 2709.996 2709.997 2709.996 2709.997
2699.997 2699.998 2699.997 2699.998 2709.997 2709.998 2709.997 2709.998
2699.998 2699.998 2699.998 2699.998 2709.998 2709.998 2709.998 2709.998
2699.998 2699.999 2699.998 2699.999 2709.998 2709.999 2709.998 2709.999
2699.999 2699.999 2699.999 2699.999 2709.999 2709.999 2709.999 2709.999
2699.999 2700.000 2699.999 2700.000 2709.999 2710.000 2709.999 2710.000
2700.000 2700.000 2700.000 2700.000 2710.000 2710.000 2710.000 2710.000
2700.000 2700.000 2700.000 2700.000 2710.000 2710.000 2710.000 2710.000
2700.000 2699.999 2700.000 2699.999 2710.000 2709.999 2710.000 2709.999
2699.999 2699.999 2699.999 2699.999 2709.999 2709.999 2709.999 2709.999
2699.999 2699.998 2699.999 2699.998 2709.999 2709.998 2709.999 2709.998
2699.998 2699.998 2699.998 2699.998 2709.998 2709.998 2709.998 2709.998
2699.998 2699.997 2699.998 2699.997 2709.998 2709.997 2709.998 2709.997
2699.997 2699.996 2699.997 2699.996 2709.997 2709.996 2709.997 2709.996
2699.996 2699.995 2699.996 2699.995 2709.996 2709.995 2709.996 2709.995
2699.995 2699.994 2699.995 2699.994 2709.995 2709.994 2709.995 2709.994
2699.994 2699.992 2699.994 2699.992 2709.994 2709.992 2709.994 2709.992
2699.992 2699.994 2699.992 2699.994 2709.992 2709.994 2709.992 2709.994
2699.994 2699.995 2699.994 2699.995 2709.994 2709.995 2709.994 2709.995
2699.995 2699.996 2699.995 2699.996 2709.995 2709.996 2709.995 2709.996
2699.996 2699.997 2699.996 2699.997 2709.996 2709.997 2709.996 2709.997
2699.997 2699.998 2699.997 2699.998 2709.997 2709.998 2709.997 2709.998
2699.998 2699.998 2699.998 2699.998 2709.998 2709.998 2709.998 2709.998
2699.998 2699.999 2699.998 2699.999 2709.998 2709.999 2709.998 2709.999
2699.999 2699.999 2699.999 2699.999 2709.999 2709.999 2709.999 2709.999
2699.999 2700.000 2699.999 2700.000 2709.999 2710.000 2709.999 2710.000
2700.000 2700.000 2700.000 2700.000 2710.000 2710.000 2710.000 2710.000
2700.000 2700.000 2700.000 2700.000 2710.000 2710.000 2710.000 2710.000
2700.000 2699.999 2700.000 2699.999 2710.000 2709.999 2710.000 2709.999
2699.999 2699.999 2699.999 2699.999 2709.999 2709.999 2709.999 2709.999
2699.999 2699.998 2699.999 2699.998 2709.999 2709.998 2709.999 2709.998
2699.998 2699.998 2699.998 2699.998 2709.998 2709.998 2709.998 2709.998
2699.998 2699.997 2699.998 2699.997 2709.998 2709.997 2709.998 2709.997
2699.997 2699.996 2699.997 2699.996 2709.997 2709.996 2709.997 2709.996
2699.996 2699.995 2699.996 2699.995 2709.996 2709.995 2709.996 2709.995
2699.995 2699.994 2699.995 2699.994 2709.995 2709.994 2709.995 2709.994
2699.994 2699.992 2699.994 2699.992 2709.994 2709.992 2709.994 2709.992
2699.992 2699.994 2699.992 2699.994 2709.992 2709.994 2709.992 2709.994
2699.994 2699.995 2699.994 2699.995 2709.994 2709.995 2709.994 2709.995
2699.995 2699.996 2699.995 2699.996 2709.995 2709.996 2709.995 2709.996
2699.996 2699.997 2699.996 2699.997 2709.996 2709.997 2709.996 2709.997
2699.997 2699.998 2699.997 2699.998 2709.997 2709.998 2709.997 2709.998
2699.998 2699.998 2699.998 2699.999 2709.998 2709.998 2709.998 2709.999
2699.998 2699.999 2699.999 2699.999 2709.998 2709.999 2709.999 2709.999
2699.999 2699.999 2699.999 2699.999 2709.999 2709.999 2709.999 2709.999
2699.999 2700.000 2699.999 2700.000 2709.999 2710.000 2709.999 2710.000
2700.000 2700.000 2700.000 2700.000 2710.000 2710.000 2710.000 2710.000
2700.000 2700.000 2700.000 2700.000 2710.000 2710.000 2710.000 2710.000
2700.000 2699.999 2700.000 2699.999 2710.000 2709.999 2710.000 2709.999
2699.999 2699.999 2699.999 2699.999 2709.999 2709.999 2709.999 2709.999
2699.999 2699.998 2699.999 2699.999 2709.999 2709.998 2709.999 2709.999
2699.998 2699.998 2699.999 2699.998 2709.998 2709.998 2709.999 2709.998
2699.998 2699.997 2699.998 2699.997 2709.998 2709.997 2709.998 2709.997
2699.997 2699.996 2699.997 2699.996 2709.997 2709.996 2709.997 2709.996
2699.996 2699.995 2699.996 2699.995 2709.996 2709.995 2709.996 2709.995
2699.995 2699.994 2699.995 2699.994 2709.995 2709.994 2709.995 2709.994
2699.994 2699.992 2699.994 2699.992 2709.994 2709.992 2709.994 2709.992
2699.992 2699.994 2699.992 2699.994 2709.992 2709.994 2709.992 2709.994
2699.994 2699.995 2699.994 2699.995 2709.994 2709.995 2709.994 2709.995
2699.995 2699.996 2699.995 2699.996 2709.995 2709.996 2709.995 2709.996
2699.996 2699.997 2699.996 2699.997 2709.996 2709.997 2709.996 2709.997
2699.997 2699.998 2699.997 2699.998 2709.997 2709.998 2709.997 2709.998
2699.998 2699.999 2699.998 2699.999 2709.998 2709.999 2709.998 2709.999
2699.999 2699.999 2699.999 2699.999 2709.999 2709.999 2709.999 2709.999
2699.999 2699.999 2699.999 2699.999 2709.999 2709.999 2709.999 2709.999
2699.999 2700.000 2699.999 2700.000 2709.999 2710.000 2709.999 2710.000
2700.000 2700.000 2700.000 2700.000 2710.000 2710.000 2710.000 2710.000
2700.000 2700.000 2700.000 2700.000 2710.000 2710.000 2710.000 2710.000
2700.000 2699.999 2700.000 2699.999 2710.000 2709.999 2710.000 2709.999
2699.999 2699.999 2699.999 2699.999 2709.999 2709.999 2709.999 2709.999
2699.999 2699.999 2699.999 2699.999 2709.999 2709.999 2709.999 2709.999
2699.999 2699.998 2699.999 2699.998 2709.999 2709.998 2709.999 2709.998
2699.998 2699.997 2699.998 2699.997 2709.998 2709.997 2709.998 2709.997
2699.997 2699.996 2699.997 2699.996 2709.997 2709.996 2709.997 2709.996
2699.996 2699.995 2699.996 2699.995 2709.996 2709.995 2709.996 2709.995
2699.995 2699.994 2699.995 2699.994 2709.995 2709.994 2709.995 2709.994
2699.994 2699.992 2699.994 2699.992 2709.994 2709.992 2709.994 2709.992
2699.992 2699.994 2699.992 2699.994 2709.992 2709.994 2709.992 2709.994
2699.994 2699.995 2699.994 2699.995 2709.994 2709.995 2709.994 2709.995
2699.995 2699.996 2699.995 2699.996 2709.995 2709.996 2709.995 2709.996
2699.996 2699.997 2699.996 2699.997 2709.996 2709.997 2709.996 2709.997
2699.997 2699.998 2699.997 2699.998 2709.997 2709.998 2709.997 2709.998
2699.998 2699.999 2699.998 2699.999 2709.998 2709.999 2709.998 2709.999
2699.999 2699.999 2699.999 2699.999 2709.999 2709.999 2709.999 2709.999
2699.999 2699.999 2699.999 2699.999 2709.999 2709.999 2709.999 2709.999
2699.999 2700.000 2699.999 2700.000 2709.999 2710.000 2709.999 2710.000
2700.000 2700.000 2700.000 2700.000 2710.000 2710.000 2710.000 2710.000
2700.000 2700.000 2700.000 2700.000 2710.000 2710.000 2710.000 2710.000
2700.000 2699.999 2700.000 2699.999 2710.000 2709.999 2710.000 2709.999
2699.999 2699.999 2699.999 2699.999 2709.999 2709.999 2709.999 2709.999
2699.999 2699.999 2699.999 2699.999 2709.999 2709.999 2709.999 2709.999
2699.999 2699.998 2699.999 2699.998 2709.999 2709.998 2709.999 2709.998
2699.998 2699.997 2699.998 2699.997 2709.998 2709.997 2709.998 2709.997
2699.997 2699.996 2699.997 2699.996 2709.997 2709.996 2709.997 2709.996
2699.996 2699.995 2699.996 2699.995 2709.996 2709.995 2709.996 2709.995
2699.995 2699.994 2699.995 2699.994 2709.995 2709.994 2709.995 2709.994
2699.994 2699.992 2699.994 2699.992 2709.994 2709.992 2709.994 2709.992
2699.992 2699.994 2699.992 2699.994 2709.992 2709.994 2709.992 2709.994
2699.994 2699.995 2699.994 2699.995 2709.994 2709.995 2709.994 2709.995
2699.995 2699.996 2699.995 2699.996 2709.995 2709.996 2709.995 2709.996
2699.996 2699.997 2699.996 2699.997 2709.996 2709.997 2709.996 2709.997
2699.997 2699.998 2699.997 2699.998 2709.997 2709.998 2709.997 2709.998
2699.998 2699.999 2699.998 2699.999 2709.998 2709.999 2709.998 2709.999
2699.999 2699.999 2699.999 2699.999 2709.999 2709.999 2709.999 2709.999
2699.999 2699.999 2699.999 2700.000 2709.999 2709.999 2709.999 2710.000
2699.999 2700.000 2700.000 2700.000 2709.999 2710.000 2710.000 2710.000
2700.000 2700.000 2700.000 2700.000 2710.000 2710.000 2710.000 2710.000
2700.000 2700.000 2700.000 2700.000 2710.000 2710.000 2710.000 2710.000
2700.000 2699.999 2700.000 2700.000 2710.000 2709.999 2710.000 2710.000
2699.999 2699.999 2700.000 2699.999 2709.999 2709.999 2710.000 2709.999
2699.999 2699.999 2699.999 2699.999 2709.999 2709.999 2709.999 2709.999
2699.999 2699.998 2699.999 2699.998 2709.999 2709.998 2709.999 2709.998
2699.998 2699.997 2699.998 2699.997 2709.998 2709.997 2709.998 2709.997
2699.997 2699.996 2699.997 2699.996 2709.997 2709.996 2709.997 2709.996
2699.996 2699.995 2699.996 2699.995 2709.996 2709.995 2709.996 2709.995
2699.995 2699.994 2699.995 2699.994 2709.995 2709.994 2709.995 2709.994
2699.994 2699.992 2699.994 2699.992 2709.994 2709.992 2709.994 2709.992
2699.992 2699.994 2699.992 2699.994 2709.992 2709.994 2709.992 2709.994
2699.994 2699.995 2699.994 2699.995 2709.994 2709.995 2709.994 2709.995
2699.995 2699.996 2699.995 2699.996 2709.995 2709.996 2709.995 2709.996
2699.996 2699.997 2699.996 2699.997 2709.996 2709.997 2709.996 2709.997
2699.997 2699.998 2699.997 2699.998 2709.997 2709.998 2709.997 2709.998
2699.998 2699.999 2699.998 2699.999 2709.998 2709.999 2709.998 2709.999
2699.999 2699.999 2699.999 2699.999 2709.999 2709.999 2709.999 2709.999
2699.999 2700.000 2699.999 2700.000 2709.999 2710.000 2709.999 2710.000
2700.000 2700.000 2700.000 2700.000 2710.000 2710.000 2710.000 2710.000
2700.000 2700.000 2700.000 2700.000 2710.000 2710.000 2710.000 2710.000
2700.000 2700.000 2700.000 2700.000 2710.000 2710.000 2710.000 2710.000
2700.000 2700.000 2700.000 2700.000 2710.000 2710.000 2710.000 2710.000
2700.000 2699.999 2700.000 2699.999 2710.000 2709.999 2710.000 2709.999
2699.999 2699.999 2699.999 2699.999 2709.999 2709.999 2709.999 2709.999
2699.999 2699.998 2699.999 2699.998 2709.999 2709.998 2709.999 2709.998
2699.998 2699.997 2699.998 2699.997 2709.998 2709.997 2709.998 2709.997
2699.997 2699.996 2699.997 2699.996 2709.997 2709.996 2709.997 2709.996
2699.996 2699.995 2699.996 2699.995 2709.996 2709.995 2709.996 2709.995
2699.995 2699.994 2699.995 2699.994 2709.995 2709.994 2709.995 2709.994
2699.994 2699.992 2699.994 2699.992 2709.994 2709.992 2709.994 2709.992
2699.992 2699.994 2699.992 2699.994 2709.992 2709.994 2709.992 2709.994
2699.994 2699.995 2699.994 2699.995 2709.994 2709.995 2709.994 2709.995
2699.995 2699.996 2699.995 2699.996 2709.995 2709.996 2709.995 2709.996
2699.996 2699.997 2699.996 2699.997 2709.996 2709.997 2709.996 2709.997
2699.997 2699.998 2699.997 2699.998 2709.997 2709.998 2709.997 2709.998
2699.998 2699.999 2699.998 2699.999 2709.998 2709.999 2709.998 2709.999
2699.999 2699.999 2699.999 2699.999 2709.999 2709.999 2709.999 2709.999
2699.999 2700.000 2699.999 2700.000 2709.999 2710.000 2709.999 2710.000
2700.000 2700.000 2700.000 2700.000 2710.000 2710.000 2710.000 2710.000
2700.000 2700.000 2700.000 2700.000 2710.000 2710.000 2710.000 2710.000
2700.000 2700.000 2700.000 2700.000 2710.000 2710.000 2710.000 2710.000
2700.000 2700.000 2700.000 2700.000 2710.000 2710.000 2710.000 2710.000
2700.000 2699.999 2700.000 2699.999 2710.000 2709.999 2710.000 2709.999
2699.999 2699.999 2699.999 2699.999 2709.999 2709.999 2709.999 2709.999
2699.999 2699.998 2699.999 2699.998 2709.999 2709.998 2709.999 2709.998
2699.998 2699.997 2699.998 2699.997 2709.998 2709.997 2709.998 2709.997
2699.997 2699.996 2699.997 2699.996 2709.997 2709.996 2709.997 2709.996
2699.996 2699.995 2699.996 2699.995 2709.996 2709.995 2709.996 2709.995
2699.995 2699.994 2699.995 2699.994 2709.995 2709.994 2709.995 2709.994
2699.994 2699.992 2699.994 2699.992 2709.994 2709.992 2709.994 2709.992
2699.992 2699.994 2699.992 2699.994 2709.992 2709.994 2709.992 2709.994
2699.994 2699.995 2699.994 2699.995 2709.994 2709.995 2709.994 2709.995
2699.995 2699.996 2699.995 2699.996 2709.995 2709.996 2709.995 2709.996
2699.996 2699.997 2699.996 2699.997 2709.996 2709.997 2709.996 2709.997
2699.997 2699.998 2699.997 2699.998 2709.997 2709.998 2709.997 2709.998
2699.998 2699.999 2699.998 2699.999 2709.998 2709.999 2709.998 2709.999
2699.999 2699.999 2699.999 2699.999 2709.999 2709.999 2709.999 2709.999
2699.999 2700.000 2699.999 2700.000 2709.999 2710.000 2709.999 2710.000
2700.000 2700.000 2700.000 2700.000 2710.000 2710.000 2710.000 2710.000
2700.000 2700.000 2700.000 2700.000 2710.000 2710.000 2710.000 2710.000
2700.000 2700.000 2700.000 2700.000 2710.000 2710.000 2710.000 2710.000
2700.000 2700.000 2700.000 2700.000 2710.000 2710.000 2710.000 2710.000
2700.000 2699.999 2700.000 2699.999 2710.000 2709.999 2710.000 2709.999
2699.999 2699.999 2699.999 2699.999 2709.999 2709.999 2709.999 2709.999
2699.999 2699.998 2699.999 2699.998 2709.999 2709.998 2709.999 2709.998
2699.998 2699.997 2699.998 2699.997 2709.998 2709.997 2709.998 2709.997
2699.997 2699.996 2699.997 2699.996 2709.997 2709.996 2709.997 2709.996
2699.996 2699.995 2699.996 2699.995 2709.996 2709.995 2709.996 2709.995
2699.995 2699.994 2699.995 2699.994 2709.995 2709.994 2709.995 2709.994
2699.994 2699.992 2699.994 2699.992 2709.994 2709.992 2709.994 2709.992
2699.992 2699.994 2699.992 2699.994 2709.992 2709.994 2709.992 2709.994
2699.994 2699.995 2699.994 2699.995 2709.994 2709.995 2709.994 2709.995
2699.995 2699.996 2699.995 2699.996 2709.995 2709.996 2709.995 2709.996
2699.996 2699.997 2699.996 2699.997 2709.996 2709.997 2709.996 2709.997
2699.997 2699.998 2699.997 2699.998 2709.997 2709.998 2709.997 2709.998
2699.998 2699.999 2699.998 2699.999 2709.998 2709.999 2709.998 2709.999
2699.999 2699.999 2699.999 2699.999 2709.999 2709.999 2709.999 2709.999
2699.999 2700.000 2699.999 2700.000 2709.999 2710.000 2709.999 2710.000
2700.000 2700.000 2700.000 2700.000 2710.000 2710.000 2710.000 2710.000
2700.000 2700.000 2700.000 2700.000 2710.000 2710.000 2710.000 2710.000
2700.000 2700.000 2700.000 2700.000 2710.000 2710.000 2710.000 2710.000
2700.000 2700.000 2700.000 2700.000 2710.000 2710.000 2710.000 2710.000
2700.000 2699.999 2700.000 2699.999 2710.000 2709.999 2710.000 2709.999
2699.999 2699.999 2699.999 2699.999 2709.999 2709.999 2709.999 2709.999
2699.999 2699.998 2699.999 2699.998 2709.999 2709.998 2709.999 2709.998
2699.998 2699.997 2699.998 2699.997 2709.998 2709.997 2709.998 2709.997
2699.997 2699.996 2699.997 2699.996 2709.997 2709.996 2709.997 2709.996
2699.996 2699.995 2699.996 2699.995 2709.996 2709.995 2709.996 2709.995
2699.995 2699.994 2699.995 2699.994 2709.995 2709.994 2709.995 2709.994
2699.994 2699.992 2699.994 2699.992 2709.994 2709.992 2709.994 2709.992
2699.992 2699.994 2699.992 2699.994 2709.992 2709.994 2709.992 2709.994
2699.994 2699.995 2699.994 2699.995 2709.994 2709.995 2709.994 2709.995
2699.995 2699.996 2699.995 2699.996 2709.995 2709.996 2709.995 2709.996
2699.996 2699.997 2699.996 2699.997 2709.996 2709.997 2709.996 2709.997
2699.997 2699.998 2699.997 2699.998 2709.997 2709.998 2709.997 2709.998
2699.998 2699.999 2699.998 2699.999 2709.998 2709.999 2709.998 2709.999
2699.999 2699.999 2699.999 2699.999 2709.999 2709.999 2709.999 2709.999
2699.999 2700.000 2699.999 2700.000 2709.999 2710.000 2709.999 2710.000
2700.000 2700.000 2700.000 2700.000 2710.000 2710.000 2710.000 2710.000
2700.000 2700.000 2700.000 2700.000 2710.000 2710.000 2710.000 2710.000
2700.000 2700.000 2700.000 2700.000 2710.000 2710.000 2710.000 2710.000
2700.000 2700.000 2700.000 2700.000 2710.000 2710.000 2710.000 2710.000
2700.000 2699.999 2700.000 2699.999 2710.000 2709.999 2710.000 2709.999
2699.999 2699.999 2699.999 2699.999 2709.999 2709.999 2709.999 2709.999
2699.999 2699.998 2699.999 2699.998 2709.999 2709.998 2709.999 2709.998
2699.998 2699.997 2699.998 2699.997 2709.998 2709.997 2709.998 2709.997
2699.997 2699.996 2699.997 2699.996 2709.997 2709.996 2709.997 2709.996
2699.996 2699.995 2699.996 2699.995 2709.996 2709.995 2709.996 2709.995
2699.995 2699.994 2699.995 2699.994 2709.995 2709.994 2709.995 2709.994
2699.994 2699.992 2699.994 2699.992 2709.994 2709.992 2709.994 2709.992
2699.992 2699.994 2699.992 2699.994 2709.992 2709.994 2709.992 2709.994
2699.994 2699.995 2699.994 2699.995 2709.994 2709.995 2709.994 2709.995
2699.995 2699.996 2699.995 2699.996 2709.995 2709.996 2709.995 2709.996
2699.996 2699.997 2699.996 2699.997 2709.996 2709.997 2709.996 2709.997
2699.997 2699.998 2699.997 2699.998 2709.997 2709.998 2709.997 2709.998
2699.998 2699.999 2699.998 2699.999 2709.998 2709.999 2709.998 2709.999
2699.999 2699.999 2699.999 2699.999 2709.999 2709.999 2709.999 2709.999
2699.999 2700.000 2699.999 2700.000 2709.999 2710.000 2709.999 2710.000
2700.000 2700.000 2700.000 2700.000 2710.000 2710.000 2710.000 2710.000
2700.000 2700.000 2700.000 2700.000 2710.000 2710.000 2710.000 2710.000
2700.000 2700.000 2700.000 2700.000 2710.000 2710.000 2710.000 2710.000
2700.000 2700.000 2700.000 2700.000 2710.000 2710.000 2710.000 2710.000
2700.000 2699.999 2700.000 2699.999 2710.000 2709.999 2710.000 2709.999
2699.999 2699.999 2699.999 2699.999 2709.999 2709.999 2709.999 2709.999
2699.999 2699.998 2699.999 2699.998 2709.999 2709.998 2709.999 2709.998
2699.998 2699.997 2699.998 2699.997 2709.998 2709.997 2709.998 2709.997
2699.997 2699.996 2699.997 2699.996 2709.997 2709.996 2709.997 2709.996
2699.996 2699.995 2699.996 2699.995 2709.996 2709.995 2709.996 2709.995
2699.995 2699.994 2699.995 2699.994 2709.995 2709.994 2709.995 2709.994
2699.994 2699.992 2699.994 2699.992 2709.994 2709.992 2709.994 2709.992
2699.992 2699.994 2699.992 2699.994 2709.992 2709.994 2709.992 2709.994
2699.994 2699.995 2699.994 2699.995 2709.994 2709.995 2709.994 2709.995
2699.995 2699.996 2699.995 2699.996 2709.995 2709.996 2709.995 2709.996
2699.996 2699.997 2699.996 2699.997 2709.996 2709.997 2709.996 2709.997
2699.997 2699.998 2699.997 2699.998 2709.997 2709.998 2709.997 2709.998
2699.998 2699.999 2699.998 2699.999 2709.998 2709.999 2709.998 2709.999
2699.999 2699.999 2699.999 2699.999 2709.999 2709.999 2709.999 2709.999
2699.999 2700.000 2699.999 2700.000 2709.999 2710.000 2709.999 2710.000
2700.000 2700.000 2700.000 2700.000 2710.000 2710.000 2710.000 2710.000
2700.000 2700.000 2700.000 2700.000 2710.000 2710.000 2710.000 2710.000
2700.000 2700.000 2700.000 2700.000 2710.000 2710.000 2710.000 2710.000
2700.000 2700.000 2700.000 2700.000 2710.000 2710.000 2710.000 2710.000
2700.000 2699.999 2700.000 2699.999 2710.000 2709.999 2710.000 2709.999
2699.999 2699.999 2699.999 2699.999 2709.999 2709.999 2709.999 2709.999
2699.999 2699.998 2699.999 2699.998 2709.999 2709.998 2709.999 2709.998
2699.998 2699.997 2699.998 2699.997 2709.998 2709.997 2709.998 2709.997
2699.997 2699.996 2699.997 2699.996 2709.997 2709.996 2709.997 2709.996
2699.996 2699.995 2699.996 2699.995 2709.996 2709.995 2709.996 2709.995
2699.995 2699.994 2699.995 2699.994 2709.995 2709.994 2709.995 2709.994
2699.994 2699.992 2699.994 2699.992 2709.994 2709.992 2709.994 2709.992
2699.992 2699.994 2699.992 2699.994 2709.992 2709.994 2709.992 2709.994
2699.994 2699.995 2699.994 2699.995 2709.994 2709.995 2709.994 2709.995
2699.995 2699.996 2699.995 2699.996 2709.995 2709.996 2709.995 2709.996
2699.996 2699.997 2699.996 2699.997 2709.996 2709.997 2709.996 2709.997
2699.997 2699.998 2699.997 2699.998 2709.997 2709.998 2709.997 2709.998
2699.998 2699.999 2699.998 2699.999 2709.998 2709.999 2709.998 2709.999
2699.999 2699.999 2699.999 2699.999 2709.999 2709.999 2709.999 2709.999
2699.999 2700.000 2699.999 2700.000 2709.999 2710.000 2709.999 2710.000
2700.000 2700.000 2700.000 2700.000 2710.000 2710.000 2710.000 2710.000
2700.000 2700.000 2700.000 2700.000 2710.000 2710.000 2710.000 2710.000
2700.000 2700.000 2700.000 2700.000 2710.000 2710.000 2710.000 2710.000
2700.000 2700.000 2700.000 2700.000 2710.000 2710.000 2710.000 2710.000
2700.000 2699.999 2700.000 2699.999 2710.000 2709.999 2710.000 2709.999
2699.999 2699.999 2699.999 2699.999 2709.999 2709.999 2709.999 2709.999
2699.999 2699.998 2699.999 2699.998 2709.999 2709.998 2709.999 2709.998
2699.998 2699.997 2699.998 2699.997 2709.998 2709.997 2709.998 2709.997
2699.997 2699.996 2699.997 2699.996 2709.997 2709.996 2709.997 2709.996
2699.996 2699.995 2699.996 2699.995 2709.996 2709.995 2709.996 2709.995
2699.995 2699.994 2699.995 2699.994 2709.995 2709.994 2709.995 2709.994
2699.994 2699.992 2699.994 2699.992 2709.994 2709.992 2709.994 2709.992
2699.992 2699.994 2699.992 2699.994 2709.992 2709.994 2709.992 2709.994
2699.994 2699.995 2699.994 2699.995 2709.994 2709.995 2709.994 2709.995
2699.995 2699.996 2699.995 2699.996 2709.995 2709.996 2709.995 2709.996
2699.996 2699.997 2699.996 2699.997 2709.996 2709.997 2709.996 2709.997
2699.997 2699.998 2699.997 2699.998 2709.997 2709.998 2709.997 2709.998
2699.998 2699.999 2699.998 2699.999 2709.998 2709.999 2709.998 2709.999
2699.999 2699.999 2699.999 2699.999 2709.999 2709.999 2709.999 2709.999
2699.999 2700.000 2699.999 2700.000 2709.999 2710.000 2709.999 2710.000
2700.000 2700.000 2700.000 2700.000 2710.000 2710.000 2710.000 2710.000
2700.000 2700.000 2700.000 2700.000 2710.000 2710.000 2710.000 2710.000
2700.000 2700.000 2700.000 2700.000 2710.000 2710.000 2710.000 2710.000
2700.000 2700.000 2700.000 2700.000 2710.000 2710.000 2710.000 2710.000
2700.000 2699.999 2700.000 2699.999 2710.000 2709.999 2710.000 2709.999
2699.999 2699.999 2699.999 2699.999 2709.999 2709.999 2709.999 2709.999
2699.999 2699.998 2699.999 2699.998 2709.999 2709.998 2709.999 2709.998
2699.998 2699.997 2699.998 2699.997 2709.998 2709.997 2709.998 2709.997
2699.997 2699.996 2699.997 2699.996 2709.997 2709.996 2709.997 2709.996
2699.996 2699.995 2699.996 2699.995 2709.996 2709.995 2709.996 2709.995
2699.995 2699.994 2699.995 2699.994 2709.995 2709.994 2709.995 2709.994
2699.994 2699.992 2699.994 2699.992 2709.994 2709.992 2709.994 2709.992
2699.992 2699.994 2699.992 2699.994 2709.992 2709.994 2709.992 2709.994
2699.994 2699.995 2699.994 2699.995 2709.994 2709.995 2709.994 2709.995
2699.995 2699.996 2699.995 2699.996 2709.995 2709.996 2709.995 2709.996
2699.996 2699.997 2699.996 2699.997 2709.996 2709.997 2709.996 2709.997
2699.997 2699.998 2699.997 2699.998 2709.997 2709.998 2709.997 2709.998
2699.998 2699.999 2699.998 2699.999 2709.998 2709.999 2709.998 2709.999
2699.999 2699.999 2699.999 2699.999 2709.999 2709.999 2709.999 2709.999
2699.999 2700.000 2699.999 2700.000 2709.999 2710.000 2709.999 2710.000
2700.000 2700.000 2700.000 2700.000 2710.000 2710.000 2710.000 2710.000
2700.000 2700.000 2700.000 2700.000 2710.000 2710.000 2710.000 2710.000
2700.000 2700.000 2700.000 2700.000 2710.000 2710.000 2710.000 2710.000
2700.000 2700.000 2700.000 2700.000 2710.000 2710.000 2710.000 2710.000
2700.000 2699.999 2700.000 2699.999 2710.000 2709.999 2710.000 2709.999
2699.999 2699.999 2699.999 2699.999 2709.999 2709.999 2709.999 2709.999
2699.999 2699.998 2699.999 2699.998 2709.999 2709.998 2709.999 2709.998
2699.998 2699.997 2699.998 2699.997 2709.998 2709.997 2709.998 2709.997
2699.997 2699.996 2699.997 2699.996 2709.997 2709.996 2709.997 2709.996
2699.996 2699.995 2699.996 2699.995 2709.996 2709.995 2709.996 2709.995
2699.995 2699.994 2699.995 2699.994 2709.995 2709.994 2709.995 2709.994
2699.994 2699.992 2699.994 2699.992 2709.994 2709.992 2709.994 2709.992
2699.992 2699.994 2699.992 2699.994 2709.992 2709.994 2709.992 2709.994
2699.994 2699.995 2699.994 2699.995 2709.994 2709.995 2709.994 2709.995
2699.995 2699.996 2699.995 2699.996 2709.995 2709.996 2709.995 2709.996
2699.996 2699.997 2699.996 2699.997 2709.996 2709.997 2709.996 2709.997
2699.997 2699.998 2699.997 2699.998 2709.997 2709.998 2709.997 2709.998
2699.998 2699.999 2699.998 2699.999 2709.998 2709.999 2709.998 2709.999
2699.999 2699.999 2699.999 2699.999 2709.999 2709.999 2709.999 2709.999
2699.999 2700.000 2699.999 2700.000 2709.999 2710.000 2709.999 2710.000
2700.000 2700.000 2700.000 2700.000 2710.000 2710.000 2710.000 2710.000
2700.000 2700.000 2700.000 2700.000 2710.000 2710.000 2710.000 2710.000
2700.000 2700.000 2700.000 2700.000 2710.000 2710.000 2710.000 2710.000
2700.000 2700.000 2700.000 2700.000 2710.000 2710.000 2710.000 2710.000
2700.000 2699.999 2700.000 2699.999 2710.000 2709.999 2710.000 2709.999
2699.999 2699.999 2699.999 2699.999 2709.999 2709.999 2709.999 2709.999
2699.999 2699.998 2699.999 2699.998 2709.999 2709.998 2709.999 2709.998
2699.998 2699.997 2699.998 2699.997 2709.998 2709.997 2709.998 2709.997
2699.997 2699.996 2699.997 2699.996 2709.997 2709.996 2709.997 2709.996
2699.996 2699.995 2699.996 2699.995 2709.996 2709.995 2709.996 2709.995
2699.995 2699.994 2699.995 2699.994 2709.995 2709.994 2709.995 2709.994
2699.994 2699.992 2699.994 2699.992 2709.994 2709.992 2709.994 2709.992
2699.992 2699.994 2699.992 2699.994 2709.992 2709.994 2709.992 2709.994
2699.994 2699.995 2699.994 2699.995 2709.994 2709.995 2709.994 2709.995
2699.995 2699.996 2699.995 2699.996 2709.995 2709.996 2709.995 2709.996
2699.996 2699.997 2699.996 2699.997 2709.996 2709.997 2709.996 2709.997
2699.997 2699.998 2699.997 2699.998 2709.997 2709.998 2709.997 2709.998
2699.998 2699.999 2699.998 2699.999 2709.998 2709.999 2709.998 2709.999
2699.999 2699.999 2699.999 2699.999 2709.999 2709.999 2709.999 2709.999
2699.999 2700.000 2699.999 2700.000 2709.999 2710.000 2709.999 2710.000
2700.000 2700.000 2700.000 2700.000 2710.000 2710.000 2710.000 2710.000
2700.000 2700.000 2700.000 2700.000 2710.000 2710.000 2710.000 2710.000
2700.000 2700.000 2700.000 2700.000 2710.000 2710.000 2710.000 2710.000
2700.000 2700.000 2700.000 2700.000 2710.000 2710.000 2710.000 2710.000
2700.000 2699.999 2700.000 2699.999 2710.000 2709.999 2710.000 2709.999
2699.999 2699.999 2699.999 2699.999 2709.999 2709.999 2709.999 2709.999
2699.999 2699.998 2699.999 2699.998 2709.999 2709.998 2709.999 2709.998
2699.998 2699.997 2699.998 2699.997 2709.998 2709.997 2709.998 2709.997
2699.997 2699.996 2699.997 2699.996 2709.997 2709.996 2709.997 2709.996
2699.996 2699.995 2699.996 2699.995 2709.996 2709.995 2709.996 2709.995
2699.995 2699.994 2699.995 2699.994 2709.995 2709.994 2709.995 2709.994
2699.994 2699.992 2699.994 2699.992 2709.994 2709.992 2709.994 2709.992
2699.992 2699.994 2699.992 2699.994 2709.992 2709.994 2709.992 2709.994
2699.994 2699.995 2699.994 2699.995 2709.994 2709.995 2709.994 2709.995
2699.995 2699.996 2699.995 2699.996 2709.995 2709.996 2709.995 2709.996
2699.996 2699.997 2699.996 2699.997 2709.996 2709.997 2709.996 2709.997
2699.997 2699.998 2699.997 2699.998 2709.997 2709.998 2709.997 2709.998
2699.998 2699.999 2699.998 2699.999 2709.998 2709.999 2709.998 2709.999
2699.999 2699.999 2699.999 2699.999 2709.999 2709.999 2709.999 2709.999
2699.999 2700.000 2699.999 2700.000 2709.999 2710.000 2709.999 2710.000
2700.000 2700.000 2700.000 2700.000 2710.000 2710.000 2710.000 2710.000
2700.000 2700.000 2700.000 2700.000 2710.000 2710.000 2710.000 2710.000
2700.000 2700.000 2700.000 2700.000 2710.000 2710.000 2710.000 2710.000
2700.000 2700.000 2700.000 2700.000 2710.000 2710.000 2710.000 2710.000
2700.000 2699.999 2700.000 2699.999 2710.000 2709.999 2710.000 2709.999
2699.999 2699.999 2699.999 2699.999 2709.999 2709.999 2709.999 2709.999
2699.999 2699.998 2699.999 2699.998 2709.999 2709.998 2709.999 2709.998
2699.998 2699.997 2699.998 2699.997 2709.998 2709.997 2709.998 2709.997
2699.997 2699.996 2699.997 2699.996 2709.997 2709.996 2709.997 2709.996
2699.996 2699.995 2699.996 2699.995 2709.996 2709.995 2709.996 2709.995
2699.995 2699.994 2699.995 2699.994 2709.995 2709.994 2709.995 2709.994
2699.994 2699.992 2699.994 2699.992 2709.994 2709.992 2709.994 2709.992
2699.992 2699.994 2699.992 2699.994 2709.992 2709.994 2709.992 2709.994
2699.994 2699.995 2699.994 2699.995 2709.994 2709.995 2709.994 2709.995
2699.995 2699.996 2699.995 2699.996 2709.995 2709.996 2709.995 2709.996
2699.996 2699.997 2699.996 2699.997 2709.996 2709.997 2709.996 2709.997
2699.997 2699.998 2699.997 2699.998 2709.997 2709.998 2709.997 2709.998
2699.998 2699.999 2699.998 2699.999 2709.998 2709.999 2709.998 2709.999
2699.999 2699.999 2699.999 2699.999 2709.999 2709.999 2709.999 2709.999
2699.999 2700.000 2699.999 2700.000 2709.999 2710.000 2709.999 2710.000
2700.000 2700.000 2700.000 2700.000 2710.000 2710.000 2710.000 2710.000
2700.000 2700.000 2700.000 2700.000 2710.000 2710.000 2710.000 2710.000
2700.000 2700.000 2700.000 2700.000 2710.000 2710.000 2710.000 2710.000
2700.000 2700.000 2700.000 2700.000 2710.000 2710.000 2710.000 2710.000
2700.000 2699.999 2700.000 2699.999 2710.000 2709.999 2710.000 2709.999
2699.999 2699.999 2699.999 2699.999 2709.999 2709.999 2709.999 2709.999
2699.999 2699.998 2699.999 2699.998 2709.999 2709.998 2709.999 2709.998
2699.998 2699.997 2699.998 2699.997 2709.998 2709.997 2709.998 2709.997
2699.997 2699.996 2699.997 2699.996 2709.997 2709.996 2709.997 2709.996
2699.996 2699.995 2699.996 2699.995 2709.996 2709.995 2709.996 2709.995
2699.995 2699.994 2699.995 2699.994 2709.995 2709.994 2709.995 2709.994
2699.994 2699.992 2699.994 2699.992 2709.994 2709.992 2709.994 2709.992
2699.992 2699.994 2699.992 2699.994 2709.992 2709.994 2709.992 2709.994
2699.994 2699.995 2699.994 2699.995 2709.994 2709.995 2709.994 2709.995
2699.995 2699.996 2699.995 2699.996 2709.995 2709.996 2709.995 2709.996
2699.996 2699.997 2699.996 2699.997 2709.996 2709.997 2709.996 2709.997
2699.997 2699.998 2699.997 2699.998 2709.997 2709.998 2709.997 2709.998
2699.998 2699.999 2699.998 2699.999 2709.998 2709.999 2709.998 2709.999
2699.999 2699.999 2699.999 2699.999 2709.999 2709.999 2709.999 2709.999
2699.999 2700.000 2699.999 2700.000 2709.999 2710.000 2709.999 2710.000
2700.000 2700.000 2700.000 2700.000 2710.000 2710.000 2710.000 2710.000
2700.000 2700.000 2700.000 2700.000 2710.000 2710.000 2710.000 2710.000
2700.000 2700.000 2700.000 2700.000 2710.000 2710.000 2710.000 2710.000
2700.000 2700.000 2700.000 2700.000 2710.000 2710.000 2710.000 2710.000
2700.000 2699.999 2700.000 2699.999 2710.000 2709.999 2710.000 2709.999
2699.999 2699.999 2699.999 2699.999 2709.999 2709.999 2709.999 2709.999
2699.999 2699.998 2699.999 2699.998 2709.999 2709.998 2709.999 2709.998
2699.998 2699.997 2699.998 2699.997 2709.998 2709.997 2709.998 2709.997
2699.997 2699.996 2699.997 2699.996 2709.997 2709.996 2709.997 2709.996
2699.996 2699.995 2699.996 2699.995 2709.996 2709.995 2709.996 2709.995
2699.995 2699.994 2699.995 2699.994 2709.995 2709.994 2709.995 2709.994
2699.994 2699.992 2699.994 2699.992 2709.994 2709.992 2709.994 2709.992
2699.992 2699.994 2699.992 2699.994 2709.992 2709.994 2709.992 2709.994
2699.994 2699.995 2699.994 2699.995 2709.994 2709.995 2709.994 2709.995
2699.995 2699.996 2699.995 2699.996 2709.995 2709.996 2709.995 2709.996
2699.996 2699.997 2699.996 2699.997 2709.996 2709.997 2709.996 2709.997
2699.997 2699.998 2699.997 2699.998 2709.997 2709.998 2709.997 2709.998
2699.998 2699.999 2699.998 2699.999 2709.998 2709.999 2709.998 2709.999
2699.999 2699.999 2699.999 2699.999 2709.999 2709.999 2709.999 2709.999
2699.999 2700.000 2699.999 2700.000 2709.999 2710.000 2709.999 2710.000
2700.000 2700.000 2700.000 2700.000 2710.000 2710.000 2710.000 2710.000
2700.000 2700.000 2700.000 2700.000 2710.000 2710.000 2710.000 2710.000
2700.000 2700.000 2700.000 2700.000 2710.000 2710.000 2710.000 2710.000
2700.000 2700.000 2700.000 2700.000 2710.000 2710.000 2710.000 2710.000
2700.000 2699.999 2700.000 2699.999 2710.000 2709.999 2710.000 2709.999
2699.999 2699.999 2699.999 2699.999 2709.999 2709.999 2709.999 2709.999
2699.999 2699.998 2699.999 2699.998 2709.999 2709.998 2709.999 2709.998
2699.998 2699.997 2699.998 2699.997 2709.998 2709.997 2709.998 2709.997
2699.997 2699.996 2699.997 2699.996 2709.997 2709.996 2709.997 2709.996
2699.996 2699.995 2699.996 2699.995 2709.996 2709.995 2709.996 2709.995
2699.995 2699.994 2699.995 2699.994 2709.995 2709.994 2709.995 2709.994
2699.994 2699.992 2699.994 2699.992 2709.994 2709.992 2709.994 2709.992
2699.992 2699.994 2699.992 2699.994 2709.992 2709.994 2709.992 2709.994
2699.994 2699.995 2699.994 2699.995 2709.994 2709.995 2709.994 2709.995
2699.995 2699.996 2699.995 2699.996 2709.995 2709.996 2709.995 2709.996
2699.996 2699.997 2699.996 2699.997 2709.996 2709.997 2709.996 2709.997
2699.997 2699.998 2699.997 2699.998 2709.997 2709.998 2709.997 2709.998
2699.998 2699.999 2699.998 2699.999 2709.998 2709.999 2709.998 2709.999
2699.999 2699.999 2699.999 2699.999 2709.999 2709.999 2709.999 2709.999
2699.999 2700.000 2699.999 2700.000 2709.999 2710.000 2709.999 2710.000
2700.000 2700.000 2700.000 2700.000 2710.000 2710.000 2710.000 2710.000
2700.000 2700.000 2700.000 2700.000 2710.000 2710.000 2710.000 2710.000
2700.000 2700.000 2700.000 2700.000 2710.000 2710.000 2710.000 2710.000
2700.000 2700.000 2700.000 2700.000 2710.000 2710.000 2710.000 2710.000
2700.000 2699.999 2700.000 2699.999 2710.000 2709.999 2710.000 2709.999
2699.999 2699.999 2699.999 2699.999 2709.999 2709.999 2709.999 2709.999
2699.999 2699.998 2699.999 2699.998 2709.999 2709.998 2709.999 2709.998
2699.998 2699.997 2699.998 2699.997 2709.998 2709.997 2709.998 2709.997
2699.997 2699.996 2699.997 2699.996 2709.997 2709.996 2709.997 2709.996
2699.996 2699.995 2699.996 2699.995 2709.996 2709.995 2709.996 2709.995
2699.995 2699.994 2699.995 2699.994 2709.995 2709.994 2709.995 2709.994
2699.994 2699.992 2699.994 2699.992 2709.994 2709.992 2709.994 2709.992
2699.992 2699.994 2699.992 2699.994 2709.992 2709.994 2709.992 2709.994
2699.994 2699.995 2699.994 2699.995 2709.994 2709.995 2709.994 2709.995
2699.995 2699.996 2699.995 2699.996 2709.995 2709.996 2709.995 2709.996
2699.996 2699.997 2699.996 2699.997 2709.996 2709.997 2709.996 2709.997
2699.997 2699.998 2699.997 2699.998 2709.997 2709.998 2709.997 2709.998
2699.998 2699.999 2699.998 2699.999 2709.998 2709.999 2709.998 2709.999
2699.999 2699.999 2699.999 2699.999 2709.999 2709.999 2709.999 2709.999
2699.999 2700.000 2699.999 2700.000 2709.999 2710.000 2709.999 2710.000
2700.000 2700.000 2700.000 2700.000 2710.000 2710.000 2710.000 2710.000
2700.000 2700.000 2700.000 2700.000 2710.000 2710.000 2710.000 2710.000
2700.000 2700.000 2700.000 2700.000 2710.000 2710.000 2710.000 2710.000
2700.000 2700.000 2700.000 2700.000 2710.000 2710.000 2710.000 2710.000
2700.000 2699.999 2700.000 2699.999 2710.000 2709.999 2710.000 2709.999
2699.999 2699.999 2699.999 2699.999 2709.999 2709.999 2709.999 2709.999
2699.999 2699.998 2699.999 2699.998 2709.999 2709.998 2709.999 2709.998
2699.998 2699.997 2699.998 2699.997 2709.998 2709.997 2709.998 2709.997
2699.997 2699.996 2699.997 2699.996 2709.997 2709.996 2709.997 2709.996
2699.996 2699.995 2699.996 2699.995 2709.996 2709.995 2709.996 2709.995
2699.995 2699.994 2699.995 2699.994 2709.995 2709.994 2709.995 2709.994
2699.994 2699.992 2699.994 2699.992 2709.994 2709.992 2709.994 2709.992
2699.992 2699.994 2699.992 2699.994 2709.992 2709.994 2709.992 2709.994
2699.994 2699.995 2699.994 2699.995 2709.994 2709.995 2709.994 2709.995
2699.995 2699.996 2699.995 2699.996 2709.995 2709.996 2709.995 2709.996
2699.996 2699.997 2699.996 2699.997 2709.996 2709.997 2709.996 2709.997
2699.997 2699.998 2699.997 2699.998 2709.997 2709.998 2709.997 2709.998
2699.998 2699.999 2699.998 2699.999 2709.998 2709.999 2709.998 2709.999
2699.999 2699.999 2699.999 2699.999 2709.999 2709.999 2709.999 2709.999
2699.999 2700.000 2699.999 2700.000 2709.999 2710.000 2709.999 2710.000
2700.000 2700.000 2700.000 2700.000 2710.000 2710.000 2710.000 2710.000
2700.000 2700.000 2700.000 2700.000 2710.000 2710.000 2710.000 2710.000
2700.000 2700.000 2700.000 2700.000 2710.000 2710.000 2710.000 2710.000
2700.000 2700.000 2700.000 2700.000 2710.000 2710.000 2710.000 2710.000
2700.000 2699.999 2700.000 2699.999 2710.000 2709.999 2710.000 2709.999
2699.999 2699.999 2699.999 2699.999 2709.999 2709.999 2709.999 2709.999
2699.999 2699.998 2699.999 2699.998 2709.999 2709.998 2709.999 2709.998
2699.998 2699.997 2699.998 2699.997 2709.998 2709.997 2709.998 2709.997
2699.997 2699.996 2699.997 2699.996 2709.997 2709.996 2709.997 2709.996
2699.996 2699.995 2699.996 2699.995 2709.996 2709.995 2709.996 2709.995
2699.995 2699.994 2699.995 2699.994 2709.995 2709.994 2709.995 2709.994
2699.994 2699.992 2699.994 2699.992 2709.994 2709.992 2709.994 2709.992
2699.992 2699.994 2699.992 2699.994 2709.992 2709.994 2709.992 2709.994
2699.994 2699.995 2699.994 2699.995 2709.994 2709.995 2709.994 2709.995
2699.995 2699.996 2699.995 2699.996 2709.995 2709.996 2709.995 2709.996
2699.996 2699.997 2699.996 2699.997 2709.996 2709.997 2709.996 2709.997
2699.997 2699.998 2699.997 2699.998 2709.997 2709.998 2709.997 2709.998
2699.998 2699.999 2699.998 2699.999 2709.998 2709.999 2709.998 2709.999
2699.999 2699.999 2699.999 2699.999 2709.999 2709.999 2709.999 2709.999
2699.999 2700.000 2699.999 2700.000 2709.999 2710.000 2709.999 2710.000
2700.000 2700.000 2700.000 2700.000 2710.000 2710.000 2710.000 2710.000
2700.000 2700.000 2700.000 2700.000 2710.000 2710.000 2710.000 2710.000
2700.000 2700.000 2700.000 2700.000 2710.000 2710.000 2710.000 2710.000
2700.000 2700.000 2700.000 2700.000 2710.000 2710.000 2710.000 2710.000
2700.000 2699.999 2700.000 2699.999 2710.000 2709.999 2710.000 2709.999
2699.999 2699.999 2699.999 2699.999 2709.999 2709.999 2709.999 2709.999
2699.999 2699.998 2699.999 2699.998 2709.999 2709.998 2709.999 2709.998
2699.998 2699.997 2699.998 2699.997 2709.998 2709.997 2709.998 2709.997
2699.997 2699.996 2699.997 2699.996 2709.997 2709.996 2709.997 2709.996
2699.996 2699.995 2699.996 2699.995 2709.996 2709.995 2709.996 2709.995
2699.995 2699.994 2699.995 2699.994 2709.995 2709.994 2709.995 2709.994
2699.994 2699.992 2699.994 2699.992 2709.994 2709.992 2709.994 2709.992
2699.992 2699.994 2699.992 2699.994 2709.992 2709.994 2709.992 2709.994
2699.994 2699.995 2699.994 2699.995 2709.994 2709.995 2709.994 2709.995
2699.995 2699.996 2699.995 2699.996 2709.995 2709.996 2709.995 2709.996
2699.996 2699.997 2699.996 2699.997 2709.996 2709.997 2709.996 2709.997
2699.997 2699.998 2699.997 2699.998 2709.997 2709.998 2709.997 2709.998
2699.998 2699.999 2699.998 2699.999 2709.998 2709.999 2709.998 2709.999
2699.999 2699.999 2699.999 2699.999 2709.999 2709.999 2709.999 2709.999
2699.999 2700.000 2699.999 2700.000 2709.999 2710.000 2709.999 2710.000
2700.000 2700.000 2700.000 2700.000 2710.000 2710.000 2710.000 2710.000
2700.000 2700.000 2700.000 2700.000 2710.000 2710.000 2710.000 2710.000
2700.000 2700.000 2700.000 2700.000 2710.000 2710.000 2710.000 2710.000
2700.000 2700.000 2700.000 2700.000 2710.000 2710.000 2710.000 2710.000
2700.000 2699.999 2700.000 2699.999 2710.000 2709.999 2710.000 2709.999
2699.999 2699.999 2699.999 2699.999 2709.999 2709.999 2709.999 2709.999
2699.999 2699.998 2699.999 2699.998 2709.999 2709.998 2709.999 2709.998
2699.998 2699.997 2699.998 2699.997 2709.998 2709.997 2709.998 2709.997
2699.997 2699.996 2699.997 2699.996 2709.997 2709.996 2709.997 2709.996
2699.996 2699.995 2699.996 2699.995 2709.996 2709.995 2709.996 2709.995
2699.995 2699.994 2699.995 2699.994 2709.995 2709.994 2709.995 2709.994
2699.994 2699.992 2699.994 2699.992 2709.994 2709.992 2709.994 2709.992
2699.992 2699.994 2699.992 2699.994 2709.992 2709.994 2709.992 2709.994
2699.994 2699.995 2699.994 2699.995 2709.994 2709.995 2709.994 2709.995
2699.995 2699.996 2699.995 2699.996 2709.995 2709.996 2709.995 2709.996
2699.996 2699.997 2699.996 2699.997 2709.996 2709.997 2709.996 2709.997
2699.997 2699.998 2699.997 2699.998 2709.997 2709.998 2709.997 2709.998
2699.998 2699.999 2699.998 2699.999 2709.998 2709.999 2709.998 2709.999
2699.999 2699.999 2699.999 2699.999 2709.999 2709.999 2709.999 2709.999
2699.999 2700.000 2699.999 2700.000 2709.999 2710.000 2709.999 2710.000
2700.000 2700.000 2700.000 2700.000 2710.000 2710.000 2710.000 2710.000
2700.000 2700.000 2700.000 2700.000 2710.000 2710.000 2710.000 2710.000
2700.000 2700.000 2700.000 2700.000 2710.000 2710.000 2710.000 2710.000
2700.000 2700.000 2700.000 2700.000 2710.000 2710.000 2710.000 2710.000
2700.000 2699.999 2700.000 2699.999 2710.000 2709.999 2710.000 2709.999
2699.999 2699.999 2699.999 2699.999 2709.999 2709.999 2709.999 2709.999
2699.999 2699.998 2699.999 2699.998 2709.999 2709.998 2709.999 2709.998
2699.998 2699.997 2699.998 2699.997 2709.998 2709.997 2709.998 2709.997
2699.997 2699.996 2699.997 2699.996 2709.997 2709.996 2709.997 2709.996
2699.996 2699.995 2699.996 2699.995 2709.996 2709.995 2709.996 2709.995
2699.995 2699.994 2699.995 2699.994 2709.995 2709.994 2709.995 2709.994
2699.994 2699.992 2699.994 2699.992 2709.994 2709.992 2709.994 2709.992
2699.992 2699.994 2699.992 2699.994 2709.992 2709.994 2709.992 2709.994
2699.994 2699.995 2699.994 2699.995 2709.994 2709.995 2709.994 2709.995
2699.995 2699.996 2699.995 2699.996 2709.995 2709.996 2709.995 2709.996
2699.996 2699.997 2699.996 2699.997 2709.996 2709.997 2709.996 2709.997
2699.997 2699.998 2699.997 2699.998 2709.997 2709.998 2709.997 2709.998
2699.998 2699.999 2699.998 2699.999 2709.998 2709.999 2709.998 2709.999
2699.999 2699.999 2699.999 2699.999 2709.999 2709.999 2709.999 2709.999
2699.999 2700.000 2699.999 2700.000 2709.999 2710.000 2709.999 2710.000
2700.000 2700.000 2700.000 2700.000 2710.000 2710.000 2710.000 2710.000
2700.000 2700.000 2700.000 2700.000 2710.000 2710.000 2710.000 2710.000
2700.000 2700.000 2700.000 2700.000 2710.000 2710.000 2710.000 2710.000
2700.000 2700.000 2700.000 2700.000 2710.000 2710.000 2710.000 2710.000
2700.000 2699.999 2700.000 2699.999 2710.000 2709.999 2710.000 2709.999
2699.999 2699.999 2699.999 2699.999 2709.999 2709.999 2709.999 2709.999
2699.999 2699.998 2699.999 2699.998 2709.999 2709.998 2709.999 2709.998
2699.998 2699.997 2699.998 2699.997 2709.998 2709.997 2709.998 2709.997
2699.997 2699.996 2699.997 2699.996 2709.997 2709.996 2709.997 2709.996
2699.996 2699.995 2699.996 2699.995 2709.996 2709.995 2709.996 2709.995
2699.995 2699.994 2699.995 2699.994 2709.995 2709.994 2709.995 2709.994
2699.994 2699.992 2699.994 2699.992 2709.994 2709.992 2709.994 2709.992
2699.992 2699.994 2699.992 2699.994 2709.992 2709.994 2709.992 2709.994
2699.994 2699.995 2699.994 2699.995 2709.994 2709.995 2709.994 2709.995
2699.995 2699.996 2699.995 2699.996 2709.995 2709.996 2709.995 2709.996
2699.996 2699.997 2699.996 2699.997 2709.996 2709.997 2709.996 2709.997
2699.997 2699.998 2699.997 2699.998 2709.997 2709.998 2709.997 2709.998
2699.998 2699.999 2699.998 2699.999 2709.998 2709.999 2709.998 2709.999
2699.999 2699.999 2699.999 2699.999 2709.999 2709.999 2709.999 2709.999
2699.999 2700.000 2699.999 2700.000 2709.999 2710.000 2709.999 2710.000
2700.000 2700.000 2700.000 2700.000 2710.000 2710.000 2710.000 2710.000
2700.000 2700.000 2700.000 2700.000 2710.000 2710.000 2710.000 2710.000
2700.000 2700.000 2700.000 2700.000 2710.000 2710.000 2710.000 2710.000
2700.000 2700.000 2700.000 2700.000 2710.000 2710.000 2710.000 2710.000
2700.000 2699.999 2700.000 2699.999 2710.000 2709.999 2710.000 2709.999
2699.999 2699.999 2699.999 2699.999 2709.999 2709.999 2709.999 2709.999
2699.999 2699.998 2699.999 2699.998 2709.999 2709.998 2709.999 2709.998
2699.998 2699.997 2699.998 2699.997 2709.998 2709.997 2709.998 2709.997
2699.997 2699.996 2699.997 2699.996 2709.997 2709.996 2709.997 2709.996
2699.996 2699.995 2699.996 2699.995 2709.996 2709.995 2709.996 2709.995
2699.995 2699.994 2699.995 2699.994 2709.995 2709.994 2709.995 2709.994
2699.994 2699.992 2699.994 2699.992 2709.994 2709.992 2709.994 2709.992
2699.992 2699.994 2699.992 2699.994 2709.992 2709.994 2709.992 2709.994
2699.994 2699.995 2699.994 2699.995 2709.994 2709.995 2709.994 2709.995
2699.995 2699.996 2699.995 2699.996 2709.995 2709.996 2709.995 2709.996
2699.996 2699.997 2699.996 2699.997 2709.996 2709.997 2709.996 2709.997
2699.997 2699.998 2699.997 2699.998 2709.997 2709.998 2709.997 2709.998
2699.998 2699.999 2699.998 2699.999 2709.998 2709.999 2709.998 2709.999
2699.999 2699.999 2699.999 2699.999 2709.999 2709.999 2709.999 2709.999
2699.999 2700.000 2699.999 2700.000 2709.999 2710.000 2709.999 2710.000
2700.000 2700.000 2700.000 2700.000 2710.000 2710.000 2710.000 2710.000
2700.000 2700.000 2700.000 2700.000 2710.000 2710.000 2710.000 2710.000
2700.000 2700.000 2700.000 2700.000 2710.000 2710.000 2710.000 2710.000
2700.000 2700.000 2700.000 2700.000 2710.000 2710.000 2710.000 2710.000
2700.000 2699.999 2700.000 2699.999 2710.000 2709.999 2710.000 2709.999
2699.999 2699.999 2699.999 2699.999 2709.999 2709.999 2709.999 2709.999
2699.999 2699.998 2699.999 2699.998 2709.999 2709.998 2709.999 2709.998
2699.998 2699.997 2699.998 2699.997 2709.998 2709.997 2709.998 2709.997
2699.997 2699.996 2699.997 2699.996 2709.997 2709.996 2709.997 2709.996
2699.996 2699.995 2699.996 2699.995 2709.996 2709.995 2709.996 2709.995
2699.995 2699.994 2699.995 2699.994 2709.995 2709.994 2709.995 2709.994
2699.994 2699.992 2699.994 2699.992 2709.994 2709.992 2709.994 2709.992
2699.992 2699.994 2699.992 2699.994 2709.992 2709.994 2709.992 2709.994
2699.994 2699.995 2699.994 2699.995 2709.994 2709.995 2709.994 2709.995
2699.995 2699.996 2699.995 2699.996 2709.995 2709.996 2709.995 2709.996
2699.996 2699.997 2699.996 2699.997 2709.996 2709.997 2709.996 2709.997
2699.997 2699.998 2699.997 2699.998 2709.997 2709.998 2709.997 2709.998
2699.998 2699.999 2699.998 2699.999 2709.998 2709.999 2709.998 2709.999
2699.999 2699.999 2699.999 2699.999 2709.999 2709.999 2709.999 2709.999
2699.999 2700.000 2699.999 2700.000 2709.999 2710.000 2709.999 2710.000
2700.000 2700.000 2700.000 2700.000 2710.000 2710.000 2710.000 2710.000
2700.000 2700.000 2700.000 2700.000 2710.000 2710.000 2710.000 2710.000
2700.000 2700.000 2700.000 2700.000 2710.000 2710.000 2710.000 2710.000
2700.000 2700.000 2700.000 2700.000 2710.000 2710.000 2710.000 2710.000
2700.000 2699.999 2700.000 2699.999 2710.000 2709.999 2710.000 2709.999
2699.999 2699.999 2699.999 2699.999 2709.999 2709.999 2709.999 2709.999
2699.999 2699.998 2699.999 2699.998 2709.999 2709.998 2709.999 2709.998
2699.998 2699.997 2699.998 2699.997 2709.998 2709.997 2709.998 2709.997
2699.997 2699.996 2699.997 2699.996 2709.997 2709.996 2709.997 2709.996
2699.996 2699.995 2699.996 2699.995 2709.996 2709.995 2709.996 2709.995
2699.995 2699.994 2699.995 2699.994 2709.995 2709.994 2709.995 2709.994
2699.994 2699.992 2699.994 2699.992 2709.994 2709.992 2709.994 2709.992
2699.992 2699.994 2699.992 2699.994 2709.992 2709.994 2709.992 2709.994
2699.994 2699.995 2699.994 2699.995 2709.994 2709.995 2709.994 2709.995
2699.995 2699.996 2699.995 2699.996 2709.995 2709.996 2709.995 2709.996
2699.996 2699.997 2699.996 2699.997 2709.996 2709.997 2709.996 2709.997
2699.997 2699.998 2699.997 2699.998 2709.997 2709.998 2709.997 2709.998
2699.998 2699.999 2699.998 2699.999 2709.998 2709.999 2709.998 2709.999
2699.999 2699.999 2699.999 2699.999 2709.999 2709.999 2709.999 2709.999
2699.999 2700.000 2699.999 2700.000 2709.999 2710.000 2709.999 2710.000
2700.000 2700.000 2700.000 2700.000 2710.000 2710.000 2710.000 2710.000
2700.000 2700.000 2700.000 2700.000 2710.000 2710.000 2710.000 2710.000
2700.000 2700.000 2700.000 2700.000 2710.000 2710.000 2710.000 2710.000
2700.000 2700.000 2700.000 2700.000 2710.000 2710.000 2710.000 2710.000
2700.000 2699.999 2700.000 2699.999 2710.000 2709.999 2710.000 2709.999
2699.999 2699.999 2699.999 2699.999 2709.999 2709.999 2709.999 2709.999
2699.999 2699.998 2699.999 2699.998 2709.999 2709.998 2709.999 2709.998
2699.998 2699.997 2699.998 2699.997 2709.998 2709.997 2709.998 2709.997
2699.997 2699.996 2699.997 2699.996 2709.997 2709.996 2709.997 2709.996
2699.996 2699.995 2699.996 2699.995 2709.996 2709.995 2709.996 2709.995
2699.995 2699.994 2699.995 2699.994 2709.995 2709.994 2709.995 2709.994
2699.994 2699.992 2699.994 2699.992 2709.994 2709.992 2709.994 2709.992
2699.992 2699.994 2699.992 2699.994 2709.992 2709.994 2709.992 2709.994
2699.994 2699.995 2699.994 2699.995 2709.994 2709.995 2709.994 2709.995
2699.995 2699.996 2699.995 2699.996 2709.995 2709.996 2709.995 2709.996
2699.996 2699.997 2699.996 2699.997 2709.996 2709.997 2709.996 2709.997
2699.997 2699.998 2699.997 2699.998 2709.997 2709.998 2709.997 2709.998
2699.998 2699.999 2699.998 2699.999 2709.998 2709.999 2709.998 2709.999
2699.999 2699.999 2699.999 2699.999 2709.999 2709.999 2709.999 2709.999
2699.999 2700.000 2699.999 2700.000 2709.999 2710.000 2709.999 2710.000
2700.000 2700.000 2700.000 2700.000 2710.000 2710.000 2710.000 2710.000
2700.000 2700.000 2700.000 2700.000 2710.000 2710.000 2710.000 2710.000
2700.000 2700.000 2700.000 2700.000 2710.000 2710.000 2710.000 2710.000
2700.000 2700.000 2700.000 2700.000 2710.000 2710.000 2710.000 2710.000
2700.000 2699.999 2700.000 2699.999 2710.000 2709.999 2710.000 2709.999
2699.999 2699.999 2699.999 2699.999 2709.999 2709.999 2709.999 2709.999
2699.999 2699.998 2699.999 2699.998 2709.999 2709.998 2709.999 2709.998
2699.998 2699.997 2699.998 2699.997 2709.998 2709.997 2709.998 2709.997
2699.997 2699.996 2699.997 2699.996 2709.997 2709.996 2709.997 2709.996
2699.996 2699.995 2699.996 2699.995 2709.996 2709.995 2709.996 2709.995
2699.995 2699.994 2699.995 2699.994 2709.995 2709.994 2709.995 2709.994
2699.994 2699.992 2699.994 2699.992 2709.994 2709.992 2709.994 2709.992
2699.992 2699.994 2699.992 2699.994 2709.992 2709.994 2709.992 2709.994
2699.994 2699.995 2699.994 2699.995 2709.994 2709.995 2709.994 2709.995
2699.995 2699.996 2699.995 2699.996 2709.995 2709.996 2709.995 2709.996
2699.996 2699.997 2699.996 2699.997 2709.996 2709.997 2709.996 2709.997
2699.997 2699.998 2699.997 2699.998 2709.997 2709.998 2709.997 2709.998
2699.998 2699.999 2699.998 2699.999 2709.998 2709.999 2709.998 2709.999
2699.999 2699.999 2699.999 2699.999 2709.999 2709.999 2709.999 2709.999
2699.999 2700.000 2699.999 2700.000 2709.999 2710.000 2709.999 2710.000
2700.000 2700.000 2700.000 2700.000 2710.000 2710.000 2710.000 2710.000
2700.000 2700.000 2700.000 2700.000 2710.000 2710.000 2710.000 2710.000
2700.000 2700.000 2700.000 2700.000 2710.000 2710.000 2710.000 2710.000
2700.000 2700.000 2700.000 2700.000 2710.000 2710.000 2710.000 2710.000
2700.000 2699.999 2700.000 2699.999 2710.000 2709.999 2710.000 2709.999
2699.999 2699.999 2699.999 2699.999 2709.999 2709.999 2709.999 2709.999
2699.999 2699.998 2699.999 2699.998 2709.999 2709.998 2709.999 2709.998
2699.998 2699.997 2699.998 2699.997 2709.998 2709.997 2709.998 2709.997
2699.997 2699.996 2699.997 2699.996 2709.997 2709.996 2709.997 2709.996
2699.996 2699.995 2699.996 2699.995 2709.996 2709.995 2709.996 2709.995
2699.995 2699.994 2699.995 2699.994 2709.995 2709.994 2709.995 2709.994
2699.994 2699.992 2699.994 2699.992 2709.994 2709.992 2709.994 2709.992
2699.992 2699.994 2699.992 2699.994 2709.992 2709.994 2709.992 2709.994
2699.994 2699.995 2699.994 2699.995 2709.994 2709.995 2709.994 2709.995
2699.995 2699.996 2699.995 2699.996 2709.995 2709.996 2709.995 2709.996
2699.996 2699.997 2699.996 2699.997 2709.996 2709.997 2709.996 2709.997
2699.997 2699.998 2699.997 2699.998 2709.997 2709.998 2709.997 2709.998
2699.998 2699.999 2699.998 2699.999 2709.998 2709.999 2709.998 2709.999
2699.999 2699.999 2699.999 2699.999 2709.999 2709.999 2709.999 2709.999
2699.999 2700.000 2699.999 2700.000 2709.999 2710.000 2709.999 2710.000
2700.000 2700.000 2700.000 2700.000 2710.000 2710.000 2710.000 2710.000
2700.000 2700.000 2700.000 2700.000 2710.000 2710.000 2710.000 2710.000
2700.000 2700.000 2700.000 2700.000 2710.000 2710.000 2710.000 2710.000
2700.000 2700.000 2700.000 2700.000 2710.000 2710.000 2710.000 2710.000
2700.000 2699.999 2700.000 2699.999 2710.000 2709.999 2710.000 2709.999
2699.999 2699.999 2699.999 2699.999 2709.999 2709.999 2709.999 2709.999
2699.999 2699.998 2699.999 2699.998 2709.999 2709.998 2709.999 2709.998
2699.998 2699.997 2699.998 2699.997 2709.998 2709.997 2709.998 2709.997
2699.997 2699.996 2699.997 2699.996 2709.997 2709.996 2709.997 2709.996
2699.996 2699.995 2699.996 2699.995 2709.996 2709.995 2709.996 2709.995
2699.995 2699.994 2699.995 2699.994 2709.995 2709.994 2709.995 2709.994
2699.994 2699.992 2699.994 2699.992 2709.994 2709.992 2709.994 2709.992
2699.992 2699.994 2699.992 2699.994 2709.992 2709.994 2709.992 2709.994
2699.994 2699.995 2699.994 2699.995 2709.994 2709.995 2709.994 2709.995
2699.995 2699.996 2699.995 2699.996 2709.995 2709.996 2709.995 2709.996
2699.996 2699.997 2699.996 2699.997 2709.996 2709.997 2709.996 2709.997
2699.997 2699.998 2699.997 2699.998 2709.997 2709.998 2709.997 2709.998
2699.998 2699.999 2699.998 2699.999 2709.998 2709.999 2709.998 2709.999
2699.999 2699.999 2699.999 2699.999 2709.999 2709.999 2709.999 2709.999
2699.999 2700.000 2699.999 2700.000 2709.999 2710.000 2709.999 2710.000
2700.000 2700.000 2700.000 2700.000 2710.000 2710.000 2710.000 2710.000
2700.000 2700.000 2700.000 2700.000 2710.000 2710.000 2710.000 2710.000
2700.000 2700.000 2700.000 2700.000 2710.000 2710.000 2710.000 2710.000
2700.000 2700.000 2700.000 2700.000 2710.000 2710.000 2710.000 2710.000
2700.000 2699.999 2700.000 2699.999 2710.000 2709.999 2710.000 2709.999
2699.999 2699.999 2699.999 2699.999 2709.999 2709.999 2709.999 2709.999
2699.999 2699.998 2699.999 2699.998 2709.999 2709.998 2709.999 2709.998
2699.998 2699.997 2699.998 2699.997 2709.998 2709.997 2709.998 2709.997
2699.997 2699.996 2699.997 2699.996 2709.997 2709.996 2709.997 2709.996
2699.996 2699.995 2699.996 2699.995 2709.996 2709.995 2709.996 2709.995
2699.995 2699.994 2699.995 2699.994 2709.995 2709.994 2709.995 2709.994
2699.994 2699.992 2699.994 2699.992 2709.994 2709.992 2709.994 2709.992
2699.992 2699.994 2699.992 2699.994 2709.992 2709.994 2709.992 2709.994
2699.994 2699.995 2699.994 2699.995 2709.994 2709.995 2709.994 2709.995
2699.995 2699.996 2699.995 2699.996 2709.995 2709.996 2709.995 2709.996
2699.996 2699.997 2699.996 2699.997 2709.996 2709.997 2709.996 2709.997
2699.997 2699.998 2699.997 2699.998 2709.997 2709.998 2709.997 2709.998
2699.998 2699.999 2699.998 2699.999 2709.998 2709.999 2709.998 2709.999
2699.999 2699.999 2699.999 2699.999 2709.999 2709.999 2709.999 2709.999
2699.999 2700.000 2699.999 2700.000 2709.999 2710.000 2709.999 2710.000
2700.000 2700.000 2700.000 2700.000 2710.000 2710.000 2710.000 2710.000
2700.000 2700.000 2700.000 2700.000 2710.000 2710.000 2710.000 2710.000
2700.000 2700.000 2700.000 2700.000 2710.000 2710.000 2710.000 2710.000
2700.000 2700.000 2700.000 2700.000 2710.000 2710.000 2710.000 2710.000
2700.000 2699.999 2700.000 2699.999 2710.000 2709.999 2710.000 2709.999
2699.999 2699.999 2699.999 2699.999 2709.999 2709.999 2709.999 2709.999
2699.999 2699.998 2699.999 2699.998 2709.999 2709.998 2709.999 2709.998
2699.998 2699.997 2699.998 2699.997 2709.998 2709.997 2709.998 2709.997
2699.997 2699.996 2699.997 2699.996 2709.997 2709.996 2709.997 2709.996
2699.996 2699.995 2699.996 2699.995 2709.996 2709.995 2709.996 2709.995
2699.995 2699.994 2699.995 2699.994 2709.995 2709.994 2709.995 2709.994
2699.994 2699.992 2699.994 2699.992 2709.994 2709.992 2709.994 2709.992
2699.992 2699.994 2699.992 2699.994 2709.992 2709.994 2709.992 2709.994
2699.994 2699.995 2699.994 2699.995 2709.994 2709.995 2709.994 2709.995
2699.995 2699.996 2699.995 2699.996 2709.995 2709.996 2709.995 2709.996
2699.996 2699.997 2699.996 2699.997 2709.996 2709.997 2709.996 2709.997
2699.997 2699.998 2699.997 2699.998 2709.997 2709.998 2709.997 2709.998
2699.998 2699.999 2699.998 2699.999 2709.998 2709.999 2709.998 2709.999
2699.999 2699.999 2699.999 2699.999 2709.999 2709.999 2709.999 2709.999
2699.999 2700.000 2699.999 2699.999 2709.999 2710.000 2709.999 2709.999
2700.000 2700.000 2699.999 2700.000 2710.000 2710.000 2709.999 2710.000
2700.000 2700.000 2700.000 2700.000 2710.000 2710.000 2710.000 2710.000
2700.000 2700.000 2700.000 2700.000 2710.000 2710.000 2710.000 2710.000
2700.000 2700.000 2700.000 2699.999 2710.000 2710.000 2710.000 2709.999
2700.000 2699.999 2699.999 2699.999 2710.000 2709.999 2709.999 2709.999
2699.999 2699.999 2699.999 2699.999 2709.999 2709.999 2709.999 2709.999
2699.999 2699.998 2699.999 2699.998 2709.999 2709.998 2709.999 2709.998
2699.998 2699.997 2699.998 2699.997 2709.998 2709.997 2709.998 2709.997
2699.997 2699.996 2699.997 2699.996 2709.997 2709.996 2709.997 2709.996
2699.996 2699.995 2699.996 2699.995 2709.996 2709.995 2709.996 2709.995
2699.995 2699.994 2699.995 2699.994 2709.995 2709.994 2709.995 2709.994
2699.994 2699.992 2699.994 2699.992 2709.994 2709.992 2709.994 2709.992
2699.992 2699.994 2699.992 2699.994 2709.992 2709.994 2709.992 2709.994
2699.994 2699.995 2699.994 2699.995 2709.994 2709.995 2709.994 2709.995
2699.995 2699.996 2699.995 2699.996 2709.995 2709.996 2709.995 2709.996
2699.996 2699.997 2699.996 2699.997 2709.996 2709.997 2709.996 2709.997
2699.997 2699.998 2699.997 2699.998 2709.997 2709.998 2709.997 2709.998
2699.998 2699.999 2699.998 2699.999 2709.998 2709.999 2709.998 2709.999
2699.999 2699.999 2699.999 2699.999 2709.999 2709.999 2709.999 2709.999
2699.999 2699.999 2699.999 2699.999 2709.999 2709.999 2709.999 2709.999
2699.999 2700.000 2699.999 2700.000 2709.999 2710.000 2709.999 2710.000
2700.000 2700.000 2700.000 2700.000 2710.000 2710.000 2710.000 2710.000
2700.000 2700.000 2700.000 2700.000 2710.000 2710.000 2710.000 2710.000
2700.000 2699.999 2700.000 2699.999 2710.000 2709.999 2710.000 2709.999
2699.999 2699.999 2699.999 2699.999 2709.999 2709.999 2709.999 2709.999
2699.999 2699.999 2699.999 2699.999 2709.999 2709.999 2709.999 2709.999
2699.999 2699.998 2699.999 2699.998 2709.999 2709.998 2709.999 2709.998
2699.998 2699.997 2699.998 2699.997 2709.998 2709.997 2709.998 2709.997
2699.997 2699.996 2699.997 2699.996 2709.997 2709.996 2709.997 2709.996
2699.996 2699.995 2699.996 2699.995 2709.996 2709.995 2709.996 2709.995
2699.995 2699.994 2699.995 2699.994 2709.995 2709.994 2709.995 2709.994
2699.994 2699.992 2699.994 2699.992 2709.994 2709.992 2709.994 2709.992
2699.992 2699.994 2699.992 2699.994 2709.992 2709.994 2709.992 2709.994
2699.994 2699.995 2699.994 2699.995 2709.994 2709.995 2709.994 2709.995
2699.995 2699.996 2699.995 2699.996 2709.995 2709.996 2709.995 2709.996
2699.996 2699.997 2699.996 2699.997 2709.996 2709.997 2709.996 2709.997
2699.997 2699.998 2699.997 2699.998 2709.997 2709.998 2709.997 2709.998
2699.998 2699.999 2699.998 2699.999 2709.998 2709.999 2709.998 2709.999
2699.999 2699.999 2699.999 2699.999 2709.999 2709.999 2709.999 2709.999
2699.999 2699.999 2699.999 2699.999 2709.999 2709.999 2709.999 2709.999
2699.999 2700.000 2699.999 2700.000 2709.999 2710.000 2709.999 2710.000
2700.000 2700.000 2700.000 2700.000 2710.000 2710.000 2710.000 2710.000
2700.000 2700.000 2700.000 2700.000 2710.000 2710.000 2710.000 2710.000
2700.000 2699.999 2700.000 2699.999 2710.000 2709.999 2710.000 2709.999
2699.999 2699.999 2699.999 2699.999 2709.999 2709.999 2709.999 2709.999
2699.999 2699.999 2699.999 2699.999 2709.999 2709.999 2709.999 2709.999
2699.999 2699.998 2699.999 2699.998 2709.999 2709.998 2709.999 2709.998
2699.998 2699.997 2699.998 2699.997 2709.998 2709.997 2709.998 2709.997
2699.997 2699.996 2699.997 2699.996 2709.997 2709.996 2709.997 2709.996
2699.996 2699.995 2699.996 2699.995 2709.996 2709.995 2709.996 2709.995
2699.995 2699.994 2699.995 2699.994 2709.995 2709.994 2709.995 2709.994
2699.994 2699.992 2699.994 2699.992 2709.994 2709.992 2709.994 2709.992
2699.992 2699.994 2699.992 2699.994 2709.992 2709.994 2709.992 2709.994
2699.994 2699.995 2699.994 2699.995 2709.994 2709.995 2709.994 2709.995
2699.995 2699.996 2699.995 2699.996 2709.995 2709.996 2709.995 2709.996
2699.996 2699.997 2699.996 2699.997 2709.996 2709.997 2709.996 2709.997
2699.997 2699.998 2699.997 2699.998 2709.997 2709.998 2709.997 2709.998
2699.998 2699.999 2699.998 2699.998 2709.998 2709.999 2709.998 2709.998
2699.999 2699.999 2699.998 2699.999 2709.999 2709.999 2709.998 2709.999
2699.999 2699.999 2699.999 2699.999 2709.999 2709.999 2709.999 2709.999
2699.999 2700.000 2699.999 2700.000 2709.999 2710.000 2709.999 2710.000
2700.000 2700.000 2700.000 2700.000 2710.000 2710.000 2710.000 2710.000
2700.000 2700.000 2700.000 2700.000 2710.000 2710.000 2710.000 2710.000
2700.000 2699.999 2700.000 2699.999 2710.000 2709.999 2710.000 2709.999
2699.999 2699.999 2699.999 2699.999 2709.999 2709.999 2709.999 2709.999
2699.999 2699.999 2699.999 2699.998 2709.999 2709.999 2709.999 2709.998
2699.999 2699.998 2699.998 2699.998 2709.999 2709.998 2709.998 2709.998
2699.998 2699.997 2699.998 2699.997 2709.998 2709.997 2709.998 2709.997
2699.997 2699.996 2699.997 2699.996 2709.997 2709.996 2709.997 2709.996
2699.996 2699.995 2699.996 2699.995 2709.996 2709.995 2709.996 2709.995
2699.995 2699.994 2699.995 2699.994 2709.995 2709.994 2709.995 2709.994
2699.994 2699.992 2699.994 2699.992 2709.994 2709.992 2709.994 2709.992
2699.992 2699.994 2699.992 2699.994 2709.992 2709.994 2709.992 2709.994
2699.994 2699.995 2699.994 2699.995 2709.994 2709.995 2709.994 2709.995
2699.995 2699.996 2699.995 2699.996 2709.995 2709.996 2709.995 2709.996
2699.996 2699.997 2699.996 2699.997 2709.996 2709.997 2709.996 2709.997
2699.997 2699.998 2699.997 2699.998 2709.997 2709.998 2709.997 2709.998
2699.998 2699.998 2699.998 2699.998 2709.998 2709.998 2709.998 2709.998
2699.998 2699.999 2699.998 2699.999 2709.998 2709.999 2709.998 2709.999
2699.999 2699.999 2699.999 2699.999 2709.999 2709.999 2709.999 2709.999
2699.999 2700.000 2699.999 2700.000 2709.999 2710.000 2709.999 2710.000
2700.000 2700.000 2700.000 2700.000 2710.000 2710.000 2710.000 2710.000
2700.000 2700.000 2700.000 2700.000 2710.000 2710.000 2710.000 2710.000
2700.000 2699.999 2700.000 2699.999 2710.000 2709.999 2710.000 2709.999
2699.999 2699.999 2699.999 2699.999 2709.999 2709.999 2709.999 2709.999
2699.999 2699.998 2699.999 2699.998 2709.999 2709.998 2709.999 2709.998
2699.998 2699.998 2699.998 2699.998 2709.998 2709.998 2709.998 2709.998
2699.998 2699.997 2699.998 2699.997 2709.998 2709.997 2709.998 2709.997
2699.997 2699.996 2699.997 2699.996 2709.997 2709.996 2709.997 2709.996
2699.996 2699.995 2699.996 2699.995 2709.996 2709.995 2709.996 2709.995
2699.995 2699.994 2699.995 2699.994 2709.995 2709.994 2709.995 2709.994
2699.994 2699.992 2699.994 2699.992 2709.994 2709.992 2709.994 2709.992
2699.992 2699.994 2699.992 2699.994 2709.992 2709.994 2709.992 2709.994
2699.994 2699.995 2699.994 2699.995 2709.994 2709.995 2709.994 2709.995
2699.995 2699.996 2699.995 2699.996 2709.995 2709.996 2709.995 2709.996
2699.996 2699.997 2699.996 2699.997 2709.996 2709.997 2709.996 2709.997
2699.997 2699.998 2699.997 2699.998 2709.997 2709.998 2709.997 2709.998
2699.998 2699.998 2699.998 2699.998 2709.998 2709.998 2709.998 2709.998
2699.998 2699.999 2699.998 2699.999 2709.998 2709.999 2709.998 2709.999
2699.999 2699.999 2699.999 2699.999 2709.999 2709.999 2709.999 2709.999
2699.999 2700.000 2699.999 2700.000 2709.999 2710.000 2709.999 2710.000
2700.000 2700.000 2700.000 2700.000 2710.000 2710.000 2710.000 2710.000
2700.000 2700.000 2700.000 2700.000 2710.000 2710.000 2710.000 2710.000
2700.000 2699.999 2700.000 2699.999 2710.000 2709.999 2710.000 2709.999
2699.999 2699.999 2699.999 2699.999 2709.999 2709.999 2709.999 2709.999
2699.999 2699.998 2699.999 2699.998 2709.999 2709.998 2709.999 2709.998
2699.998 2699.998 2699.998 2699.998 2709.998 2709.998 2709.998 2709.998
2699.998 2699.997 2699.998 2699.997 2709.998 2709.997 2709.998 2709.997
2699.997 2699.996 2699.997 2699.996 2709.997 2709.996 2709.997 2709.996
2699.996 2699.995 2699.996 2699.995 2709.996 2709.995 2709.996 2709.995
2699.995 2699.994 2699.995 2699.994 2709.995 2709.994 2709.995 2709.994
2699.994 2699.992 2699.994 2699.992 2709.994 2709.992 2709.994 2709.992
2699.992 2699.994 2699.992 2699.994 2709.992 2709.994 2709.992 2709.994
2699.994 2699.995 2699.994 2699.995 2709.994 2709.995 2709.994 2709.995
2699.995 2699.996 2699.995 2699.996 2709.995 2709.996 2709.995 2709.996
2699.996 2699.997 2699.996 2699.997 2709.996 2709.997 2709.996 2709.997
2699.997 2699.998 2699.997 2699.998 2709.997 2709.998 2709.997 2709.998
2699.998 2699.998 2699.998 2699.998 2709.998 2709.998 2709.998 2709.998
2699.998 2699.999 2699.998 2699.999 2709.998 2709.999 2709.998 2709.999
2699.999 2699.999 2699.999 2699.999 2709.999 2709.999 2709.999 2709.999
2699.999 2700.000 2699.999 2700.000 2709.999 2710.000 2709.999 2710.000
2700.000 2700.000 2700.000 2700.000 2710.000 2710.000 2710.000 2710.000
2700.000 2700.000 2700.000 2700.000 2710.000 2710.000 2710.000 2710.000
2700.000 2699.999 2700.000 2699.999 2710.000 2709.999 2710.000 2709.999
2699.999 2699.999 2699.999 2699.999 2709.999 2709.999 2709.999 2709.999
2699.999 2699.998 2699.999 2699.998 2709.999 2709.998 2709.999 2709.998
2699.998 2699.998 2699.998 2699.998 2709.998 2709.998 2709.998 2709.998
2699.998 2699.997 2699.998 2699.997 2709.998 2709.997 2709.998 2709.997
2699.997 2699.996 2699.997 2699.996 2709.997 2709.996 2709.997 2709.996
2699.996 2699.995 2699.996 2699.995 2709.996 2709.995 2709.996 2709.995
2699.995 2699.994 2699.995 2699.994 2709.995 2709.994 2709.995 2709.994
2699.994 2699.992 2699.994 2699.992 2709.994 2709.992 2709.994 2709.992
2699.992 2699.994 2699.992 2699.993 2709.992 2709.994 2709.992 2709.993
2699.994 2699.995 2699.993 2699.995 2709.994 2709.995 2709.993 2709.995
2699.995 2699.996 2699.995 2699.996 2709.995 2709.996 2709.995 2709.996
2699.996 2699.997 2699.996 2699.997 2709.996 2709.997 2709.996 2709.997
2699.997 2699.998 2699.997 2699.998 2709.997 2709.998 2709.997 2709.998
2699.998 2699.998 2699.998 2699.998 2709.998 2709.998 2709.998 2709.998
2699.998 2699.999 2699.998 2699.999 2709.998 2709.999 2709.998 2709.999
2699.999 2699.999 2699.999 2699.999 2709.999 2709.999 2709.999 2709.999
2699.999 2700.000 2699.999 2699.999 2709.999 2710.000 2709.999 2709.999
2700.000 2700.000 2699.999 2700.000 2710.000 2710.000 2709.999 2710.000
2700.000 2700.000 2700.000 2699.999 2710.000 2710.000 2710.000 2709.999
2700.000 2699.999 2699.999 2699.999 2710.000 2709.999 2709.999 2709.999
2699.999 2699.999 2699.999 2699.999 2709.999 2709.999 2709.999 2709.999
2699.999 2699.998 2699.999 2699.998 2709.999 2709.998 2709.999 2709.998
2699.998 2699.998 2699.998 2699.998 2709.998 2709.998 2709.998 2709.998
2699.998 2699.997 2699.998 2699.997 2709.998 2709.997 2709.998 2709.997
2699.997 2699.996 2699.997 2699.996 2709.997 2709.996 2709.997 2709.996
2699.996 2699.995 2699.996 2699.995 2709.996 2709.995 2709.996 2709.995
2699.995 2699.994 2699.995 2699.993 2709.995 2709.994 2709.995 2709.993
2699.994 2699.992 2699.993 2699.992 2709.994 2709.992 2709.993 2709.992
2699.992 2699.993 2699.992 2699.993 2709.992 2709.993 2709.992 2709.993
2699.993 2699.995 2699.993 2699.995 2709.993 2709.995 2709.993 2709.995
2699.995 2699.996 2699.995 2699.996 2709.995 2709.996 2709.995 2709.996
2699.996 2699.997 2699.996 2699.997 2709.996 2709.997 2709.996 2709.997
2699.997 2699.998 2699.997 2699.998 2709.997 2709.998 2709.997 2709.998
2699.998 2699.998 2699.998 2699.998 2709.998 2709.998 2709.998 2709.998
2699.998 2699.999 2699.998 2699.999 2709.998 2709.999 2709.998 2709.999
2699.999 2699.999 2699.999 2699.999 2709.999 2709.999 2709.999 2709.999
2699.999 2699.999 2699.999 2699.999 2709.999 2709.999 2709.999 2709.999
2699.999 2700.000 2699.999 2700.000 2709.999 2710.000 2709.999 2710.000
2700.000 2699.999 2700.000 2699.999 2710.000 2709.999 2710.000 2709.999
2699.999 2699.999 2699.999 2699.999 2709.999 2709.999 2709.999 2709.999
2699.999 2699.999 2699.999 2699.999 2709.999 2709.999 2709.999 2709.999
2699.999 2699.998 2699.999 2699.998 2709.999 2709.998 2709.999 2709.998
2699.998 2699.998 2699.998 2699.998 2709.998 2709.998 2709.998 2709.998
2699.998 2699.997 2699.998 2699.997 2709.998 2709.997 2709.998 2709.997
2699.997 2699.996 2699.997 2699.996 2709.997 2709.996 2709.997 2709.996
2699.996 2699.995 2699.996 2699.995 2709.996 2709.995 2709.996 2709.995
2699.995 2699.993 2699.995 2699.993 2709.995 2709.993 2709.995 2709.993
2699.993 2699.992 2699.993 2699.992 2709.993 2709.992 2709.993 2709.992
2709.992 2709.993 2709.992 2709.993 2719.992 2719.993 2719.992 2719.993
2709.993 2709.995 2709.993 2709.995 2719.993 2719.995 2719.993 2719.995
2709.995 2709.996 2709.995 2709.996 2719.995 2719.996 2719.995 2719.996
2709.996 2709.997 2709.996 2709.997 2719.996 2719.997 2719.996 2719.997
2709.997 2709.998 2709.997 2709.998 2719.997 2719.998 2719.997 2719.998
2709.998 2709.998 2709.998 2709.998 2719.998 2719.998 2719.998 2719.998
2709.998 2709.999 2709.998 2709.999 2719.998 2719.999 2719.998 2719.999
2709.999 2709.999 2709.999 2709.999 2719.999 2719.999 2719.999 2719.999
2709.999 2709.999 2709.999 2709.999 2719.999 2719.999 2719.999 2719.999
2709.999 2710.000 2709.999 2710.000 2719.999 2720.000 2719.999 2720.000
2710.000 2709.999 2710.000 2709.999 2720.000 2719.999 2720.000 2719.999
2709.999 2709.999 2709.999 2709.999 2719.999 2719.999 2719.999 2719.999
2709.999 2709.999 2709.999 2709.999 2719.999 2719.999 2719.999 2719.999
2709.999 2709.998 2709.999 2709.998 2719.999 2719.998 2719.999 2719.998
2709.998 2709.998 2709.998 2709.998 2719.998 2719.998 2719.998 2719.998
2709.998 2709.997 2709.998 2709.997 2719.998 2719.997 2719.998 2719.997
2709.997 2709.996 2709.997 2709.996 2719.997 2719.996 2719.997 2719.996
2709.996 2709.995 2709.996 2709.995 2719.996 2719.995 2719.996 2719.995
2709.995 2709.993 2709.995 2709.993 2719.995 2719.993 2719.995 2719.993
2709.993 2709.992 2709.993 2709.992 2719.993 2719.992 2719.993 2719.992
2709.992 2709.993 2709.992 2709.994 2719.992 2719.993 2719.992 2719.994
2709.993 2709.995 2709.994 2709.995 2719.993 2719.995 2719.994 2719.995
2709.995 2709.996 2709.995 2709.996 2719.995 2719.996 2719.995 2719.996
2709.996 2709.997 2709.996 2709.997 2719.996 2719.997 2719.996 2719.997
2709.997 2709.998 2709.997 2709.998 2719.997 2719.998 2719.997 2719.998
2709.998 2709.998 2709.998 2709.998 2719.998 2719.998 2719.998 2719.998
2709.998 2709.999 2709.998 2709.999 2719.998 2719.999 2719.998 2719.999
2709.999 2709.999 2709.999 2709.999 2719.999 2719.999 2719.999 2719.999
2709.999 2709.999 2709.999 2710.000 2719.999 2719.999 2719.999 2720.000
2709.999 2710.000 2710.000 2710.000 2719.999 2720.000 2720.000 2720.000
2710.000 2709.999 2710.000 2710.000 2720.000 2719.999 2720.000 2720.000
2709.999 2709.999 2710.000 2709.999 2719.999 2719.999 2720.000 2719.999
2709.999 2709.999 2709.999 2709.999 2719.999 2719.999 2719.999 2719.999
2709.999 2709.998 2709.999 2709.998 2719.999 2719.998 2719.999 2719.998
2709.998 2709.998 2709.998 2709.998 2719.998 2719.998 2719.998 2719.998
2709.998 2709.997 2709.998 2709.997 2719.998 2719.997 2719.998 2719.997
2709.997 2709.996 2709.997 2709.996 2719.997 2719.996 2719.997 2719.996
2709.996 2709.995 2709.996 2709.995 2719.996 2719.995 2719.996 2719.995
2709.995 2709.993 2709.995 2709.994 2719.995 2719.993 2719.995 2719.994
2709.993 2709.992 2709.994 2709.992 2719.993 2719.992 2719.994 2719.992
2709.992 2709.994 2709.992 2709.994 2719.992 2719.994 2719.992 2719.994
2709.994 2709.995 2709.994 2709.995 2719.994 2719.995 2719.994 2719.995
2709.995 2709.996 2709.995 2709.996 2719.995 2719.996 2719.995 2719.996
2709.996 2709.997 2709.996 2709.997 2719.996 2719.997 2719.996 2719.997
2709.997 2709.998 2709.997 2709.998 2719.997 2719.998 2719.997 2719.998
2709.998 2709.998 2709.998 2709.998 2719.998 2719.998 2719.998 2719.998
2709.998 2709.999 2709.998 2709.999 2719.998 2719.999 2719.998 2719.999
2709.999 2709.999 2709.999 2709.999 2719.999 2719.999 2719.999 2719.999
2709.999 2710.000 2709.999 2710.000 2719.999 2720.000 2719.999 2720.000
2710.000 2710.000 2710.000 2710.000 2720.000 2720.000 2720.000 2720.000
2710.000 2710.000 2710.000 2710.000 2720.000 2720.000 2720.000 2720.000
2710.000 2709.999 2710.000 2709.999 2720.000 2719.999 2720.000 2719.999
2709.999 2709.999 2709.999 2709.999 2719.999 2719.999 2719.999 2719.999
2709.999 2709.998 2709.999 2709.998 2719.999 2719.998 2719.999 2719.998
2709.998 2709.998 2709.998 2709.998 2719.998 2719.998 2719.998 2719.998
2709.998 2709.997 2709.998 2709.997 2719.998 2719.997 2719.998 2719.997
2709.997 2709.996 2709.997 2709.996 2719.997 2719.996 2719.997 2719.996
2709.996 2709.995 2709.996 2709.995 2719.996 2719.995 2719.996 2719.995
2709.995 2709.994 2709.995 2709.994 2719.995 2719.994 2719.995 2719.994
2709.994 2709.992 2709.994 2709.992 2719.994 2719.992 2719.994 2719.992
2709.992 2709.994 2709.992 2709.994 2719.992 2719.994 2719.992 2719.994
2709.994 2709.995 2709.994 2709.995 2719.994 2719.995 2719.994 2719.995
2709.995 2709.996 2709.995 2709.996 2719.995 2719.996 2719.995 2719.996
2709.996 2709.997 2709.996 2709.997 2719.996 2719.997 2719.996 2719.997
2709.997 2709.998 2709.997 2709.998 2719.997 2719.998 2719.997 2719.998
2709.998 2709.998 2709.998 2709.998 2719.998 2719.998 2719.998 2719.998
2709.998 2709.999 2709.998 2709.999 2719.998 2719.999 2719.998 2719.999
2709.999 2709.999 2709.999 2709.999 2719.999 2719.999 2719.999 2719.999
2709.999 2710.000 2709.999 2710.000 2719.999 2720.000 2719.999 2720.000
2710.000 2710.000 2710.000 2710.000 2720.000 2720.000 2720.000 2720.000
2710.000 2710.000 2710.000 2710.000 2720.000 2720.000 2720.000 2720.000
2710.000 2709.999 2710.000 2709.999 2720.000 2719.999 2720.000 2719.999
2709.999 2709.999 2709.999 2709.999 2719.999 2719.999 2719.999 2719.999
2709.999 2709.998 2709.999 2709.998 2719.999 2719.998 2719.999 2719.998
2709.998 2709.998 2709.998 2709.998 2719.998 2719.998 2719.998 2719.998
2709.998 2709.997 2709.998 2709.997 2719.998 2719.997 2719.998 2719.997
2709.997 2709.996 2709.997 2709.996 2719.997 2719.996 2719.997 2719.996
2709.996 2709.995 2709.996 2709.995 2719.996 2719.995 2719.996 2719.995
2709.995 2709.994 2709.995 2709.994 2719.995 2719.994 2719.995 2719.994
2709.994 2709.992 2709.994 2709.992 2719.994 2719.992 2719.994 2719.992
2709.992 2709.994 2709.992 2709.994 2719.992 2719.994 2719.992 2719.994
2709.994 2709.995 2709.994 2709.995 2719.994 2719.995 2719.994 2719.995
2709.995 2709.996 2709.995 2709.996 2719.995 2719.996 2719.995 2719.996
2709.996 2709.997 2709.996 2709.997 2719.996 2719.997 2719.996 2719.997
2709.997 2709.998 2709.997 2709.998 2719.997 2719.998 2719.997 2719.998
2709.998 2709.998 2709.998 2709.998 2719.998 2719.998 2719.998 2719.998
2709.998 2709.999 2709.998 2709.999 2719.998 2719.999 2719.998 2719.999
2709.999 2709.999 2709.999 2709.999 2719.999 2719.999 2719.999 2719.999
2709.999 2710.000 2709.999 2710.000 2719.999 2720.000 2719.999 2720.000
2710.000 2710.000 2710.000 2710.000 2720.000 2720.000 2720.000 2720.000
2710.000 2710.000 2710.000 2710.000 2720.000 2720.000 2720.000 2720.000
2710.000 2709.999 2710.000 2709.999 2720.000 2719.999 2720.000 2719.999
2709.999 2709.999 2709.999 2709.999 2719.999 2719.999 2719.999 2719.999
2709.999 2709.998 2709.999 2709.998 2719.999 2719.998 2719.999 2719.998
2709.998 2709.998 2709.998 2709.998 2719.998 2719.998 2719.998 2719.998
2709.998 2709.997 2709.998 2709.997 2719.998 2719.997 2719.998 2719.997
2709.997 2709.996 2709.997 2709.996 2719.997 2719.996 2719.997 2719.996
2709.996 2709.995 2709.996 2709.995 2719.996 2719.995 2719.996 2719.995
2709.995 2709.994 2709.995 2709.994 2719.995 2719.994 2719.995 2719.994
2709.994 2709.992 2709.994 2709.992 2719.994 2719.992 2719.994 2719.992
2709.992 2709.994 2709.992 2709.994 2719.992 2719.994 2719.992 2719.994
2709.994 2709.995 2709.994 2709.995 2719.994 2719.995 2719.994 2719.995
2709.995 2709.996 2709.995 2709.996 2719.995 2719.996 2719.995 2719.996
2709.996 2709.997 2709.996 2709.997 2719.996 2719.997 2719.996 2719.997
2709.997 2709.998 2709.997 2709.998 2719.997 2719.998 2719.997 2719.998
2709.998 2709.998 2709.998 2709.999 2719.998 2719.998 2719.998 2719.999
2709.998 2709.999 2709.999 2709.999 2719.998 2719.999 2719.999 2719.999
2709.999 2709.999 2709.999 2709.999 2719.999 2719.999 2719.999 2719.999
2709.999 2710.000 2709.999 2710.000 2719.999 2720.000 2719.999 2720.000
2710.000 2710.000 2710.000 2710.000 2720.000 2720.000 2720.000 2720.000
2710.000 2710.000 2710.000 2710.000 2720.000 2720.000 2720.000 2720.000
2710.000 2709.999 2710.000 2709.999 2720.000 2719.999 2720.000 2719.999
2709.999 2709.999 2709.999 2709.999 2719.999 2719.999 2719.999 2719.999
2709.999 2709.998 2709.999 2709.999 2719.999 2719.998 2719.999 2719.999
2709.998 2709.998 2709.999 2709.998 2719.998 2719.998 2719.999 2719.998
2709.998 2709.997 2709.998 2709.997 2719.998 2719.997 2719.998 2719.997
2709.997 2709.996 2709.997 2709.996 2719.997 2719.996 2719.997 2719.996
2709.996 2709.995 2709.996 2709.995 2719.996 2719.995 2719.996 2719.995
2709.995 2709.994 2709.995 2709.994 2719.995 2719.994 2719.995 2719.994
2709.994 2709.992 2709.994 2709.992 2719.994 2719.992 2719.994 2719.992
2709.992 2709.994 2709.992 2709.994 2719.992 2719.994 2719.992 2719.994
2709.994 2709.995 2709.994 2709.995 2719.994 2719.995 2719.994 2719.995
2709.995 2709.996 2709.995 2709.996 2719.995 2719.996 2719.995 2719.996
2709.996 2709.997 2709.996 2709.997 2719.996 2719.997 2719.996 2719.997
2709.997 2709.998 2709.997 2709.998 2719.997 2719.998 2719.997 2719.998
2709.998 2709.999 2709.998 2709.999 2719.998 2719.999 2719.998 2719.999
2709.999 2709.999 2709.999 2709.999 2719.999 2719.999 2719.999 2719.999
2709.999 2709.999 2709.999 2709.999 2719.999 2719.999 2719.999 2719.999
2709.999 2710.000 2709.999 2710.000 2719.999 2720.000 2719.999 2720.000
2710.000 2710.000 2710.000 2710.000 2720.000 2720.000 2720.000 2720.000
2710.000 2710.000 2710.000 2710.000 2720.000 2720.000 2720.000 2720.000
2710.000 2709.999 2710.000 2709.999 2720.000 2719.999 2720.000 2719.999
2709.999 2709.999 2709.999 2709.999 2719.999 2719.999 2719.999 2719.999
2709.999 2709.999 2709.999 2709.999 2719.999 2719.999 2719.999 2719.999
2709.999 2709.998 2709.999 2709.998 2719.999 2719.998 2719.999 2719.998
2709.998 2709.997 2709.998 2709.997 2719.998 2719.997 2719.998 2719.997
2709.997 2709.996 2709.997 2709.996 2719.997 2719.996 2719.997 2719.996
2709.996 2709.995 2709.996 2709.995 2719.996 2719.995 2719.996 2719.995
2709.995 2709.994 2709.995 2709.994 2719.995 2719.994 2719.995 2719.994
2709.994 2709.992 2709.994 2709.992 2719.994 2719.992 2719.994 2719.992
2709.992 2709.994 2709.992 2709.994 2719.992 2719.994 2719.992 2719.994
2709.994 2709.995 2709.994 2709.995 2719.994 2719.995 2719.994 2719.995
2709.995 2709.996 2709.995 2709.996 2719.995 2719.996 2719.995 2719.996
2709.996 2709.997 2709.996 2709.997 2719.996 2719.997 2719.996 2719.997
2709.997 2709.998 2709.997 2709.998 2719.997 2719.998 2719.997 2719.998
2709.998 2709.999 2709.998 2709.999 2719.998 2719.999 2719.998 2719.999
2709.999 2709.999 2709.999 2709.999 2719.999 2719.999 2719.999 2719.999
2709.999 2709.999 2709.999 2709.999 2719.999 2719.999 2719.999 2719.999
2709.999 2710.000 2709.999 2710.000 2719.999 2720.000 2719.999 2720.000
2710.000 2710.000 2710.000 2710.000 2720.000 2720.000 2720.000 2720.000
2710.000 2710.000 2710.000 2710.000 2720.000 2720.000 2720.000 2720.000
2710.000 2709.999 2710.000 2709.999 2720.000 2719.999 2720.000 2719.999
2709.999 2709.999 2709.999 2709.999 2719.999 2719.999 2719.999 2719.999
2709.999 2709.999 2709.999 2709.999 2719.999 2719.999 2719.999 2719.999
2709.999 2709.998 2709.999 2709.998 2719.999 2719.998 2719.999 2719.998
2709.998 2709.997 2709.998 2709.997 2719.998 2719.997 2719.998 2719.997
2709.997 2709.996 2709.997 2709.996 2719.997 2719.996 2719.997 2719.996
2709.996 2709.995 2709.996 2709.995 2719.996 2719.995 2719.996 2719.995
2709.995 2709.994 2709.995 2709.994 2719.995 2719.994 2719.995 2719.994
2709.994 2709.992 2709.994 2709.992 2719.994 2719.992 2719.994 2719.992
2709.992 2709.994 2709.992 2709.994 2719.992 2719.994 2719.992 2719.994
2709.994 2709.995 2709.994 2709.995 2719.994 2719.995 2719.994 2719.995
2709.995 2709.996 2709.995 2709.996 2719.995 2719.996 2719.995 2719.996
2709.996 2709.997 2709.996 2709.997 2719.996 2719.997 2719.996 2719.997
2709.997 2709.998 2709.997 2709.998 2719.997 2719.998 2719.997 2719.998
2709.998 2709.999 2709.998 2709.999 2719.998 2719.999 2719.998 2719.999
2709.999 2709.999 2709.999 2709.999 2719.999 2719.999 2719.999 2719.999
2709.999 2709.999 2709.999 2710.000 2719.999 2719.999 2719.999 2720.000
2709.999 2710.000 2710.000 2710.000 2719.999 2720.000 2720.000 2720.000
2710.000 2710.000 2710.000 2710.000 2720.000 2720.000 2720.000 2720.000
2710.000 2710.000 2710.000 2710.000 2720.000 2720.000 2720.000 2720.000
2710.000 2709.999 2710.000 2710.000 2720.000 2719.999 2720.000 2720.000
2709.999 2709.999 2710.000 2709.999 2719.999 2719.999 2720.000 2719.999
2709.999 2709.999 2709.999 2709.999 2719.999 2719.999 2719.999 2719.999
2709.999 2709.998 2709.999 2709.998 2719.999 2719.998 2719.999 2719.998
2709.998 2709.997 2709.998 2709.997 2719.998 2719.997 2719.998 2719.997
2709.997 2709.996 2709.997 2709.996 2719.997 2719.996 2719.997 2719.996
2709.996 2709.995 2709.996 2709.995 2719.996 2719.995 2719.996 2719.995
2709.995 2709.994 2709.995 2709.994 2719.995 2719.994 2719.995 2719.994
2709.994 2709.992 2709.994 2709.992 2719.994 2719.992 2719.994 2719.992
2709.992 2709.994 2709.992 2709.994 2719.992 2719.994 2719.992 2719.994
2709.994 2709.995 2709.994 2709.995 2719.994 2719.995 2719.994 2719.995
2709.995 2709.996 2709.995 2709.996 2719.995 2719.996 2719.995 2719.996
2709.996 2709.997 2709.996 2709.997 2719.996 2719.997 2719.996 2719.997
2709.997 2709.998 2709.997 2709.998 2719.997 2719.998 2719.997 2719.998
2709.998 2709.999 2709.998 2709.999 2719.998 2719.999 2719.998 2719.999
2709.999 2709.999 2709.999 2709.999 2719.999 2719.999 2719.999 2719.999
2709.999 2710.000 2709.999 2710.000 2719.999 2720.000 2719.999 2720.000
2710.000 2710.000 2710.000 2710.000 2720.000 2720.000 2720.000 2720.000
2710.000 2710.000 2710.000 2710.000 2720.000 2720.000 2720.000 2720.000
2710.000 2710.000 2710.000 2710.000 2720.000 2720.000 2720.000 2720.000
2710.000 2710.000 2710.000 2710.000 2720.000 2720.000 2720.000 2720.000
2710.000 2709.999 2710.000 2709.999 2720.000 2719.999 2720.000 2719.999
2709.999 2709.999 2709.999 2709.999 2719.999 2719.999 2719.999 2719.999
2709.999 2709.998 2709.999 2709.998 2719.999 2719.998 2719.999 2719.998
2709.998 2709.997 2709.998 2709.997 2719.998 2719.997 2719.998 2719.997
2709.997 2709.996 2709.997 2709.996 2719.997 2719.996 2719.997 2719.996
2709.996 2709.995 2709.996 2709.995 2719.996 2719.995 2719.996 2719.995
2709.995 2709.994 2709.995 2709.994 2719.995 2719.994 2719.995 2719.994
2709.994 2709.992 2709.994 2709.992 2719.994 2719.992 2719.994 2719.992
2709.992 2709.994 2709.992 2709.994 2719.992 2719.994 2719.992 2719.994
2709.994 2709.995 2709.994 2709.995 2719.994 2719.995 2719.994 2719.995
2709.995 2709.996 2709.995 2709.996 2719.995 2719.996 2719.995 2719.996
2709.996 2709.997 2709.996 2709.997 2719.996 2719.997 2719.996 2719.997
2709.997 2709.998 2709.997 2709.998 2719.997 2719.998 2719.997 2719.998
2709.998 2709.999 2709.998 2709.999 2719.998 2719.999 2719.998 2719.999
2709.999 2709.999 2709.999 2709.999 2719.999 2719.999 2719.999 2719.999
2709.999 2710.000 2709.999 2710.000 2719.999 2720.000 2719.999 2720.000
2710.000 2710.000 2710.000 2710.000 2720.000 2720.000 2720.000 2720.000
2710.000 2710.000 2710.000 2710.000 2720.000 2720.000 2720.000 2720.000
2710.000 2710.000 2710.000 2710.000 2720.000 2720.000 2720.000 2720.000
2710.000 2710.000 2710.000 2710.000 2720.000 2720.000 2720.000 2720.000
2710.000 2709.999 2710.000 2709.999 2720.000 2719.999 2720.000 2719.999
2709.999 2709.999 2709.999 2709.999 2719.999 2719.999 2719.999 2719.999
2709.999 2709.998 2709.999 2709.998 2719.999 2719.998 2719.999 2719.998
2709.998 2709.997 2709.998 2709.997 2719.998 2719.997 2719.998 2719.997
2709.997 2709.996 2709.997 2709.996 2719.997 2719.996 2719.997 2719.996
2709.996 2709.995 2709.996 2709.995 2719.996 2719.995 2719.996 2719.995
2709.995 2709.994 2709.995 2709.994 2719.995 2719.994 2719.995 2719.994
2709.994 2709.992 2709.994 2709.992 2719.994 2719.992 2719.994 2719.992
2709.992 2709.994 2709.992 2709.994 2719.992 2719.994 2719.992 2719.994
2709.994 2709.995 2709.994 2709.995 2719.994 2719.995 2719.994 2719.995
2709.995 2709.996 2709.995 2709.996 2719.995 2719.996 2719.995 2719.996
2709.996 2709.997 2709.996 2709.997 2719.996 2719.997 2719.996 2719.997
2709.997 2709.998 2709.997 2709.998 2719.997 2719.998 2719.997 2719.998
2709.998 2709.999 2709.998 2709.999 2719.998 2719.999 2719.998 2719.999
2709.999 2709.999 2709.999 2709.999 2719.999 2719.999 2719.999 2719.999
2709.999 2710.000 2709.999 2710.000 2719.999 2720.000 2719.999 2720.000
2710.000 2710.000 2710.000 2710.000 2720.000 2720.000 2720.000 2720.000
2710.000 2710.000 2710.000 2710.000 2720.000 2720.000 2720.000 2720.000
2710.000 2710.000 2710.000 2710.000 2720.000 2720.000 2720.000 2720.000
2710.000 2710.000 2710.000 2710.000 2720.000 2720.000 2720.000 2720.000
2710.000 2709.999 2710.000 2709.999 2720.000 2719.999 2720.000 2719.999
2709.999 2709.999 2709.999 2709.999 2719.999 2719.999 2719.999 2719.999
2709.999 2709.998 2709.999 2709.998 2719.999 2719.998 2719.999 2719.998
2709.998 2709.997 2709.998 2709.997 2719.998 2719.997 2719.998 2719.997
2709.997 2709.996 2709.997 2709.996 2719.997 2719.996 2719.997 2719.996
2709.996 2709.995 2709.996 2709.995 2719.996 2719.995 2719.996 2719.995
2709.995 2709.994 2709.995 2709.994 2719.995 2719.994 2719.995 2719.994
2709.994 2709.992 2709.994 2709.992 2719.994 2719.992 2719.994 2719.992
2709.992 2709.994 2709.992 2709.994 2719.992 2719.994 2719.992 2719.994
2709.994 2709.995 2709.994 2709.995 2719.994 2719.995 2719.994 2719.995
2709.995 2709.996 2709.995 2709.996 2719.995 2719.996 2719.995 2719.996
2709.996 2709.997 2709.996 2709.997 2719.996 2719.997 2719.996 2719.997
2709.997 2709.998 2709.997 2709.998 2719.997 2719.998 2719.997 2719.998
2709.998 2709.999 2709.998 2709.999 2719.998 2719.999 2719.998 2719.999
2709.999 2709.999 2709.999 2709.999 2719.999 2719.999 2719.999 2719.999
2709.999 2710.000 2709.999 2710.000 2719.999 2720.000 2719.999 2720.000
2710.000 2710.000 2710.000 2710.000 2720.000 2720.000 2720.000 2720.000
2710.000 2710.000 2710.000 2710.000 2720.000 2720.000 2720.000 2720.000
2710.000 2710.000 2710.000 2710.000 2720.000 2720.000 2720.000 2720.000
2710.000 2710.000 2710.000 2710.000 2720.000 2720.000 2720.000 2720.000
2710.000 2709.999 2710.000 2709.999 2720.000 2719.999 2720.000 2719.999
2709.999 2709.999 2709.999 2709.999 2719.999 2719.999 2719.999 2719.999
2709.999 2709.998 2709.999 2709.998 2719.999 2719.998 2719.999 2719.998
2709.998 2709.997 2709.998 2709.997 2719.998 2719.997 2719.998 2719.997
2709.997 2709.996 2709.997 2709.996 2719.997 2719.996 2719.997 2719.996
2709.996 2709.995 2709.996 2709.995 2719.996 2719.995 2719.996 2719.995
2709.995 2709.994 2709.995 2709.994 2719.995 2719.994 2719.995 2719.994
2709.994 2709.992 2709.994 2709.992 2719.994 2719.992 2719.994 2719.992
2709.992 2709.994 2709.992 2709.994 2719.992 2719.994 2719.992 2719.994
2709.994 2709.995 2709.994 2709.995 2719.994 2719.995 2719.994 2719.995
2709.995 2709.996 2709.995 2709.996 2719.995 2719.996 2719.995 2719.996
2709.996 2709.997 2709.996 2709.997 2719.996 2719.997 2719.996 2719.997
2709.997 2709.998 2709.997 2709.998 2719.997 2719.998 2719.997 2719.998
2709.998 2709.999 2709.998 2709.999 2719.998 2719.999 2719.998 2719.999
2709.999 2709.999 2709.999 2709.999 2719.999 2719.999 2719.999 2719.999
2709.999 2710.000 2709.999 2710.000 2719.999 2720.000 2719.999 2720.000
2710.000 2710.000 2710.000 2710.000 2720.000 2720.000 2720.000 2720.000
2710.000 2710.000 2710.000 2710.000 2720.000 2720.000 2720.000 2720.000
2710.000 2710.000 2710.000 2710.000 2720.000 2720.000 2720.000 2720.000
2710.000 2710.000 2710.000 2710.000 2720.000 2720.000 2720.000 2720.000
2710.000 2709.999 2710.000 2709.999 2720.000 2719.999 2720.000 2719.999
2709.999 2709.999 2709.999 2709.999 2719.999 2719.999 2719.999 2719.999
2709.999 2709.998 2709.999 2709.998 2719.999 2719.998 2719.999 2719.998
2709.998 2709.997 2709.998 2709.997 2719.998 2719.997 2719.998 2719.997
2709.997 2709.996 2709.997 2709.996 2719.997 2719.996 2719.997 2719.996
2709.996 2709.995 2709.996 2709.995 2719.996 2719.995 2719.996 2719.995
2709.995 2709.994 2709.995 2709.994 2719.995 2719.994 2719.995 2719.994
2709.994 2709.992 2709.994 2709.992 2719.994 2719.992 2719.994 2719.992
2709.992 2709.994 2709.992 2709.994 2719.992 2719.994 2719.992 2719.994
2709.994 2709.995 2709.994 2709.995 2719.994 2719.995 2719.994 2719.995
2709.995 2709.996 2709.995 2709.996 2719.995 2719.996 2719.995 2719.996
2709.996 2709.997 2709.996 2709.997 2719.996 2719.997 2719.996 2719.997
2709.997 2709.998 2709.997 2709.998 2719.997 2719.998 2719.997 2719.998
2709.998 2709.999 2709.998 2709.999 2719.998 2719.999 2719.998 2719.999
2709.999 2709.999 2709.999 2709.999 2719.999 2719.999 2719.999 2719.999
2709.999 2710.000 2709.999 2710.000 2719.999 2720.000 2719.999 2720.000
2710.000 2710.000 2710.000 2710.000 2720.000 2720.000 2720.000 2720.000
2710.000 2710.000 2710.000 2710.000 2720.000 2720.000 2720.000 2720.000
2710.000 2710.000 2710.000 2710.000 2720.000 2720.000 2720.000 2720.000
2710.000 2710.000 2710.000 2710.000 2720.000 2720.000 2720.000 2720.000
2710.000 2709.999 2710.000 2709.999 2720.000 2719.999 2720.000 2719.999
2709.999 2709.999 2709.999 2709.999 2719.999 2719.999 2719.999 2719.999
2709.999 2709.998 2709.999 2709.998 2719.999 2719.998 2719.999 2719.998
2709.998 2709.997 2709.998 2709.997 2719.998 2719.997 2719.998 2719.997
2709.997 2709.996 2709.997 2709.996 2719.997 2719.996 2719.997 2719.996
2709.996 2709.995 2709.996 2709.995 2719.996 2719.995 2719.996 2719.995
2709.995 2709.994 2709.995 2709.994 2719.995 2719.994 2719.995 2719.994
2709.994 2709.992 2709.994 2709.992 2719.994 2719.992 2719.994 2719.992
2709.992 2709.994 2709.992 2709.994 2719.992 2719.994 2719.992 2719.994
2709.994 2709.995 2709.994 2709.995 2719.994 2719.995 2719.994 2719.995
2709.995 2709.996 2709.995 2709.996 2719.995 2719.996 2719.995 2719.996
2709.996 2709.997 2709.996 2709.997 2719.996 2719.997 2719.996 2719.997
2709.997 2709.998 2709.997 2709.998 2719.997 2719.998 2719.997 2719.998
2709.998 2709.999 2709.998 2709.999 2719.998 2719.999 2719.998 2719.999
2709.999 2709.999 2709.999 2709.999 2719.999 2719.999 2719.999 2719.999
2709.999 2710.000 2709.999 2710.000 2719.999 2720.000 2719.999 2720.000
2710.000 2710.000 2710.000 2710.000 2720.000 2720.000 2720.000 2720.000
2710.000 2710.000 2710.000 2710.000 2720.000 2720.000 2720.000 2720.000
2710.000 2710.000 2710.000 2710.000 2720.000 2720.000 2720.000 2720.000
2710.000 2710.000 2710.000 2710.000 2720.000 2720.000 2720.000 2720.000
2710.000 2709.999 2710.000 2709.999 2720.000 2719.999 2720.000 2719.999
2709.999 2709.999 2709.999 2709.999 2719.999 2719.999 2719.999 2719.999
2709.999 2709.998 2709.999 2709.998 2719.999 2719.998 2719.999 2719.998
2709.998 2709.997 2709.998 2709.997 2719.998 2719.997 2719.998 2719.997
2709.997 2709.996 2709.997 2709.996 2719.997 2719.996 2719.997 2719.996
2709.996 2709.995 2709.996 2709.995 2719.996 2719.995 2719.996 2719.995
2709.995 2709.994 2709.995 2709.994 2719.995 2719.994 2719.995 2719.994
2709.994 2709.992 2709.994 2709.992 2719.994 2719.992 2719.994 2719.992
2709.992 2709.994 2709.992 2709.994 2719.992 2719.994 2719.992 2719.994
2709.994 2709.995 2709.994 2709.995 2719.994 2719.995 2719.994 2719.995
2709.995 2709.996 2709.995 2709.996 2719.995 2719.996 2719.995 2719.996
2709.996 2709.997 2709.996 2709.997 2719.996 2719.997 2719.996 2719.997
2709.997 2709.998 2709.997 2709.998 2719.997 2719.998 2719.997 2719.998
2709.998 2709.999 2709.998 2709.999 2719.998 2719.999 2719.998 2719.999
2709.999 2709.999 2709.999 2709.999 2719.999 2719.999 2719.999 2719.999
2709.999 2710.000 2709.999 2710.000 2719.999 2720.000 2719.999 2720.000
2710.000 2710.000 2710.000 2710.000 2720.000 2720.000 2720.000 2720.000
2710.000 2710.000 2710.000 2710.000 2720.000 2720.000 2720.000 2720.000
2710.000 2710.000 2710.000 2710.000 2720.000 2720.000 2720.000 2720.000
2710.000 2710.000 2710.000 2710.000 2720.000 2720.000 2720.000 2720.000
2710.000 2709.999 2710.000 2709.999 2720.000 2719.999 2720.000 2719.999
2709.999 2709.999 2709.999 2709.999 2719.999 2719.999 2719.999 2719.999
2709.999 2709.998 2709.999 2709.998 2719.999 2719.998 2719.999 2719.998
2709.998 2709.997 2709.998 2709.997 2719.998 2719.997 2719.998 2719.997
2709.997 2709.996 2709.997 2709.996 2719.997 2719.996 2719.997 2719.996
2709.996 2709.995 2709.996 2709.995 2719.996 2719.995 2719.996 2719.995
2709.995 2709.994 2709.995 2709.994 2719.995 2719.994 2719.995 2719.994
2709.994 2709.992 2709.994 2709.992 2719.994 2719.992 2719.994 2719.992
2709.992 2709.994 2709.992 2709.994 2719.992 2719.994 2719.992 2719.994
2709.994 2709.995 2709.994 2709.995 2719.994 2719.995 2719.994 2719.995
2709.995 2709.996 2709.995 2709.996 2719.995 2719.996 2719.995 2719.996
2709.996 2709.997 2709.996 2709.997 2719.996 2719.997 2719.996 2719.997
2709.997 2709.998 2709.997 2709.998 2719.997 2719.998 2719.997 2719.998
2709.998 2709.999 2709.998 2709.999 2719.998 2719.999 2719.998 2719.999
2709.999 2709.999 2709.999 2709.999 2719.999 2719.999 2719.999 2719.999
2709.999 2710.000 2709.999 2710.000 2719.999 2720.000 2719.999 2720.000
2710.000 2710.000 2710.000 2710.000 2720.000 2720.000 2720.000 2720.000
2710.000 2710.000 2710.000 2710.000 2720.000 2720.000 2720.000 2720.000
2710.000 2710.000 2710.000 2710.000 2720.000 2720.000 2720.000 2720.000
2710.000 2710.000 2710.000 2710.000 2720.000 2720.000 2720.000 2720.000
2710.000 2709.999 2710.000 2709.999 2720.000 2719.999 2720.000 2719.999
2709.999 2709.999 2709.999 2709.999 2719.999 2719.999 2719.999 2719.999
2709.999 2709.998 2709.999 2709.998 2719.999 2719.998 2719.999 2719.998
2709.998 2709.997 2709.998 2709.997 2719.998 2719.997 2719.998 2719.997
2709.997 2709.996 2709.997 2709.996 2719.997 2719.996 2719.997 2719.996
2709.996 2709.995 2709.996 2709.995 2719.996 2719.995 2719.996 2719.995
2709.995 2709.994 2709.995 2709.994 2719.995 2719.994 2719.995 2719.994
2709.994 2709.992 2709.994 2709.992 2719.994 2719.992 2719.994 2719.992
2709.992 2709.994 2709.992 2709.994 2719.992 2719.994 2719.992 2719.994
2709.994 2709.995 2709.994 2709.995 2719.994 2719.995 2719.994 2719.995
2709.995 2709.996 2709.995 2709.996 2719.995 2719.996 2719.995 2719.996
2709.996 2709.997 2709.996 2709.997 2719.996 2719.997 2719.996 2719.997
2709.997 2709.998 2709.997 2709.998 2719.997 2719.998 2719.997 2719.998
2709.998 2709.999 2709.998 2709.999 2719.998 2719.999 2719.998 2719.999
2709.999 2709.999 2709.999 2709.999 2719.999 2719.999 2719.999 2719.999
2709.999 2710.000 2709.999 2710.000 2719.999 2720.000 2719.999 2720.000
2710.000 2710.000 2710.000 2710.000 2720.000 2720.000 2720.000 2720.000
2710.000 2710.000 2710.000 2710.000 2720.000 2720.000 2720.000 2720.000
2710.000 2710.000 2710.000 2710.000 2720.000 2720.000 2720.000 2720.000
2710.000 2710.000 2710.000 2710.000 2720.000 2720.000 2720.000 2720.000
2710.000 2709.999 2710.000 2709.999 2720.000 2719.999 2720.000 2719.999
2709.999 2709.999 2709.999 2709.999 2719.999 2719.999 2719.999 2719.999
2709.999 2709.998 2709.999 2709.998 2719.999 2719.998 2719.999 2719.998
2709.998 2709.997 2709.998 2709.997 2719.998 2719.997 2719.998 2719.997
2709.997 2709.996 2709.997 2709.996 2719.997 2719.996 2719.997 2719.996
2709.996 2709.995 2709.996 2709.995 2719.996 2719.995 2719.996 2719.995
2709.995 2709.994 2709.995 2709.994 2719.995 2719.994 2719.995 2719.994
2709.994 2709.992 2709.994 2709.992 2719.994 2719.992 2719.994 2719.992
2709.992 2709.994 2709.992 2709.994 2719.992 2719.994 2719.992 2719.994
2709.994 2709.995 2709.994 2709.995 2719.994 2719.995 2719.994 2719.995
2709.995 2709.996 2709.995 2709.996 2719.995 2719.996 2719.995 2719.996
2709.996 2709.997 2709.996 2709.997 2719.996 2719.997 2719.996 2719.997
2709.997 2709.998 2709.997 2709.998 2719.997 2719.998 2719.997 2719.998
2709.998 2709.999 2709.998 2709.999 2719.998 2719.999 2719.998 2719.999
2709.999 2709.999 2709.999 2709.999 2719.999 2719.999 2719.999 2719.999
2709.999 2710.000 2709.999 2710.000 2719.999 2720.000 2719.999 2720.000
2710.000 2710.000 2710.000 2710.000 2720.000 2720.000 2720.000 2720.000
2710.000 2710.000 2710.000 2710.000 2720.000 2720.000 2720.000 2720.000
2710.000 2710.000 2710.000 2710.000 2720.000 2720.000 2720.000 2720.000
2710.000 2710.000 2710.000 2710.000 2720.000 2720.000 2720.000 2720.000
2710.000 2709.999 2710.000 2709.999 2720.000 2719.999 2720.000 2719.999
2709.999 2709.999 2709.999 2709.999 2719.999 2719.999 2719.999 2719.999
2709.999 2709.998 2709.999 2709.998 2719.999 2719.998 2719.999 2719.998
2709.998 2709.997 2709.998 2709.997 2719.998 2719.997 2719.998 2719.997
2709.997 2709.996 2709.997 2709.996 2719.997 2719.996 2719.997 2719.996
2709.996 2709.995 2709.996 2709.995 2719.996 2719.995 2719.996 2719.995
2709.995 2709.994 2709.995 2709.994 2719.995 2719.994 2719.995 2719.994
2709.994 2709.992 2709.994 2709.992 2719.994 2719.992 2719.994 2719.992
2709.992 2709.994 2709.992 2709.994 2719.992 2719.994 2719.992 2719.994
2709.994 2709.995 2709.994 2709.995 2719.994 2719.995 2719.994 2719.995
2709.995 2709.996 2709.995 2709.996 2719.995 2719.996 2719.995 2719.996
2709.996 2709.997 2709.996 2709.997 2719.996 2719.997 2719.996 2719.997
2709.997 2709.998 2709.997 2709.998 2719.997 2719.998 2719.997 2719.998
2709.998 2709.999 2709.998 2709.999 2719.998 2719.999 2719.998 2719.999
2709.999 2709.999 2709.999 2709.999 2719.999 2719.999 2719.999 2719.999
2709.999 2710.000 2709.999 2710.000 2719.999 2720.000 2719.999 2720.000
2710.000 2710.000 2710.000 2710.000 2720.000 2720.000 2720.000 2720.000
2710.000 2710.000 2710.000 2710.000 2720.000 2720.000 2720.000 2720.000
2710.000 2710.000 2710.000 2710.000 2720.000 2720.000 2720.000 2720.000
2710.000 2710.000 2710.000 2710.000 2720.000 2720.000 2720.000 2720.000
2710.000 2709.999 2710.000 2709.999 2720.000 2719.999 2720.000 2719.999
2709.999 2709.999 2709.999 2709.999 2719.999 2719.999 2719.999 2719.999
2709.999 2709.998 2709.999 2709.998 2719.999 2719.998 2719.999 2719.998
2709.998 2709.997 2709.998 2709.997 2719.998 2719.997 2719.998 2719.997
2709.997 2709.996 2709.997 2709.996 2719.997 2719.996 2719.997 2719.996
2709.996 2709.995 2709.996 2709.995 2719.996 2719.995 2719.996 2719.995
2709.995 2709.994 2709.995 2709.994 2719.995 2719.994 2719.995 2719.994
2709.994 2709.992 2709.994 2709.992 2719.994 2719.992 2719.994 2719.992
2709.992 2709.994 2709.992 2709.994 2719.992 2719.994 2719.992 2719.994
2709.994 2709.995 2709.994 2709.995 2719.994 2719.995 2719.994 2719.995
2709.995 2709.996 2709.995 2709.996 2719.995 2719.996 2719.995 2719.996
2709.996 2709.997 2709.996 2709.997 2719.996 2719.997 2719.996 2719.997
2709.997 2709.998 2709.997 2709.998 2719.997 2719.998 2719.997 2719.998
2709.998 2709.999 2709.998 2709.999 2719.998 2719.999 2719.998 2719.999
2709.999 2709.999 2709.999 2709.999 2719.999 2719.999 2719.999 2719.999
2709.999 2710.000 2709.999 2710.000 2719.999 2720.000 2719.999 2720.000
2710.000 2710.000 2710.000 2710.000 2720.000 2720.000 2720.000 2720.000
2710.000 2710.000 2710.000 2710.000 2720.000 2720.000 2720.000 2720.000
2710.000 2710.000 2710.000 2710.000 2720.000 2720.000 2720.000 2720.000
2710.000 2710.000 2710.000 2710.000 2720.000 2720.000 2720.000 2720.000
2710.000 2709.999 2710.000 2709.999 2720.000 2719.999 2720.000 2719.999
2709.999 2709.999 2709.999 2709.999 2719.999 2719.999 2719.999 2719.999
2709.999 2709.998 2709.999 2709.998 2719.999 2719.998 2719.999 2719.998
2709.998 2709.997 2709.998 2709.997 2719.998 2719.997 2719.998 2719.997
2709.997 2709.996 2709.997 2709.996 2719.997 2719.996 2719.997 2719.996
2709.996 2709.995 2709.996 2709.995 2719.996 2719.995 2719.996 2719.995
2709.995 2709.994 2709.995 2709.994 2719.995 2719.994 2719.995 2719.994
2709.994 2709.992 2709.994 2709.992 2719.994 2719.992 2719.994 2719.992
2709.992 2709.994 2709.992 2709.994 2719.992 2719.994 2719.992 2719.994
2709.994 2709.995 2709.994 2709.995 2719.994 2719.995 2719.994 2719.995
2709.995 2709.996 2709.995 2709.996 2719.995 2719.996 2719.995 2719.996
2709.996 2709.997 2709.996 2709.997 2719.996 2719.997 2719.996 2719.997
2709.997 2709.998 2709.997 2709.998 2719.997 2719.998 2719.997 2719.998
2709.998 2709.999 2709.998 2709.999 2719.998 2719.999 2719.998 2719.999
2709.999 2709.999 2709.999 2709.999 2719.999 2719.999 2719.999 2719.999
2709.999 2710.000 2709.999 2710.000 2719.999 2720.000 2719.999 2720.000
2710.000 2710.000 2710.000 2710.000 2720.000 2720.000 2720.000 2720.000
2710.000 2710.000 2710.000 2710.000 2720.000 2720.000 2720.000 2720.000
2710.000 2710.000 2710.000 2710.000 2720.000 2720.000 2720.000 2720.000
2710.000 2710.000 2710.000 2710.000 2720.000 2720.000 2720.000 2720.000
2710.000 2709.999 2710.000 2709.999 2720.000 2719.999 2720.000 2719.999
2709.999 2709.999 2709.999 2709.999 2719.999 2719.999 2719.999 2719.999
2709.999 2709.998 2709.999 2709.998 2719.999 2719.998 2719.999 2719.998
2709.998 2709.997 2709.998 2709.997 2719.998 2719.997 2719.998 2719.997
2709.997 2709.996 2709.997 2709.996 2719.997 2719.996 2719.997 2719.996
2709.996 2709.995 2709.996 2709.995 2719.996 2719.995 2719.996 2719.995
2709.995 2709.994 2709.995 2709.994 2719.995 2719.994 2719.995 2719.994
2709.994 2709.992 2709.994 2709.992 2719.994 2719.992 2719.994 2719.992
2709.992 2709.994 2709.992 2709.994 2719.992 2719.994 2719.992 2719.994
2709.994 2709.995 2709.994 2709.995 2719.994 2719.995 2719.994 2719.995
2709.995 2709.996 2709.995 2709.996 2719.995 2719.996 2719.995 2719.996
2709.996 2709.997 2709.996 2709.997 2719.996 2719.997 2719.996 2719.997
2709.997 2709.998 2709.997 2709.998 2719.997 2719.998 2719.997 2719.998
2709.998 2709.999 2709.998 2709.999 2719.998 2719.999 2719.998 2719.999
2709.999 2709.999 2709.999 2709.999 2719.999 2719.999 2719.999 2719.999
2709.999 2710.000 2709.999 2710.000 2719.999 2720.000 2719.999 2720.000
2710.000 2710.000 2710.000 2710.000 2720.000 2720.000 2720.000 2720.000
2710.000 2710.000 2710.000 2710.000 2720.000 2720.000 2720.000 2720.000
2710.000 2710.000 2710.000 2710.000 2720.000 2720.000 2720.000 2720.000
2710.000 2710.000 2710.000 2710.000 2720.000 2720.000 2720.000 2720.000
2710.000 2709.999 2710.000 2709.999 2720.000 2719.999 2720.000 2719.999
2709.999 2709.999 2709.999 2709.999 2719.999 2719.999 2719.999 2719.999
2709.999 2709.998 2709.999 2709.998 2719.999 2719.998 2719.999 2719.998
2709.998 2709.997 2709.998 2709.997 2719.998 2719.997 2719.998 2719.997
2709.997 2709.996 2709.997 2709.996 2719.997 2719.996 2719.997 2719.996
2709.996 2709.995 2709.996 2709.995 2719.996 2719.995 2719.996 2719.995
2709.995 2709.994 2709.995 2709.994 2719.995 2719.994 2719.995 2719.994
2709.994 2709.992 2709.994 2709.992 2719.994 2719.992 2719.994 2719.992
2709.992 2709.994 2709.992 2709.994 2719.992 2719.994 2719.992 2719.994
2709.994 2709.995 2709.994 2709.995 2719.994 2719.995 2719.994 2719.995
2709.995 2709.996 2709.995 2709.996 2719.995 2719.996 2719.995 2719.996
2709.996 2709.997 2709.996 2709.997 2719.996 2719.997 2719.996 2719.997
2709.997 2709.998 2709.997 2709.998 2719.997 2719.998 2719.997 2719.998
2709.998 2709.999 2709.998 2709.999 2719.998 2719.999 2719.998 2719.999
2709.999 2709.999 2709.999 2709.999 2719.999 2719.999 2719.999 2719.999
2709.999 2710.000 2709.999 2710.000 2719.999 2720.000 2719.999 2720.000
2710.000 2710.000 2710.000 2710.000 2720.000 2720.000 2720.000 2720.000
2710.000 2710.000 2710.000 2710.000 2720.000 2720.000 2720.000 2720.000
2710.000 2710.000 2710.000 2710.000 2720.000 2720.000 2720.000 2720.000
2710.000 2710.000 2710.000 2710.000 2720.000 2720.000 2720.000 2720.000
2710.000 2709.999 2710.000 2709.999 2720.000 2719.999 2720.000 2719.999
2709.999 2709.999 2709.999 2709.999 2719.999 2719.999 2719.999 2719.999
2709.999 2709.998 2709.999 2709.998 2719.999 2719.998 2719.999 2719.998
2709.998 2709.997 2709.998 2709.997 2719.998 2719.997 2719.998 2719.997
2709.997 2709.996 2709.997 2709.996 2719.997 2719.996 2719.997 2719.996
2709.996 2709.995 2709.996 2709.995 2719.996 2719.995 2719.996 2719.995
2709.995 2709.994 2709.995 2709.994 2719.995 2719.994 2719.995 2719.994
2709.994 2709.992 2709.994 2709.992 2719.994 2719.992 2719.994 2719.992
2709.992 2709.994 2709.992 2709.994 2719.992 2719.994 2719.992 2719.994
2709.994 2709.995 2709.994 2709.995 2719.994 2719.995 2719.994 2719.995
2709.995 2709.996 2709.995 2709.996 2719.995 2719.996 2719.995 2719.996
2709.996 2709.997 2709.996 2709.997 2719.996 2719.997 2719.996 2719.997
2709.997 2709.998 2709.997 2709.998 2719.997 2719.998 2719.997 2719.998
2709.998 2709.999 2709.998 2709.999 2719.998 2719.999 2719.998 2719.999
2709.999 2709.999 2709.999 2709.999 2719.999 2719.999 2719.999 2719.999
2709.999 2710.000 2709.999 2710.000 2719.999 2720.000 2719.999 2720.000
2710.000 2710.000 2710.000 2710.000 2720.000 2720.000 2720.000 2720.000
2710.000 2710.000 2710.000 2710.000 2720.000 2720.000 2720.000 2720.000
2710.000 2710.000 2710.000 2710.000 2720.000 2720.000 2720.000 2720.000
2710.000 2710.000 2710.000 2710.000 2720.000 2720.000 2720.000 2720.000
2710.000 2709.999 2710.000 2709.999 2720.000 2719.999 2720.000 2719.999
2709.999 2709.999 2709.999 2709.999 2719.999 2719.999 2719.999 2719.999
2709.999 2709.998 2709.999 2709.998 2719.999 2719.998 2719.999 2719.998
2709.998 2709.997 2709.998 2709.997 2719.998 2719.997 2719.998 2719.997
2709.997 2709.996 2709.997 2709.996 2719.997 2719.996 2719.997 2719.996
2709.996 2709.995 2709.996 2709.995 2719.996 2719.995 2719.996 2719.995
2709.995 2709.994 2709.995 2709.994 2719.995 2719.994 2719.995 2719.994
2709.994 2709.992 2709.994 2709.992 2719.994 2719.992 2719.994 2719.992
2709.992 2709.994 2709.992 2709.994 2719.992 2719.994 2719.992 2719.994
2709.994 2709.995 2709.994 2709.995 2719.994 2719.995 2719.994 2719.995
2709.995 2709.996 2709.995 2709.996 2719.995 2719.996 2719.995 2719.996
2709.996 2709.997 2709.996 2709.997 2719.996 2719.997 2719.996 2719.997
2709.997 2709.998 2709.997 2709.998 2719.997 2719.998 2719.997 2719.998
2709.998 2709.999 2709.998 2709.999 2719.998 2719.999 2719.998 2719.999
2709.999 2709.999 2709.999 2709.999 2719.999 2719.999 2719.999 2719.999
2709.999 2710.000 2709.999 2710.000 2719.999 2720.000 2719.999 2720.000
2710.000 2710.000 2710.000 2710.000 2720.000 2720.000 2720.000 2720.000
2710.000 2710.000 2710.000 2710.000 2720.000 2720.000 2720.000 2720.000
2710.000 2710.000 2710.000 2710.000 2720.000 2720.000 2720.000 2720.000
2710.000 2710.000 2710.000 2710.000 2720.000 2720.000 2720.000 2720.000
2710.000 2709.999 2710.000 2709.999 2720.000 2719.999 2720.000 2719.999
2709.999 2709.999 2709.999 2709.999 2719.999 2719.999 2719.999 2719.999
2709.999 2709.998 2709.999 2709.998 2719.999 2719.998 2719.999 2719.998
2709.998 2709.997 2709.998 2709.997 2719.998 2719.997 2719.998 2719.997
2709.997 2709.996 2709.997 2709.996 2719.997 2719.996 2719.997 2719.996
2709.996 2709.995 2709.996 2709.995 2719.996 2719.995 2719.996 2719.995
2709.995 2709.994 2709.995 2709.994 2719.995 2719.994 2719.995 2719.994
2709.994 2709.992 2709.994 2709.992 2719.994 2719.992 2719.994 2719.992
2709.992 2709.994 2709.992 2709.994 2719.992 2719.994 2719.992 2719.994
2709.994 2709.995 2709.994 2709.995 2719.994 2719.995 2719.994 2719.995
2709.995 2709.996 2709.995 2709.996 2719.995 2719.996 2719.995 2719.996
2709.996 2709.997 2709.996 2709.997 2719.996 2719.997 2719.996 2719.997
2709.997 2709.998 2709.997 2709.998 2719.997 2719.998 2719.997 2719.998
2709.998 2709.999 2709.998 2709.999 2719.998 2719.999 2719.998 2719.999
2709.999 2709.999 2709.999 2709.999 2719.999 2719.999 2719.999 2719.999
2709.999 2710.000 2709.999 2710.000 2719.999 2720.000 2719.999 2720.000
2710.000 2710.000 2710.000 2710.000 2720.000 2720.000 2720.000 2720.000
2710.000 2710.000 2710.000 2710.000 2720.000 2720.000 2720.000 2720.000
2710.000 2710.000 2710.000 2710.000 2720.000 2720.000 2720.000 2720.000
2710.000 2710.000 2710.000 2710.000 2720.000 2720.000 2720.000 2720.000
2710.000 2709.999 2710.000 2709.999 2720.000 2719.999 2720.000 2719.999
2709.999 2709.999 2709.999 2709.999 2719.999 2719.999 2719.999 2719.999
2709.999 2709.998 2709.999 2709.998 2719.999 2719.998 2719.999 2719.998
2709.998 2709.997 2709.998 2709.997 2719.998 2719.997 2719.998 2719.997
2709.997 2709.996 2709.997 2709.996 2719.997 2719.996 2719.997 2719.996
2709.996 2709.995 2709.996 2709.995 2719.996 2719.995 2719.996 2719.995
2709.995 2709.994 2709.995 2709.994 2719.995 2719.994 2719.995 2719.994
2709.994 2709.992 2709.994 2709.992 2719.994 2719.992 2719.994 2719.992
2709.992 2709.994 2709.992 2709.994 2719.992 2719.994 2719.992 2719.994
2709.994 2709.995 2709.994 2709.995 2719.994 2719.995 2719.994 2719.995
2709.995 2709.996 2709.995 2709.996 2719.995 2719.996 2719.995 2719.996
2709.996 2709.997 2709.996 2709.997 2719.996 2719.997 2719.996 2719.997
2709.997 2709.998 2709.997 2709.998 2719.997 2719.998 2719.997 2719.998
2709.998 2709.999 2709.998 2709.999 2719.998 2719.999 2719.998 2719.999
2709.999 2709.999 2709.999 2709.999 2719.999 2719.999 2719.999 2719.999
2709.999 2710.000 2709.999 2710.000 2719.999 2720.000 2719.999 2720.000
2710.000 2710.000 2710.000 2710.000 2720.000 2720.000 2720.000 2720.000
2710.000 2710.000 2710.000 2710.000 2720.000 2720.000 2720.000 2720.000
2710.000 2710.000 2710.000 2710.000 2720.000 2720.000 2720.000 2720.000
2710.000 2710.000 2710.000 2710.000 2720.000 2720.000 2720.000 2720.000
2710.000 2709.999 2710.000 2709.999 2720.000 2719.999 2720.000 2719.999
2709.999 2709.999 2709.999 2709.999 2719.999 2719.999 2719.999 2719.999
2709.999 2709.998 2709.999 2709.998 2719.999 2719.998 2719.999 2719.998
2709.998 2709.997 2709.998 2709.997 2719.998 2719.997 2719.998 2719.997
2709.997 2709.996 2709.997 2709.996 2719.997 2719.996 2719.997 2719.996
2709.996 2709.995 2709.996 2709.995 2719.996 2719.995 2719.996 2719.995
2709.995 2709.994 2709.995 2709.994 2719.995 2719.994 2719.995 2719.994
2709.994 2709.992 2709.994 2709.992 2719.994 2719.992 2719.994 2719.992
2709.992 2709.994 2709.992 2709.994 2719.992 2719.994 2719.992 2719.994
2709.994 2709.995 2709.994 2709.995 2719.994 2719.995 2719.994 2719.995
2709.995 2709.996 2709.995 2709.996 2719.995 2719.996 2719.995 2719.996
2709.996 2709.997 2709.996 2709.997 2719.996 2719.997 2719.996 2719.997
2709.997 2709.998 2709.997 2709.998 2719.997 2719.998 2719.997 2719.998
2709.998 2709.999 2709.998 2709.999 2719.998 2719.999 2719.998 2719.999
2709.999 2709.999 2709.999 2709.999 2719.999 2719.999 2719.999 2719.999
2709.999 2710.000 2709.999 2710.000 2719.999 2720.000 2719.999 2720.000
2710.000 2710.000 2710.000 2710.000 2720.000 2720.000 2720.000 2720.000
2710.000 2710.000 2710.000 2710.000 2720.000 2720.000 2720.000 2720.000
2710.000 2710.000 2710.000 2710.000 2720.000 2720.000 2720.000 2720.000
2710.000 2710.000 2710.000 2710.000 2720.000 2720.000 2720.000 2720.000
2710.000 2709.999 2710.000 2709.999 2720.000 2719.999 2720.000 2719.999
2709.999 2709.999 2709.999 2709.999 2719.999 2719.999 2719.999 2719.999
2709.999 2709.998 2709.999 2709.998 2719.999 2719.998 2719.999 2719.998
2709.998 2709.997 2709.998 2709.997 2719.998 2719.997 2719.998 2719.997
2709.997 2709.996 2709.997 2709.996 2719.997 2719.996 2719.997 2719.996
2709.996 2709.995 2709.996 2709.995 2719.996 2719.995 2719.996 2719.995
2709.995 2709.994 2709.995 2709.994 2719.995 2719.994 2719.995 2719.994
2709.994 2709.992 2709.994 2709.992 2719.994 2719.992 2719.994 2719.992
2709.992 2709.994 2709.992 2709.994 2719.992 2719.994 2719.992 2719.994
2709.994 2709.995 2709.994 2709.995 2719.994 2719.995 2719.994 2719.995
2709.995 2709.996 2709.995 2709.996 2719.995 2719.996 2719.995 2719.996
2709.996 2709.997 2709.996 2709.997 2719.996 2719.997 2719.996 2719.997
2709.997 2709.998 2709.997 2709.998 2719.997 2719.998 2719.997 2719.998
2709.998 2709.999 2709.998 2709.999 2719.998 2719.999 2719.998 2719.999
2709.999 2709.999 2709.999 2709.999 2719.999 2719.999 2719.999 2719.999
2709.999 2710.000 2709.999 2710.000 2719.999 2720.000 2719.999 2720.000
2710.000 2710.000 2710.000 2710.000 2720.000 2720.000 2720.000 2720.000
2710.000 2710.000 2710.000 2710.000 2720.000 2720.000 2720.000 2720.000
2710.000 2710.000 2710.000 2710.000 2720.000 2720.000 2720.000 2720.000
2710.000 2710.000 2710.000 2710.000 2720.000 2720.000 2720.000 2720.000
2710.000 2709.999 2710.000 2709.999 2720.000 2719.999 2720.000 2719.999
2709.999 2709.999 2709.999 2709.999 2719.999 2719.999 2719.999 2719.999
2709.999 2709.998 2709.999 2709.998 2719.999 2719.998 2719.999 2719.998
2709.998 2709.997 2709.998 2709.997 2719.998 2719.997 2719.998 2719.997
2709.997 2709.996 2709.997 2709.996 2719.997 2719.996 2719.997 2719.996
2709.996 2709.995 2709.996 2709.995 2719.996 2719.995 2719.996 2719.995
2709.995 2709.994 2709.995 2709.994 2719.995 2719.994 2719.995 2719.994
2709.994 2709.992 2709.994 2709.992 2719.994 2719.992 2719.994 2719.992
2709.992 2709.994 2709.992 2709.994 2719.992 2719.994 2719.992 2719.994
2709.994 2709.995 2709.994 2709.995 2719.994 2719.995 2719.994 2719.995
2709.995 2709.996 2709.995 2709.996 2719.995 2719.996 2719.995 2719.996
2709.996 2709.997 2709.996 2709.997 2719.996 2719.997 2719.996 2719.997
2709.997 2709.998 2709.997 2709.998 2719.997 2719.998 2719.997 2719.998
2709.998 2709.999 2709.998 2709.999 2719.998 2719.999 2719.998 2719.999
2709.999 2709.999 2709.999 2709.999 2719.999 2719.999 2719.999 2719.999
2709.999 2710.000 2709.999 2710.000 2719.999 2720.000 2719.999 2720.000
2710.000 2710.000 2710.000 2710.000 2720.000 2720.000 2720.000 2720.000
2710.000 2710.000 2710.000 2710.000 2720.000 2720.000 2720.000 2720.000
2710.000 2710.000 2710.000 2710.000 2720.000 2720.000 2720.000 2720.000
2710.000 2710.000 2710.000 2710.000 2720.000 2720.000 2720.000 2720.000
2710.000 2709.999 2710.000 2709.999 2720.000 2719.999 2720.000 2719.999
2709.999 2709.999 2709.999 2709.999 2719.999 2719.999 2719.999 2719.999
2709.999 2709.998 2709.999 2709.998 2719.999 2719.998 2719.999 2719.998
2709.998 2709.997 2709.998 2709.997 2719.998 2719.997 2719.998 2719.997
2709.997 2709.996 2709.997 2709.996 2719.997 2719.996 2719.997 2719.996
2709.996 2709.995 2709.996 2709.995 2719.996 2719.995 2719.996 2719.995
2709.995 2709.994 2709.995 2709.994 2719.995 2719.994 2719.995 2719.994
2709.994 2709.992 2709.994 2709.992 2719.994 2719.992 2719.994 2719.992
2709.992 2709.994 2709.992 2709.994 2719.992 2719.994 2719.992 2719.994
2709.994 2709.995 2709.994 2709.995 2719.994 2719.995 2719.994 2719.995
2709.995 2709.996 2709.995 2709.996 2719.995 2719.996 2719.995 2719.996
2709.996 2709.997 2709.996 2709.997 2719.996 2719.997 2719.996 2719.997
2709.997 2709.998 2709.997 2709.998 2719.997 2719.998 2719.997 2719.998
2709.998 2709.999 2709.998 2709.999 2719.998 2719.999 2719.998 2719.999
2709.999 2709.999 2709.999 2709.999 2719.999 2719.999 2719.999 2719.999
2709.999 2710.000 2709.999 2710.000 2719.999 2720.000 2719.999 2720.000
2710.000 2710.000 2710.000 2710.000 2720.000 2720.000 2720.000 2720.000
2710.000 2710.000 2710.000 2710.000 2720.000 2720.000 2720.000 2720.000
2710.000 2710.000 2710.000 2710.000 2720.000 2720.000 2720.000 2720.000
2710.000 2710.000 2710.000 2710.000 2720.000 2720.000 2720.000 2720.000
2710.000 2709.999 2710.000 2709.999 2720.000 2719.999 2720.000 2719.999
2709.999 2709.999 2709.999 2709.999 2719.999 2719.999 2719.999 2719.999
2709.999 2709.998 2709.999 2709.998 2719.999 2719.998 2719.999 2719.998
2709.998 2709.997 2709.998 2709.997 2719.998 2719.997 2719.998 2719.997
2709.997 2709.996 2709.997 2709.996 2719.997 2719.996 2719.997 2719.996
2709.996 2709.995 2709.996 2709.995 2719.996 2719.995 2719.996 2719.995
2709.995 2709.994 2709.995 2709.994 2719.995 2719.994 2719.995 2719.994
2709.994 2709.992 2709.994 2709.992 2719.994 2719.992 2719.994 2719.992
2709.992 2709.994 2709.992 2709.994 2719.992 2719.994 2719.992 2719.994
2709.994 2709.995 2709.994 2709.995 2719.994 2719.995 2719.994 2719.995
2709.995 2709.996 2709.995 2709.996 2719.995 2719.996 2719.995 2719.996
2709.996 2709.997 2709.996 2709.997 2719.996 2719.997 2719.996 2719.997
2709.997 2709.998 2709.997 2709.998 2719.997 2719.998 2719.997 2719.998
2709.998 2709.999 2709.998 2709.999 2719.998 2719.999 2719.998 2719.999
2709.999 2709.999 2709.999 2709.999 2719.999 2719.999 2719.999 2719.999
2709.999 2710.000 2709.999 2710.000 2719.999 2720.000 2719.999 2720.000
2710.000 2710.000 2710.000 2710.000 2720.000 2720.000 2720.000 2720.000
2710.000 2710.000 2710.000 2710.000 2720.000 2720.000 2720.000 2720.000
2710.000 2710.000 2710.000 2710.000 2720.000 2720.000 2720.000 2720.000
2710.000 2710.000 2710.000 2710.000 2720.000 2720.000 2720.000 2720.000
2710.000 2709.999 2710.000 2709.999 2720.000 2719.999 2720.000 2719.999
2709.999 2709.999 2709.999 2709.999 2719.999 2719.999 2719.999 2719.999
2709.999 2709.998 2709.999 2709.998 2719.999 2719.998 2719.999 2719.998
2709.998 2709.997 2709.998 2709.997 2719.998 2719.997 2719.998 2719.997
2709.997 2709.996 2709.997 2709.996 2719.997 2719.996 2719.997 2719.996
2709.996 2709.995 2709.996 2709.995 2719.996 2719.995 2719.996 2719.995
2709.995 2709.994 2709.995 2709.994 2719.995 2719.994 2719.995 2719.994
2709.994 2709.992 2709.994 2709.992 2719.994 2719.992 2719.994 2719.992
2709.992 2709.994 2709.992 2709.994 2719.992 2719.994 2719.992 2719.994
2709.994 2709.995 2709.994 2709.995 2719.994 2719.995 2719.994 2719.995
2709.995 2709.996 2709.995 2709.996 2719.995 2719.996 2719.995 2719.996
2709.996 2709.997 2709.996 2709.997 2719.996 2719.997 2719.996 2719.997
2709.997 2709.998 2709.997 2709.998 2719.997 2719.998 2719.997 2719.998
2709.998 2709.999 2709.998 2709.999 2719.998 2719.999 2719.998 2719.999
2709.999 2709.999 2709.999 2709.999 2719.999 2719.999 2719.999 2719.999
2709.999 2710.000 2709.999 2710.000 2719.999 2720.000 2719.999 2720.000
2710.000 2710.000 2710.000 2710.000 2720.000 2720.000 2720.000 2720.000
2710.000 2710.000 2710.000 2710.000 2720.000 2720.000 2720.000 2720.000
2710.000 2710.000 2710.000 2710.000 2720.000 2720.000 2720.000 2720.000
2710.000 2710.000 2710.000 2710.000 2720.000 2720.000 2720.000 2720.000
2710.000 2709.999 2710.000 2709.999 2720.000 2719.999 2720.000 2719.999
2709.999 2709.999 2709.999 2709.999 2719.999 2719.999 2719.999 2719.999
2709.999 2709.998 2709.999 2709.998 2719.999 2719.998 2719.999 2719.998
2709.998 2709.997 2709.998 2709.997 2719.998 2719.997 2719.998 2719.997
2709.997 2709.996 2709.997 2709.996 2719.997 2719.996 2719.997 2719.996
2709.996 2709.995 2709.996 2709.995 2719.996 2719.995 2719.996 2719.995
2709.995 2709.994 2709.995 2709.994 2719.995 2719.994 2719.995 2719.994
2709.994 2709.992 2709.994 2709.992 2719.994 2719.992 2719.994 2719.992
2709.992 2709.994 2709.992 2709.994 2719.992 2719.994 2719.992 2719.994
2709.994 2709.995 2709.994 2709.995 2719.994 2719.995 2719.994 2719.995
2709.995 2709.996 2709.995 2709.996 2719.995 2719.996 2719.995 2719.996
2709.996 2709.997 2709.996 2709.997 2719.996 2719.997 2719.996 2719.997
2709.997 2709.998 2709.997 2709.998 2719.997 2719.998 2719.997 2719.998
2709.998 2709.999 2709.998 2709.999 2719.998 2719.999 2719.998 2719.999
2709.999 2709.999 2709.999 2709.999 2719.999 2719.999 2719.999 2719.999
2709.999 2710.000 2709.999 2710.000 2719.999 2720.000 2719.999 2720.000
2710.000 2710.000 2710.000 2710.000 2720.000 2720.000 2720.000 2720.000
2710.000 2710.000 2710.000 2710.000 2720.000 2720.000 2720.000 2720.000
2710.000 2710.000 2710.000 2710.000 2720.000 2720.000 2720.000 2720.000
2710.000 2710.000 2710.000 2710.000 2720.000 2720.000 2720.000 2720.000
2710.000 2709.999 2710.000 2709.999 2720.000 2719.999 2720.000 2719.999
2709.999 2709.999 2709.999 2709.999 2719.999 2719.999 2719.999 2719.999
2709.999 2709.998 2709.999 2709.998 2719.999 2719.998 2719.999 2719.998
2709.998 2709.997 2709.998 2709.997 2719.998 2719.997 2719.998 2719.997
2709.997 2709.996 2709.997 2709.996 2719.997 2719.996 2719.997 2719.996
2709.996 2709.995 2709.996 2709.995 2719.996 2719.995 2719.996 2719.995
2709.995 2709.994 2709.995 2709.994 2719.995 2719.994 2719.995 2719.994
2709.994 2709.992 2709.994 2709.992 2719.994 2719.992 2719.994 2719.992
2709.992 2709.994 2709.992 2709.994 2719.992 2719.994 2719.992 2719.994
2709.994 2709.995 2709.994 2709.995 2719.994 2719.995 2719.994 2719.995
2709.995 2709.996 2709.995 2709.996 2719.995 2719.996 2719.995 2719.996
2709.996 2709.997 2709.996 2709.997 2719.996 2719.997 2719.996 2719.997
2709.997 2709.998 2709.997 2709.998 2719.997 2719.998 2719.997 2719.998
2709.998 2709.999 2709.998 2709.999 2719.998 2719.999 2719.998 2719.999
2709.999 2709.999 2709.999 2709.999 2719.999 2719.999 2719.999 2719.999
2709.999 2710.000 2709.999 2710.000 2719.999 2720.000 2719.999 2720.000
2710.000 2710.000 2710.000 2710.000 2720.000 2720.000 2720.000 2720.000
2710.000 2710.000 2710.000 2710.000 2720.000 2720.000 2720.000 2720.000
2710.000 2710.000 2710.000 2710.000 2720.000 2720.000 2720.000 2720.000
2710.000 2710.000 2710.000 2710.000 2720.000 2720.000 2720.000 2720.000
2710.000 2709.999 2710.000 2709.999 2720.000 2719.999 2720.000 2719.999
2709.999 2709.999 2709.999 2709.999 2719.999 2719.999 2719.999 2719.999
2709.999 2709.998 2709.999 2709.998 2719.999 2719.998 2719.999 2719.998
2709.998 2709.997 2709.998 2709.997 2719.998 2719.997 2719.998 2719.997
2709.997 2709.996 2709.997 2709.996 2719.997 2719.996 2719.997 2719.996
2709.996 2709.995 2709.996 2709.995 2719.996 2719.995 2719.996 2719.995
2709.995 2709.994 2709.995 2709.994 2719.995 2719.994 2719.995 2719.994
2709.994 2709.992 2709.994 2709.992 2719.994 2719.992 2719.994 2719.992
2709.992 2709.994 2709.992 2709.994 2719.992 2719.994 2719.992 2719.994
2709.994 2709.995 2709.994 2709.995 2719.994 2719.995 2719.994 2719.995
2709.995 2709.996 2709.995 2709.996 2719.995 2719.996 2719.995 2719.996
2709.996 2709.997 2709.996 2709.997 2719.996 2719.997 2719.996 2719.997
2709.997 2709.998 2709.997 2709.998 2719.997 2719.998 2719.997 2719.998
2709.998 2709.999 2709.998 2709.999 2719.998 2719.999 2719.998 2719.999
2709.999 2709.999 2709.999 2709.999 2719.999 2719.999 2719.999 2719.999
2709.999 2710.000 2709.999 2710.000 2719.999 2720.000 2719.999 2720.000
2710.000 2710.000 2710.000 2710.000 2720.000 2720.000 2720.000 2720.000
2710.000 2710.000 2710.000 2710.000 2720.000 2720.000 2720.000 2720.000
2710.000 2710.000 2710.000 2710.000 2720.000 2720.000 2720.000 2720.000
2710.000 2710.000 2710.000 2710.000 2720.000 2720.000 2720.000 2720.000
2710.000 2709.999 2710.000 2709.999 2720.000 2719.999 2720.000 2719.999
2709.999 2709.999 2709.999 2709.999 2719.999 2719.999 2719.999 2719.999
2709.999 2709.998 2709.999 2709.998 2719.999 2719.998 2719.999 2719.998
2709.998 2709.997 2709.998 2709.997 2719.998 2719.997 2719.998 2719.997
2709.997 2709.996 2709.997 2709.996 2719.997 2719.996 2719.997 2719.996
2709.996 2709.995 2709.996 2709.995 2719.996 2719.995 2719.996 2719.995
2709.995 2709.994 2709.995 2709.994 2719.995 2719.994 2719.995 2719.994
2709.994 2709.992 2709.994 2709.992 2719.994 2719.992 2719.994 2719.992
2709.992 2709.994 2709.992 2709.994 2719.992 2719.994 2719.992 2719.994
2709.994 2709.995 2709.994 2709.995 2719.994 2719.995 2719.994 2719.995
2709.995 2709.996 2709.995 2709.996 2719.995 2719.996 2719.995 2719.996
2709.996 2709.997 2709.996 2709.997 2719.996 2719.997 2719.996 2719.997
2709.997 2709.998 2709.997 2709.998 2719.997 2719.998 2719.997 2719.998
2709.998 2709.999 2709.998 2709.999 2719.998 2719.999 2719.998 2719.999
2709.999 2709.999 2709.999 2709.999 2719.999 2719.999 2719.999 2719.999
2709.999 2710.000 2709.999 2710.000 2719.999 2720.000 2719.999 2720.000
2710.000 2710.000 2710.000 2710.000 2720.000 2720.000 2720.000 2720.000
2710.000 2710.000 2710.000 2710.000 2720.000 2720.000 2720.000 2720.000
2710.000 2710.000 2710.000 2710.000 2720.000 2720.000 2720.000 2720.000
2710.000 2710.000 2710.000 2710.000 2720.000 2720.000 2720.000 2720.000
2710.000 2709.999 2710.000 2709.999 2720.000 2719.999 2720.000 2719.999
2709.999 2709.999 2709.999 2709.999 2719.999 2719.999 2719.999 2719.999
2709.999 2709.998 2709.999 2709.998 2719.999 2719.998 2719.999 2719.998
2709.998 2709.997 2709.998 2709.997 2719.998 2719.997 2719.998 2719.997
2709.997 2709.996 2709.997 2709.996 2719.997 2719.996 2719.997 2719.996
2709.996 2709.995 2709.996 2709.995 2719.996 2719.995 2719.996 2719.995
2709.995 2709.994 2709.995 2709.994 2719.995 2719.994 2719.995 2719.994
2709.994 2709.992 2709.994 2709.992 2719.994 2719.992 2719.994 2719.992
2709.992 2709.994 2709.992 2709.994 2719.992 2719.994 2719.992 2719.994
2709.994 2709.995 2709.994 2709.995 2719.994 2719.995 2719.994 2719.995
2709.995 2709.996 2709.995 2709.996 2719.995 2719.996 2719.995 2719.996
2709.996 2709.997 2709.996 2709.997 2719.996 2719.997 2719.996 2719.997
2709.997 2709.998 2709.997 2709.998 2719.997 2719.998 2719.997 2719.998
2709.998 2709.999 2709.998 2709.999 2719.998 2719.999 2719.998 2719.999
2709.999 2709.999 2709.999 2709.999 2719.999 2719.999 2719.999 2719.999
2709.999 2710.000 2709.999 2710.000 2719.999 2720.000 2719.999 2720.000
2710.000 2710.000 2710.000 2710.000 2720.000 2720.000 2720.000 2720.000
2710.000 2710.000 2710.000 2710.000 2720.000 2720.000 2720.000 2720.000
2710.000 2710.000 2710.000 2710.000 2720.000 2720.000 2720.000 2720.000
2710.000 2710.000 2710.000 2710.000 2720.000 2720.000 2720.000 2720.000
2710.000 2709.999 2710.000 2709.999 2720.000 2719.999 2720.000 2719.999
2709.999 2709.999 2709.999 2709.999 2719.999 2719.999 2719.999 2719.999
2709.999 2709.998 2709.999 2709.998 2719.999 2719.998 2719.999 2719.998
2709.998 2709.997 2709.998 2709.997 2719.998 2719.997 2719.998 2719.997
2709.997 2709.996 2709.997 2709.996 2719.997 2719.996 2719.997 2719.996
2709.996 2709.995 2709.996 2709.995 2719.996 2719.995 2719.996 2719.995
2709.995 2709.994 2709.995 2709.994 2719.995 2719.994 2719.995 2719.994
2709.994 2709.992 2709.994 2709.992 2719.994 2719.992 2719.994 2719.992
2709.992 2709.994 2709.992 2709.994 2719.992 2719.994 2719.992 2719.994
2709.994 2709.995 2709.994 2709.995 2719.994 2719.995 2719.994 2719.995
2709.995 2709.996 2709.995 2709.996 2719.995 2719.996 2719.995 2719.996
2709.996 2709.997 2709.996 2709.997 2719.996 2719.997 2719.996 2719.997
2709.997 2709.998 2709.997 2709.998 2719.997 2719.998 2719.997 2719.998
2709.998 2709.999 2709.998 2709.999 2719.998 2719.999 2719.998 2719.999
2709.999 2709.999 2709.999 2709.999 2719.999 2719.999 2719.999 2719.999
2709.999 2710.000 2709.999 2710.000 2719.999 2720.000 2719.999 2720.000
2710.000 2710.000 2710.000 2710.000 2720.000 2720.000 2720.000 2720.000
2710.000 2710.000 2710.000 2710.000 2720.000 2720.000 2720.000 2720.000
2710.000 2710.000 2710.000 2710.000 2720.000 2720.000 2720.000 2720.000
2710.000 2710.000 2710.000 2710.000 2720.000 2720.000 2720.000 2720.000
2710.000 2709.999 2710.000 2709.999 2720.000 2719.999 2720.000 2719.999
2709.999 2709.999 2709.999 2709.999 2719.999 2719.999 2719.999 2719.999
2709.999 2709.998 2709.999 2709.998 2719.999 2719.998 2719.999 2719.998
2709.998 2709.997 2709.998 2709.997 2719.998 2719.997 2719.998 2719.997
2709.997 2709.996 2709.997 2709.996 2719.997 2719.996 2719.997 2719.996
2709.996 2709.995 2709.996 2709.995 2719.996 2719.995 2719.996 2719.995
2709.995 2709.994 2709.995 2709.994 2719.995 2719.994 2719.995 2719.994
2709.994 2709.992 2709.994 2709.992 2719.994 2719.992 2719.994 2719.992
2709.992 2709.994 2709.992 2709.994 2719.992 2719.994 2719.992 2719.994
2709.994 2709.995 2709.994 2709.995 2719.994 2719.995 2719.994 2719.995
2709.995 2709.996 2709.995 2709.996 2719.995 2719.996 2719.995 2719.996
2709.996 2709.997 2709.996 2709.997 2719.996 2719.997 2719.996 2719.997
2709.997 2709.998 2709.997 2709.998 2719.997 2719.998 2719.997 2719.998
2709.998 2709.999 2709.998 2709.999 2719.998 2719.999 2719.998 2719.999
2709.999 2709.999 2709.999 2709.999 2719.999 2719.999 2719.999 2719.999
2709.999 2710.000 2709.999 2709.999 2719.999 2720.000 2719.999 2719.999
2710.000 2710.000 2709.999 2710.000 2720.000 2720.000 2719.999 2720.000
2710.000 2710.000 2710.000 2710.000 2720.000 2720.000 2720.000 2720.000
2710.000 2710.000 2710.000 2710.000 2720.000 2720.000 2720.000 2720.000
2710.000 2710.000 2710.000 2709.999 2720.000 2720.000 2720.000 2719.999
2710.000 2709.999 2709.999 2709.999 2720.000 2719.999 2719.999 2719.999
2709.999 2709.999 2709.999 2709.999 2719.999 2719.999 2719.999 2719.999
2709.999 2709.998 2709.999 2709.998 2719.999 2719.998 2719.999 2719.998
2709.998 2709.997 2709.998 2709.997 2719.998 2719.997 2719.998 2719.997
2709.997 2709.996 2709.997 2709.996 2719.997 2719.996 2719.997 2719.996
2709.996 2709.995 2709.996 2709.995 2719.996 2719.995 2719.996 2719.995
2709.995 2709.994 2709.995 2709.994 2719.995 2719.994 2719.995 2719.994
2709.994 2709.992 2709.994 2709.992 2719.994 2719.992 2719.994 2719.992
2709.992 2709.994 2709.992 2709.994 2719.992 2719.994 2719.992 2719.994
2709.994 2709.995 2709.994 2709.995 2719.994 2719.995 2719.994 2719.995
2709.995 2709.996 2709.995 2709.996 2719.995 2719.996 2719.995 2719.996
2709.996 2709.997 2709.996 2709.997 2719.996 2719.997 2719.996 2719.997
2709.997 2709.998 2709.997 2709.998 2719.997 2719.998 2719.997 2719.998
2709.998 2709.999 2709.998 2709.999 2719.998 2719.999 2719.998 2719.999
2709.999 2709.999 2709.999 2709.999 2719.999 2719.999 2719.999 2719.999
2709.999 2709.999 2709.999 2709.999 2719.999 2719.999 2719.999 2719.999
2709.999 2710.000 2709.999 2710.000 2719.999 2720.000 2719.999 2720.000
2710.000 2710.000 2710.000 2710.000 2720.000 2720.000 2720.000 2720.000
2710.000 2710.000 2710.000 2710.000 2720.000 2720.000 2720.000 2720.000
2710.000 2709.999 2710.000 2709.999 2720.000 2719.999 2720.000 2719.999
2709.999 2709.999 2709.999 2709.999 2719.999 2719.999 2719.999 2719.999
2709.999 2709.999 2709.999 2709.999 2719.999 2719.999 2719.999 2719.999
2709.999 2709.998 2709.999 2709.998 2719.999 2719.998 2719.999 2719.998
2709.998 2709.997 2709.998 2709.997 2719.998 2719.997 2719.998 2719.997
2709.997 2709.996 2709.997 2709.996 2719.997 2719.996 2719.997 2719.996
2709.996 2709.995 2709.996 2709.995 2719.996 2719.995 2719.996 2719.995
2709.995 2709.994 2709.995 2709.994 2719.995 2719.994 2719.995 2719.994
2709.994 2709.992 2709.994 2709.992 2719.994 2719.992 2719.994 2719.992
2709.992 2709.994 2709.992 2709.994 2719.992 2719.994 2719.992 2719.994
2709.994 2709.995 2709.994 2709.995 2719.994 2719.995 2719.994 2719.995
2709.995 2709.996 2709.995 2709.996 2719.995 2719.996 2719.995 2719.996
2709.996 2709.997 2709.996 2709.997 2719.996 2719.997 2719.996 2719.997
2709.997 2709.998 2709.997 2709.998 2719.997 2719.998 2719.997 2719.998
2709.998 2709.999 2709.998 2709.999 2719.998 2719.999 2719.998 2719.999
2709.999 2709.999 2709.999 2709.999 2719.999 2719.999 2719.999 2719.999
2709.999 2709.999 2709.999 2709.999 2719.999 2719.999 2719.999 2719.999
2709.999 2710.000 2709.999 2710.000 2719.999 2720.000 2719.999 2720.000
2710.000 2710.000 2710.000 2710.000 2720.000 2720.000 2720.000 2720.000
2710.000 2710.000 2710.000 2710.000 2720.000 2720.000 2720.000 2720.000
2710.000 2709.999 2710.000 2709.999 2720.000 2719.999 2720.000 2719.999
2709.999 2709.999 2709.999 2709.999 2719.999 2719.999 2719.999 2719.999
2709.999 2709.999 2709.999 2709.999 2719.999 2719.999 2719.999 2719.999
2709.999 2709.998 2709.999 2709.998 2719.999 2719.998 2719.999 2719.998
2709.998 2709.997 2709.998 2709.997 2719.998 2719.997 2719.998 2719.997
2709.997 2709.996 2709.997 2709.996 2719.997 2719.996 2719.997 2719.996
2709.996 2709.995 2709.996 2709.995 2719.996 2719.995 2719.996 2719.995
2709.995 2709.994 2709.995 2709.994 2719.995 2719.994 2719.995 2719.994
2709.994 2709.992 2709.994 2709.992 2719.994 2719.992 2719.994 2719.992
2709.992 2709.994 2709.992 2709.994 2719.992 2719.994 2719.992 2719.994
2709.994 2709.995 2709.994 2709.995 2719.994 2719.995 2719.994 2719.995
2709.995 2709.996 2709.995 2709.996 2719.995 2719.996 2719.995 2719.996
2709.996 2709.997 2709.996 2709.997 2719.996 2719.997 2719.996 2719.997
2709.997 2709.998 2709.997 2709.998 2719.997 2719.998 2719.997 2719.998
2709.998 2709.999 2709.998 2709.998 2719.998 2719.999 2719.998 2719.998
2709.999 2709.999 2709.998 2709.999 2719.999 2719.999 2719.998 2719.999
2709.999 2709.999 2709.999 2709.999 2719.999 2719.999 2719.999 2719.999
2709.999 2710.000 2709.999 2710.000 2719.999 2720.000 2719.999 2720.000
2710.000 2710.000 2710.000 2710.000 2720.000 2720.000 2720.000 2720.000
2710.000 2710.000 2710.000 2710.000 2720.000 2720.000 2720.000 2720.000
2710.000 2709.999 2710.000 2709.999 2720.000 2719.999 2720.000 2719.999
2709.999 2709.999 2709.999 2709.999 2719.999 2719.999 2719.999 2719.999
2709.999 2709.999 2709.999 2709.998 2719.999 2719.999 2719.999 2719.998
2709.999 2709.998 2709.998 2709.998 2719.999 2719.998 2719.998 2719.998
2709.998 2709.997 2709.998 2709.997 2719.998 2719.997 2719.998 2719.997
2709.997 2709.996 2709.997 2709.996 2719.997 2719.996 2719.997 2719.996
2709.996 2709.995 2709.996 2709.995 2719.996 2719.995 2719.996 2719.995
2709.995 2709.994 2709.995 2709.994 2719.995 2719.994 2719.995 2719.994
2709.994 2709.992 2709.994 2709.992 2719.994 2719.992 2719.994 2719.992
2709.992 2709.994 2709.992 2709.994 2719.992 2719.994 2719.992 2719.994
2709.994 2709.995 2709.994 2709.995 2719.994 2719.995 2719.994 2719.995
2709.995 2709.996 2709.995 2709.996 2719.995 2719.996 2719.995 2719.996
2709.996 2709.997 2709.996 2709.997 2719.996 2719.997 2719.996 2719.997
2709.997 2709.998 2709.997 2709.998 2719.997 2719.998 2719.997 2719.998
2709.998 2709.998 2709.998 2709.998 2719.998 2719.998 2719.998 2719.998
2709.998 2709.999 2709.998 2709.999 2719.998 2719.999 2719.998 2719.999
2709.999 2709.999 2709.999 2709.999 2719.999 2719.999 2719.999 2719.999
2709.999 2710.000 2709.999 2710.000 2719.999 2720.000 2719.999 2720.000
2710.000 2710.000 2710.000 2710.000 2720.000 2720.000 2720.000 2720.000
2710.000 2710.000 2710.000 2710.000 2720.000 2720.000 2720.000 2720.000
2710.000 2709.999 2710.000 2709.999 2720.000 2719.999 2720.000 2719.999
2709.999 2709.999 2709.999 2709.999 2719.999 2719.999 2719.999 2719.999
2709.999 2709.998 2709.999 2709.998 2719.999 2719.998 2719.999 2719.998
2709.998 2709.998 2709.998 2709.998 2719.998 2719.998 2719.998 2719.998
2709.998 2709.997 2709.998 2709.997 2719.998 2719.997 2719.998 2719.997
2709.997 2709.996 2709.997 2709.996 2719.997 2719.996 2719.997 2719.996
2709.996 2709.995 2709.996 2709.995 2719.996 2719.995 2719.996 2719.995
2709.995 2709.994 2709.995 2709.994 2719.995 2719.994 2719.995 2719.994
2709.994 2709.992 2709.994 2709.992 2719.994 2719.992 2719.994 2719.992
2709.992 2709.994 2709.992 2709.994 2719.992 2719.994 2719.992 2719.994
2709.994 2709.995 2709.994 2709.995 2719.994 2719.995 2719.994 2719.995
2709.995 2709.996 2709.995 2709.996 2719.995 2719.996 2719.995 2719.996
2709.996 2709.997 2709.996 2709.997 2719.996 2719.997 2719.996 2719.997
2709.997 2709.998 2709.997 2709.998 2719.997 2719.998 2719.997 2719.998
2709.998 2709.998 2709.998 2709.998 2719.998 2719.998 2719.998 2719.998
2709.998 2709.999 2709.998 2709.999 2719.998 2719.999 2719.998 2719.999
2709.999 2709.999 2709.999 2709.999 2719.999 2719.999 2719.999 2719.999
2709.999 2710.000 2709.999 2710.000 2719.999 2720.000 2719.999 2720.000
2710.000 2710.000 2710.000 2710.000 2720.000 2720.000 2720.000 2720.000
2710.000 2710.000 2710.000 2710.000 2720.000 2720.000 2720.000 2720.000
2710.000 2709.999 2710.000 2709.999 2720.000 2719.999 2720.000 2719.999
2709.999 2709.999 2709.999 2709.999 2719.999 2719.999 2719.999 2719.999
2709.999 2709.998 2709.999 2709.998 2719.999 2719.998 2719.999 2719.998
2709.998 2709.998 2709.998 2709.998 2719.998 2719.998 2719.998 2719.998
2709.998 2709.997 2709.998 2709.997 2719.998 2719.997 2719.998 2719.997
2709.997 2709.996 2709.997 2709.996 2719.997 2719.996 2719.997 2719.996
2709.996 2709.995 2709.996 2709.995 2719.996 2719.995 2719.996 2719.995
2709.995 2709.994 2709.995 2709.994 2719.995 2719.994 2719.995 2719.994
2709.994 2709.992 2709.994 2709.992 2719.994 2719.992 2719.994 2719.992
2709.992 2709.994 2709.992 2709.994 2719.992 2719.994 2719.992 2719.994
2709.994 2709.995 2709.994 2709.995 2719.994 2719.995 2719.994 2719.995
2709.995 2709.996 2709.995 2709.996 2719.995 2719.996 2719.995 2719.996
2709.996 2709.997 2709.996 2709.997 2719.996 2719.997 2719.996 2719.997
2709.997 2709.998 2709.997 2709.998 2719.997 2719.998 2719.997 2719.998
2709.998 2709.998 2709.998 2709.998 2719.998 2719.998 2719.998 2719.998
2709.998 2709.999 2709.998 2709.999 2719.998 2719.999 2719.998 2719.999
2709.999 2709.999 2709.999 2709.999 2719.999 2719.999 2719.999 2719.999
2709.999 2710.000 2709.999 2710.000 2719.999 2720.000 2719.999 2720.000
2710.000 2710.000 2710.000 2710.000 2720.000 2720.000 2720.000 2720.000
2710.000 2710.000 2710.000 2710.000 2720.000 2720.000 2720.000 2720.000
2710.000 2709.999 2710.000 2709.999 2720.000 2719.999 2720.000 2719.999
2709.999 2709.999 2709.999 2709.999 2719.999 2719.999 2719.999 2719.999
2709.999 2709.998 2709.999 2709.998 2719.999 2719.998 2719.999 2719.998
2709.998 2709.998 2709.998 2709.998 2719.998 2719.998 2719.998 2719.998
2709.998 2709.997 2709.998 2709.997 2719.998 2719.997 2719.998 2719.997
2709.997 2709.996 2709.997 2709.996 2719.997 2719.996 2719.997 2719.996
2709.996 2709.995 2709.996 2709.995 2719.996 2719.995 2719.996 2719.995
2709.995 2709.994 2709.995 2709.994 2719.995 2719.994 2719.995 2719.994
2709.994 2709.992 2709.994 2709.992 2719.994 2719.992 2719.994 2719.992
2709.992 2709.994 2709.992 2709.993 2719.992 2719.994 2719.992 2719.993
2709.994 2709.995 2709.993 2709.995 2719.994 2719.995 2719.993 2719.995
2709.995 2709.996 2709.995 2709.996 2719.995 2719.996 2719.995 2719.996
2709.996 2709.997 2709.996 2709.997 2719.996 2719.997 2719.996 2719.997
2709.997 2709.998 2709.997 2709.998 2719.997 2719.998 2719.997 2719.998
2709.998 2709.998 2709.998 2709.998 2719.998 2719.998 2719.998 2719.998
2709.998 2709.999 2709.998 2709.999 2719.998 2719.999 2719.998 2719.999
2709.999 2709.999 2709.999 2709.999 2719.999 2719.999 2719.999 2719.999
2709.999 2710.000 2709.999 2709.999 2719.999 2720.000 2719.999 2719.999
2710.000 2710.000 2709.999 2710.000 2720.000 2720.000 2719.999 2720.000
2710.000 2710.000 2710.000 2709.999 2720.000 2720.000 2720.000 2719.999
2710.000 2709.999 2709.999 2709.999 2720.000 2719.999 2719.999 2719.999
2709.999 2709.999 2709.999 2709.999 2719.999 2719.999 2719.999 2719.999
2709.999 2709.998 2709.999 2709.998 2719.999 2719.998 2719.999 2719.998
2709.998 2709.998 2709.998 2709.998 2719.998 2719.998 2719.998 2719.998
2709.998 2709.997 2709.998 2709.997 2719.998 2719.997 2719.998 2719.997
2709.997 2709.996 2709.997 2709.996 2719.997 2719.996 2719.997 2719.996
2709.996 2709.995 2709.996 2709.995 2719.996 2719.995 2719.996 2719.995
2709.995 2709.994 2709.995 2709.993 2719.995 2719.994 2719.995 2719.993
2709.994 2709.992 2709.993 2709.992 2719.994 2719.992 2719.993 2719.992
2709.992 2709.993 2709.992 2709.993 2719.992 2719.993 2719.992 2719.993
2709.993 2709.995 2709.993 2709.995 2719.993 2719.995 2719.993 2719.995
2709.995 2709.996 2709.995 2709.996 2719.995 2719.996 2719.995 2719.996
2709.996 2709.997 2709.996 2709.997 2719.996 2719.997 2719.996 2719.997
2709.997 2709.998 2709.997 2709.998 2719.997 2719.998 2719.997 2719.998
2709.998 2709.998 2709.998 2709.998 2719.998 2719.998 2719.998 2719.998
2709.998 2709.999 2709.998 2709.999 2719.998 2719.999 2719.998 2719.999
2709.999 2709.999 2709.999 2709.999 2719.999 2719.999 2719.999 2719.999
2709.999 2709.999 2709.999 2709.999 2719.999 2719.999 2719.999 2719.999
2709.999 2710.000 2709.999 2710.000 2719.999 2720.000 2719.999 2720.000
2710.000 2709.999 2710.000 2709.999 2720.000 2719.999 2720.000 2719.999
2709.999 2709.999 2709.999 2709.999 2719.999 2719.999 2719.999 2719.999
2709.999 2709.999 2709.999 2709.999 2719.999 2719.999 2719.999 2719.999
2709.999 2709.998 2709.999 2709.998 2719.999 2719.998 2719.999 2719.998
2709.998 2709.998 2709.998 2709.998 2719.998 2719.998 2719.998 2719.998
2709.998 2709.997 2709.998 2709.997 2719.998 2719.997 2719.998 2719.997
2709.997 2709.996 2709.997 2709.996 2719.997 2719.996 2719.997 2719.996
2709.996 2709.995 2709.996 2709.995 2719.996 2719.995 2719.996 2719.995
2709.995 2709.993 2709.995 2709.993 2719.995 2719.993 2719.995 2719.993
2709.993 2709.992 2709.993 2709.992 2719.993 2719.992 2719.993 2719.992
2719.992 2719.993 2719.992 2719.993 2729.992 2729.993 2729.992 2729.993
2719.993 2719.995 2719.993 2719.995 2729.993 2729.995 2729.993 2729.995
2719.995 2719.996 2719.995 2719.996 2729.995 2729.996 2729.995 2729.996
2719.996 2719.997 2719.996 2719.997 2729.996 2729.997 2729.996 2729.997
2719.997 2719.998 2719.997 2719.998 2729.997 2729.998 2729.997 2729.998
2719.998 2719.998 2719.998 2719.998 2729.998 2729.998 2729.998 2729.998
2719.998 2719.999 2719.998 2719.999 2729.998 2729.999 2729.998 2729.999
2719.999 2719.999 2719.999 2719.999 2729.999 2729.999 2729.999 2729.999
2719.999 2719.999 2719.999 2719.999 2729.999 2729.999 2729.999 2729.999
2719.999 2720.000 2719.999 2720.000 2729.999 2730.000 2729.999 2730.000
2720.000 2719.999 2720.000 2719.999 2730.000 2729.999 2730.000 2729.999
2719.999 2719.999 2719.999 2719.999 2729.999 2729.999 2729.999 2729.999
2719.999 2719.999 2719.999 2719.999 2729.999 2729.999 2729.999 2729.999
2719.999 2719.998 2719.999 2719.998 2729.999 2729.998 2729.999 2729.998
2719.998 2719.998 2719.998 2719.998 2729.998 2729.998 2729.998 2729.998
2719.998 2719.997 2719.998 2719.997 2729.998 2729.997 2729.998 2729.997
2719.997 2719.996 2719.997 2719.996 2729.997 2729.996 2729.997 2729.996
2719.996 2719.995 2719.996 2719.995 2729.996 2729.995 2729.996 2729.995
2719.995 2719.993 2719.995 2719.993 2729.995 2729.993 2729.995 2729.993
2719.993 2719.992 2719.993 2719.992 2729.993 2729.992 2729.993 2729.992
2719.992 2719.993 2719.992 2719.994 2729.992 2729.993 2729.992 2729.994
2719.993 2719.995 2719.994 2719.995 2729.993 2729.995 2729.994 2729.995
2719.995 2719.996 2719.995 2719.996 2729.995 2729.996 2729.995 2729.996
2719.996 2719.997 2719.996 2719.997 2729.996 2729.997 2729.996 2729.997
2719.997 2719.998 2719.997 2719.998 2729.997 2729.998 2729.997 2729.998
2719.998 2719.998 2719.998 2719.998 2729.998 2729.998 2729.998 2729.998
2719.998 2719.999 2719.998 2719.999 2729.998 2729.999 2729.998 2729.999
2719.999 2719.999 2719.999 2719.999 2729.999 2729.999 2729.999 2729.999
2719.999 2719.999 2719.999 2720.000 2729.999 2729.999 2729.999 2730.000
2719.999 2720.000 2720.000 2720.000 2729.999 2730.000 2730.000 2730.000
2720.000 2719.999 2720.000 2720.000 2730.000 2729.999 2730.000 2730.000
2719.999 2719.999 2720.000 2719.999 2729.999 2729.999 2730.000 2729.999
2719.999 2719.999 2719.999 2719.999 2729.999 2729.999 2729.999 2729.999
2719.999 2719.998 2719.999 2719.998 2729.999 2729.998 2729.999 2729.998
2719.998 2719.998 2719.998 2719.998 2729.998 2729.998 2729.998 2729.998
2719.998 2719.997 2719.998 2719.997 2729.998 2729.997 2729.998 2729.997
2719.997 2719.996 2719.997 2719.996 2729.997 2729.996 2729.997 2729.996
2719.996 2719.995 2719.996 2719.995 2729.996 2729.995 2729.996 2729.995
2719.995 2719.993 2719.995 2719.994 2729.995 2729.993 2729.995 2729.994
2719.993 2719.992 2719.994 2719.992 2729.993 2729.992 2729.994 2729.992
2719.992 2719.994 2719.992 2719.994 2729.992 2729.994 2729.992 2729.994
2719.994 2719.995 2719.994 2719.995 2729.994 2729.995 2729.994 2729.995
2719.995 2719.996 2719.995 2719.996 2729.995 2729.996 2729.995 2729.996
2719.996 2719.997 2719.996 2719.997 2729.996 2729.997 2729.996 2729.997
2719.997 2719.998 2719.997 2719.998 2729.997 2729.998 2729.997 2729.998
2719.998 2719.998 2719.998 2719.998 2729.998 2729.998 2729.998 2729.998
2719.998 2719.999 2719.998 2719.999 2729.998 2729.999 2729.998 2729.999
2719.999 2719.999 2719.999 2719.999 2729.999 2729.999 2729.999 2729.999
2719.999 2720.000 2719.999 2720.000 2729.999 2730.000 2729.999 2730.000
2720.000 2720.000 2720.000 2720.000 2730.000 2730.000 2730.000 2730.000
2720.000 2720.000 2720.000 2720.000 2730.000 2730.000 2730.000 2730.000
2720.000 2719.999 2720.000 2719.999 2730.000 2729.999 2730.000 2729.999
2719.999 2719.999 2719.999 2719.999 2729.999 2729.999 2729.999 2729.999
2719.999 2719.998 2719.999 2719.998 2729.999 2729.998 2729.999 2729.998
2719.998 2719.998 2719.998 2719.998 2729.998 2729.998 2729.998 2729.998
2719.998 2719.997 2719.998 2719.997 2729.998 2729.997 2729.998 2729.997
2719.997 2719.996 2719.997 2719.996 2729.997 2729.996 2729.997 2729.996
2719.996 2719.995 2719.996 2719.995 2729.996 2729.995 2729.996 2729.995
2719.995 2719.994 2719.995 2719.994 2729.995 2729.994 2729.995 2729.994
2719.994 2719.992 2719.994 2719.992 2729.994 2729.992 2729.994 2729.992
2719.992 2719.994 2719.992 2719.994 2729.992 2729.994 2729.992 2729.994
2719.994 2719.995 2719.994 2719.995 2729.994 2729.995 2729.994 2729.995
2719.995 2719.996 2719.995 2719.996 2729.995 2729.996 2729.995 2729.996
2719.996 2719.997 2719.996 2719.997 2729.996 2729.997 2729.996 2729.997
2719.997 2719.998 2719.997 2719.998 2729.997 2729.998 2729.997 2729.998
2719.998 2719.998 2719.998 2719.998 2729.998 2729.998 2729.998 2729.998
2719.998 2719.999 2719.998 2719.999 2729.998 2729.999 2729.998 2729.999
2719.999 2719.999 2719.999 2719.999 2729.999 2729.999 2729.999 2729.999
2719.999 2720.000 2719.999 2720.000 2729.999 2730.000 2729.999 2730.000
2720.000 2720.000 2720.000 2720.000 2730.000 2730.000 2730.000 2730.000
2720.000 2720.000 2720.000 2720.000 2730.000 2730.000 2730.000 2730.000
2720.000 2719.999 2720.000 2719.999 2730.000 2729.999 2730.000 2729.999
2719.999 2719.999 2719.999 2719.999 2729.999 2729.999 2729.999 2729.999
2719.999 2719.998 2719.999 2719.998 2729.999 2729.998 2729.999 2729.998
2719.998 2719.998 2719.998 2719.998 2729.998 2729.998 2729.998 2729.998
2719.998 2719.997 2719.998 2719.997 2729.998 2729.997 2729.998 2729.997
2719.997 2719.996 2719.997 2719.996 2729.997 2729.996 2729.997 2729.996
2719.996 2719.995 2719.996 2719.995 2729.996 2729.995 2729.996 2729.995
2719.995 2719.994 2719.995 2719.994 2729.995 2729.994 2729.995 2729.994
2719.994 2719.992 2719.994 2719.992 2729.994 2729.992 2729.994 2729.992
2719.992 2719.994 2719.992 2719.994 2729.992 2729.994 2729.992 2729.994
2719.994 2719.995 2719.994 2719.995 2729.994 2729.995 2729.994 2729.995
2719.995 2719.996 2719.995 2719.996 2729.995 2729.996 2729.995 2729.996
2719.996 2719.997 2719.996 2719.997 2729.996 2729.997 2729.996 2729.997
2719.997 2719.998 2719.997 2719.998 2729.997 2729.998 2729.997 2729.998
2719.998 2719.998 2719.998 2719.998 2729.998 2729.998 2729.998 2729.998
2719.998 2719.999 2719.998 2719.999 2729.998 2729.999 2729.998 2729.999
2719.999 2719.999 2719.999 2719.999 2729.999 2729.999 2729.999 2729.999
2719.999 2720.000 2719.999 2720.000 2729.999 2730.000 2729.999 2730.000
2720.000 2720.000 2720.000 2720.000 2730.000 2730.000 2730.000 2730.000
2720.000 2720.000 2720.000 2720.000 2730.000 2730.000 2730.000 2730.000
2720.000 2719.999 2720.000 2719.999 2730.000 2729.999 2730.000 2729.999
2719.999 2719.999 2719.999 2719.999 2729.999 2729.999 2729.999 2729.999
2719.999 2719.998 2719.999 2719.998 2729.999 2729.998 2729.999 2729.998
2719.998 2719.998 2719.998 2719.998 2729.998 2729.998 2729.998 2729.998
2719.998 2719.997 2719.998 2719.997 2729.998 2729.997 2729.998 2729.997
2719.997 2719.996 2719.997 2719.996 2729.997 2729.996 2729.997 2729.996
2719.996 2719.995 2719.996 2719.995 2729.996 2729.995 2729.996 2729.995
2719.995 2719.994 2719.995 2719.994 2729.995 2729.994 2729.995 2729.994
2719.994 2719.992 2719.994 2719.992 2729.994 2729.992 2729.994 2729.992
2719.992 2719.994 2719.992 2719.994 2729.992 2729.994 2729.992 2729.994
2719.994 2719.995 2719.994 2719.995 2729.994 2729.995 2729.994 2729.995
2719.995 2719.996 2719.995 2719.996 2729.995 2729.996 2729.995 2729.996
2719.996 2719.997 2719.996 2719.997 2729.996 2729.997 2729.996 2729.997
2719.997 2719.998 2719.997 2719.998 2729.997 2729.998 2729.997 2729.998
2719.998 2719.998 2719.998 2719.999 2729.998 2729.998 2729.998 2729.999
2719.998 2719.999 2719.999 2719.999 2729.998 2729.999 2729.999 2729.999
2719.999 2719.999 2719.999 2719.999 2729.999 2729.999 2729.999 2729.999
2719.999 2720.000 2719.999 2720.000 2729.999 2730.000 2729.999 2730.000
2720.000 2720.000 2720.000 2720.000 2730.000 2730.000 2730.000 2730.000
2720.000 2720.000 2720.000 2720.000 2730.000 2730.000 2730.000 2730.000
2720.000 2719.999 2720.000 2719.999 2730.000 2729.999 2730.000 2729.999
2719.999 2719.999 2719.999 2719.999 2729.999 2729.999 2729.999 2729.999
2719.999 2719.998 2719.999 2719.999 2729.999 2729.998 2729.999 2729.999
2719.998 2719.998 2719.999 2719.998 2729.998 2729.998 2729.999 2729.998
2719.998 2719.997 2719.998 2719.997 2729.998 2729.997 2729.998 2729.997
2719.997 2719.996 2719.997 2719.996 2729.997 2729.996 2729.997 2729.996
2719.996 2719.995 2719.996 2719.995 2729.996 2729.995 2729.996 2729.995
2719.995 2719.994 2719.995 2719.994 2729.995 2729.994 2729.995 2729.994
2719.994 2719.992 2719.994 2719.992 2729.994 2729.992 2729.994 2729.992
2719.992 2719.994 2719.992 2719.994 2729.992 2729.994 2729.992 2729.994
2719.994 2719.995 2719.994 2719.995 2729.994 2729.995 2729.994 2729.995
2719.995 2719.996 2719.995 2719.996 2729.995 2729.996 2729.995 2729.996
2719.996 2719.997 2719.996 2719.997 2729.996 2729.997 2729.996 2729.997
2719.997 2719.998 2719.997 2719.998 2729.997 2729.998 2729.997 2729.998
2719.998 2719.999 2719.998 2719.999 2729.998 2729.999 2729.998 2729.999
2719.999 2719.999 2719.999 2719.999 2729.999 2729.999 2729.999 2729.999
2719.999 2719.999 2719.999 2719.999 2729.999 2729.999 2729.999 2729.999
2719.999 2720.000 2719.999 2720.000 2729.999 2730.000 2729.999 2730.000
2720.000 2720.000 2720.000 2720.000 2730.000 2730.000 2730.000 2730.000
2720.000 2720.000 2720.000 2720.000 2730.000 2730.000 2730.000 2730.000
2720.000 2719.999 2720.000 2719.999 2730.000 2729.999 2730.000 2729.999
2719.999 2719.999 2719.999 2719.999 2729.999 2729.999 2729.999 2729.999
2719.999 2719.999 2719.999 2719.999 2729.999 2729.999 2729.999 2729.999
2719.999 2719.998 2719.999 2719.998 2729.999 2729.998 2729.999 2729.998
2719.998 2719.997 2719.998 2719.997 2729.998 2729.997 2729.998 2729.997
2719.997 2719.996 2719.997 2719.996 2729.997 2729.996 2729.997 2729.996
2719.996 2719.995 2719.996 2719.995 2729.996 2729.995 2729.996 2729.995
2719.995 2719.994 2719.995 2719.994 2729.995 2729.994 2729.995 2729.994
2719.994 2719.992 2719.994 2719.992 2729.994 2729.992 2729.994 2729.992
2719.992 2719.994 2719.992 2719.994 2729.992 2729.994 2729.992 2729.994
2719.994 2719.995 2719.994 2719.995 2729.994 2729.995 2729.994 2729.995
2719.995 2719.996 2719.995 2719.996 2729.995 2729.996 2729.995 2729.996
2719.996 2719.997 2719.996 2719.997 2729.996 2729.997 2729.996 2729.997
2719.997 2719.998 2719.997 2719.998 2729.997 2729.998 2729.997 2729.998
2719.998 2719.999 2719.998 2719.999 2729.998 2729.999 2729.998 2729.999
2719.999 2719.999 2719.999 2719.999 2729.999 2729.999 2729.999 2729.999
2719.999 2719.999 2719.999 2719.999 2729.999 2729.999 2729.999 2729.999
2719.999 2720.000 2719.999 2720.000 2729.999 2730.000 2729.999 2730.000
2720.000 2720.000 2720.000 2720.000 2730.000 2730.000 2730.000 2730.000
2720.000 2720.000 2720.000 2720.000 2730.000 2730.000 2730.000 2730.000
2720.000 2719.999 2720.000 2719.999 2730.000 2729.999 2730.000 2729.999
2719.999 2719.999 2719.999 2719.999 2729.999 2729.999 2729.999 2729.999
2719.999 2719.999 2719.999 2719.999 2729.999 2729.999 2729.999 2729.999
2719.999 2719.998 2719.999 2719.998 2729.999 2729.998 2729.999 2729.998
2719.998 2719.997 2719.998 2719.997 2729.998 2729.997 2729.998 2729.997
2719.997 2719.996 2719.997 2719.996 2729.997 2729.996 2729.997 2729.996
2719.996 2719.995 2719.996 2719.995 2729.996 2729.995 2729.996 2729.995
2719.995 2719.994 2719.995 2719.994 2729.995 2729.994 2729.995 2729.994
2719.994 2719.992 2719.994 2719.992 2729.994 2729.992 2729.994 2729.992
2719.992 2719.994 2719.992 2719.994 2729.992 2729.994 2729.992 2729.994
2719.994 2719.995 2719.994 2719.995 2729.994 2729.995 2729.994 2729.995
2719.995 2719.996 2719.995 2719.996 2729.995 2729.996 2729.995 2729.996
2719.996 2719.997 2719.996 2719.997 2729.996 2729.997 2729.996 2729.997
2719.997 2719.998 2719.997 2719.998 2729.997 2729.998 2729.997 2729.998
2719.998 2719.999 2719.998 2719.999 2729.998 2729.999 2729.998 2729.999
2719.999 2719.999 2719.999 2719.999 2729.999 2729.999 2729.999 2729.999
2719.999 2719.999 2719.999 2720.000 2729.999 2729.999 2729.999 2730.000
2719.999 2720.000 2720.000 2720.000 2729.999 2730.000 2730.000 2730.000
2720.000 2720.000 2720.000 2720.000 2730.000 2730.000 2730.000 2730.000
2720.000 2720.000 2720.000 2720.000 2730.000 2730.000 2730.000 2730.000
2720.000 2719.999 2720.000 2720.000 2730.000 2729.999 2730.000 2730.000
2719.999 2719.999 2720.000 2719.999 2729.999 2729.999 2730.000 2729.999
2719.999 2719.999 2719.999 2719.999 2729.999 2729.999 2729.999 2729.999
2719.999 2719.998 2719.999 2719.998 2729.999 2729.998 2729.999 2729.998
2719.998 2719.997 2719.998 2719.997 2729.998 2729.997 2729.998 2729.997
2719.997 2719.996 2719.997 2719.996 2729.997 2729.996 2729.997 2729.996
2719.996 2719.995 2719.996 2719.995 2729.996 2729.995 2729.996 2729.995
2719.995 2719.994 2719.995 2719.994 2729.995 2729.994 2729.995 2729.994
2719.994 2719.992 2719.994 2719.992 2729.994 2729.992 2729.994 2729.992
2719.992 2719.994 2719.992 2719.994 2729.992 2729.994 2729.992 2729.994
2719.994 2719.995 2719.994 2719.995 2729.994 2729.995 2729.994 2729.995
2719.995 2719.996 2719.995 2719.996 2729.995 2729.996 2729.995 2729.996
2719.996 2719.997 2719.996 2719.997 2729.996 2729.997 2729.996 2729.997
2719.997 2719.998 2719.997 2719.998 2729.997 2729.998 2729.997 2729.998
2719.998 2719.999 2719.998 2719.999 2729.998 2729.999 2729.998 2729.999
2719.999 2719.999 2719.999 2719.999 2729.999 2729.999 2729.999 2729.999
2719.999 2720.000 2719.999 2720.000 2729.999 2730.000 2729.999 2730.000
2720.000 2720.000 2720.000 2720.000 2730.000 2730.000 2730.000 2730.000
2720.000 2720.000 2720.000 2720.000 2730.000 2730.000 2730.000 2730.000
2720.000 2720.000 2720.000 2720.000 2730.000 2730.000 2730.000 2730.000
2720.000 2720.000 2720.000 2720.000 2730.000 2730.000 2730.000 2730.000
2720.000 2719.999 2720.000 2719.999 2730.000 2729.999 2730.000 2729.999
2719.999 2719.999 2719.999 2719.999 2729.999 2729.999 2729.999 2729.999
2719.999 2719.998 2719.999 2719.998 2729.999 2729.998 2729.999 2729.998
2719.998 2719.997 2719.998 2719.997 2729.998 2729.997 2729.998 2729.997
2719.997 2719.996 2719.997 2719.996 2729.997 2729.996 2729.997 2729.996
2719.996 2719.995 2719.996 2719.995 2729.996 2729.995 2729.996 2729.995
2719.995 2719.994 2719.995 2719.994 2729.995 2729.994 2729.995 2729.994
2719.994 2719.992 2719.994 2719.992 2729.994 2729.992 2729.994 2729.992
2719.992 2719.994 2719.992 2719.994 2729.992 2729.994 2729.992 2729.994
2719.994 2719.995 2719.994 2719.995 2729.994 2729.995 2729.994 2729.995
2719.995 2719.996 2719.995 2719.996 2729.995 2729.996 2729.995 2729.996
2719.996 2719.997 2719.996 2719.997 2729.996 2729.997 2729.996 2729.997
2719.997 2719.998 2719.997 2719.998 2729.997 2729.998 2729.997 2729.998
2719.998 2719.999 2719.998 2719.999 2729.998 2729.999 2729.998 2729.999
2719.999 2719.999 2719.999 2719.999 2729.999 2729.999 2729.999 2729.999
2719.999 2720.000 2719.999 2720.000 2729.999 2730.000 2729.999 2730.000
2720.000 2720.000 2720.000 2720.000 2730.000 2730.000 2730.000 2730.000
2720.000 2720.000 2720.000 2720.000 2730.000 2730.000 2730.000 2730.000
2720.000 2720.000 2720.000 2720.000 2730.000 2730.000 2730.000 2730.000
2720.000 2720.000 2720.000 2720.000 2730.000 2730.000 2730.000 2730.000
2720.000 2719.999 2720.000 2719.999 2730.000 2729.999 2730.000 2729.999
2719.999 2719.999 2719.999 2719.999 2729.999 2729.999 2729.999 2729.999
2719.999 2719.998 2719.999 2719.998 2729.999 2729.998 2729.999 2729.998
2719.998 2719.997 2719.998 2719.997 2729.998 2729.997 2729.998 2729.997
2719.997 2719.996 2719.997 2719.996 2729.997 2729.996 2729.997 2729.996
2719.996 2719.995 2719.996 2719.995 2729.996 2729.995 2729.996 2729.995
2719.995 2719.994 2719.995 2719.994 2729.995 2729.994 2729.995 2729.994
2719.994 2719.992 2719.994 2719.992 2729.994 2729.992 2729.994 2729.992
2719.992 2719.994 2719.992 2719.994 2729.992 2729.994 2729.992 2729.994
2719.994 2719.995 2719.994 2719.995 2729.994 2729.995 2729.994 2729.995
2719.995 2719.996 2719.995 2719.996 2729.995 2729.996 2729.995 2729.996
2719.996 2719.997 2719.996 2719.997 2729.996 2729.997 2729.996 2729.997
2719.997 2719.998 2719.997 2719.998 2729.997 2729.998 2729.997 2729.998
2719.998 2719.999 2719.998 2719.999 2729.998 2729.999 2729.998 2729.999
2719.999 2719.999 2719.999 2719.999 2729.999 2729.999 2729.999 2729.999
2719.999 2720.000 2719.999 2720.000 2729.999 2730.000 2729.999 2730.000
2720.000 2720.000 2720.000 2720.000 2730.000 2730.000 2730.000 2730.000
2720.000 2720.000 2720.000 2720.000 2730.000 2730.000 2730.000 2730.000
2720.000 2720.000 2720.000 2720.000 2730.000 2730.000 2730.000 2730.000
2720.000 2720.000 2720.000 2720.000 2730.000 2730.000 2730.000 2730.000
2720.000 2719.999 2720.000 2719.999 2730.000 2729.999 2730.000 2729.999
2719.999 2719.999 2719.999 2719.999 2729.999 2729.999 2729.999 2729.999
2719.999 2719.998 2719.999 2719.998 2729.999 2729.998 2729.999 2729.998
2719.998 2719.997 2719.998 2719.997 2729.998 2729.997 2729.998 2729.997
2719.997 2719.996 2719.997 2719.996 2729.997 2729.996 2729.997 2729.996
2719.996 2719.995 2719.996 2719.995 2729.996 2729.995 2729.996 2729.995
2719.995 2719.994 2719.995 2719.994 2729.995 2729.994 2729.995 2729.994
2719.994 2719.992 2719.994 2719.992 2729.994 2729.992 2729.994 2729.992
2719.992 2719.994 2719.992 2719.994 2729.992 2729.994 2729.992 2729.994
2719.994 2719.995 2719.994 2719.995 2729.994 2729.995 2729.994 2729.995
2719.995 2719.996 2719.995 2719.996 2729.995 2729.996 2729.995 2729.996
2719.996 2719.997 2719.996 2719.997 2729.996 2729.997 2729.996 2729.997
2719.997 2719.998 2719.997 2719.998 2729.997 2729.998 2729.997 2729.998
2719.998 2719.999 2719.998 2719.999 2729.998 2729.999 2729.998 2729.999
2719.999 2719.999 2719.999 2719.999 2729.999 2729.999 2729.999 2729.999
2719.999 2720.000 2719.999 2720.000 2729.999 2730.000 2729.999 2730.000
2720.000 2720.000 2720.000 2720.000 2730.000 2730.000 2730.000 2730.000
2720.000 2720.000 2720.000 2720.000 2730.000 2730.000 2730.000 2730.000
2720.000 2720.000 2720.000 2720.000 2730.000 2730.000 2730.000 2730.000
2720.000 2720.000 2720.000 2720.000 2730.000 2730.000 2730.000 2730.000
2720.000 2719.999 2720.000 2719.999 2730.000 2729.999 2730.000 2729.999
2719.999 2719.999 2719.999 2719.999 2729.999 2729.999 2729.999 2729.999
2719.999 2719.998 2719.999 2719.998 2729.999 2729.998 2729.999 2729.998
2719.998 2719.997 2719.998 2719.997 2729.998 2729.997 2729.998 2729.997
2719.997 2719.996 2719.997 2719.996 2729.997 2729.996 2729.997 2729.996
2719.996 2719.995 2719.996 2719.995 2729.996 2729.995 2729.996 2729.995
2719.995 2719.994 2719.995 2719.994 2729.995 2729.994 2729.995 2729.994
2719.994 2719.992 2719.994 2719.992 2729.994 2729.992 2729.994 2729.992
2719.992 2719.994 2719.992 2719.994 2729.992 2729.994 2729.992 2729.994
2719.994 2719.995 2719.994 2719.995 2729.994 2729.995 2729.994 2729.995
2719.995 2719.996 2719.995 2719.996 2729.995 2729.996 2729.995 2729.996
2719.996 2719.997 2719.996 2719.997 2729.996 2729.997 2729.996 2729.997
2719.997 2719.998 2719.997 2719.998 2729.997 2729.998 2729.997 2729.998
2719.998 2719.999 2719.998 2719.999 2729.998 2729.999 2729.998 2729.999
2719.999 2719.999 2719.999 2719.999 2729.999 2729.999 2729.999 2729.999
2719.999 2720.000 2719.999 2720.000 2729.999 2730.000 2729.999 2730.000
2720.000 2720.000 2720.000 2720.000 2730.000 2730.000 2730.000 2730.000
2720.000 2720.000 2720.000 2720.000 2730.000 2730.000 2730.000 2730.000
2720.000 2720.000 2720.000 2720.000 2730.000 2730.000 2730.000 2730.000
2720.000 2720.000 2720.000 2720.000 2730.000 2730.000 2730.000 2730.000
2720.000 2719.999 2720.000 2719.999 2730.000 2729.999 2730.000 2729.999
2719.999 2719.999 2719.999 2719.999 2729.999 2729.999 2729.999 2729.999
2719.999 2719.998 2719.999 2719.998 2729.999 2729.998 2729.999 2729.998
2719.998 2719.997 2719.998 2719.997 2729.998 2729.997 2729.998 2729.997
2719.997 2719.996 2719.997 2719.996 2729.997 2729.996 2729.997 2729.996
2719.996 2719.995 2719.996 2719.995 2729.996 2729.995 2729.996 2729.995
2719.995 2719.994 2719.995 2719.994 2729.995 2729.994 2729.995 2729.994
2719.994 2719.992 2719.994 2719.992 2729.994 2729.992 2729.994 2729.992
2719.992 2719.994 2719.992 2719.994 2729.992 2729.994 2729.992 2729.994
2719.994 2719.995 2719.994 2719.995 2729.994 2729.995 2729.994 2729.995
2719.995 2719.996 2719.995 2719.996 2729.995 2729.996 2729.995 2729.996
2719.996 2719.997 2719.996 2719.997 2729.996 2729.997 2729.996 2729.997
2719.997 2719.998 2719.997 2719.998 2729.997 2729.998 2729.997 2729.998
2719.998 2719.999 2719.998 2719.999 2729.998 2729.999 2729.998 2729.999
2719.999 2719.999 2719.999 2719.999 2729.999 2729.999 2729.999 2729.999
2719.999 2720.000 2719.999 2720.000 2729.999 2730.000 2729.999 2730.000
2720.000 2720.000 2720.000 2720.000 2730.000 2730.000 2730.000 2730.000
2720.000 2720.000 2720.000 2720.000 2730.000 2730.000 2730.000 2730.000
2720.000 2720.000 2720.000 2720.000 2730.000 2730.000 2730.000 2730.000
2720.000 2720.000 2720.000 2720.000 2730.000 2730.000 2730.000 2730.000
2720.000 2719.999 2720.000 2719.999 2730.000 2729.999 2730.000 2729.999
2719.999 2719.999 2719.999 2719.999 2729.999 2729.999 2729.999 2729.999
2719.999 2719.998 2719.999 2719.998 2729.999 2729.998 2729.999 2729.998
2719.998 2719.997 2719.998 2719.997 2729.998 2729.997 2729.998 2729.997
2719.997 2719.996 2719.997 2719.996 2729.997 2729.996 2729.997 2729.996
2719.996 2719.995 2719.996 2719.995 2729.996 2729.995 2729.996 2729.995
2719.995 2719.994 2719.995 2719.994 2729.995 2729.994 2729.995 2729.994
2719.994 2719.992 2719.994 2719.992 2729.994 2729.992 2729.994 2729.992
2719.992 2719.994 2719.992 2719.994 2729.992 2729.994 2729.992 2729.994
2719.994 2719.995 2719.994 2719.995 2729.994 2729.995 2729.994 2729.995
2719.995 2719.996 2719.995 2719.996 2729.995 2729.996 2729.995 2729.996
2719.996 2719.997 2719.996 2719.997 2729.996 2729.997 2729.996 2729.997
2719.997 2719.998 2719.997 2719.998 2729.997 2729.998 2729.997 2729.998
2719.998 2719.999 2719.998 2719.999 2729.998 2729.999 2729.998 2729.999
2719.999 2719.999 2719.999 2719.999 2729.999 2729.999 2729.999 2729.999
2719.999 2720.000 2719.999 2720.000 2729.999 2730.000 2729.999 2730.000
2720.000 2720.000 2720.000 2720.000 2730.000 2730.000 2730.000 2730.000
2720.000 2720.000 2720.000 2720.000 2730.000 2730.000 2730.000 2730.000
2720.000 2720.000 2720.000 2720.000 2730.000 2730.000 2730.000 2730.000
2720.000 2720.000 2720.000 2720.000 2730.000 2730.000 2730.000 2730.000
2720.000 2719.999 2720.000 2719.999 2730.000 2729.999 2730.000 2729.999
2719.999 2719.999 2719.999 2719.999 2729.999 2729.999 2729.999 2729.999
2719.999 2719.998 2719.999 2719.998 2729.999 2729.998 2729.999 2729.998
2719.998 2719.997 2719.998 2719.997 2729.998 2729.997 2729.998 2729.997
2719.997 2719.996 2719.997 2719.996 2729.997 2729.996 2729.997 2729.996
2719.996 2719.995 2719.996 2719.995 2729.996 2729.995 2729.996 2729.995
2719.995 2719.994 2719.995 2719.994 2729.995 2729.994 2729.995 2729.994
2719.994 2719.992 2719.994 2719.992 2729.994 2729.992 2729.994 2729.992
2719.992 2719.994 2719.992 2719.994 2729.992 2729.994 2729.992 2729.994
2719.994 2719.995 2719.994 2719.995 2729.994 2729.995 2729.994 2729.995
2719.995 2719.996 2719.995 2719.996 2729.995 2729.996 2729.995 2729.996
2719.996 2719.997 2719.996 2719.997 2729.996 2729.997 2729.996 2729.997
2719.997 2719.998 2719.997 2719.998 2729.997 2729.998 2729.997 2729.998
2719.998 2719.999 2719.998 2719.999 2729.998 2729.999 2729.998 2729.999
2719.999 2719.999 2719.999 2719.999 2729.999 2729.999 2729.999 2729.999
2719.999 2720.000 2719.999 2720.000 2729.999 2730.000 2729.999 2730.000
2720.000 2720.000 2720.000 2720.000 2730.000 2730.000 2730.000 2730.000
2720.000 2720.000 2720.000 2720.000 2730.000 2730.000 2730.000 2730.000
2720.000 2720.000 2720.000 2720.000 2730.000 2730.000 2730.000 2730.000
2720.000 2720.000 2720.000 2720.000 2730.000 2730.000 2730.000 2730.000
2720.000 2719.999 2720.000 2719.999 2730.000 2729.999 2730.000 2729.999
2719.999 2719.999 2719.999 2719.999 2729.999 2729.999 2729.999 2729.999
2719.999 2719.998 2719.999 2719.998 2729.999 2729.998 2729.999 2729.998
2719.998 2719.997 2719.998 2719.997 2729.998 2729.997 2729.998 2729.997
2719.997 2719.996 2719.997 2719.996 2729.997 2729.996 2729.997 2729.996
2719.996 2719.995 2719.996 2719.995 2729.996 2729.995 2729.996 2729.995
2719.995 2719.994 2719.995 2719.994 2729.995 2729.994 2729.995 2729.994
2719.994 2719.992 2719.994 2719.992 2729.994 2729.992 2729.994 2729.992
2719.992 2719.994 2719.992 2719.994 2729.992 2729.994 2729.992 2729.994
2719.994 2719.995 2719.994 2719.995 2729.994 2729.995 2729.994 2729.995
2719.995 2719.996 2719.995 2719.996 2729.995 2729.996 2729.995 2729.996
2719.996 2719.997 2719.996 2719.997 2729.996 2729.997 2729.996 2729.997
2719.997 2719.998 2719.997 2719.998 2729.997 2729.998 2729.997 2729.998
2719.998 2719.999 2719.998 2719.999 2729.998 2729.999 2729.998 2729.999
2719.999 2719.999 2719.999 2719.999 2729.999 2729.999 2729.999 2729.999
2719.999 2720.000 2719.999 2720.000 2729.999 2730.000 2729.999 2730.000
2720.000 2720.000 2720.000 2720.000 2730.000 2730.000 2730.000 2730.000
2720.000 2720.000 2720.000 2720.000 2730.000 2730.000 2730.000 2730.000
2720.000 2720.000 2720.000 2720.000 2730.000 2730.000 2730.000 2730.000
2720.000 2720.000 2720.000 2720.000 2730.000 2730.000 2730.000 2730.000
2720.000 2719.999 2720.000 2719.999 2730.000 2729.999 2730.000 2729.999
2719.999 2719.999 2719.999 2719.999 2729.999 2729.999 2729.999 2729.999
2719.999 2719.998 2719.999 2719.998 2729.999 2729.998 2729.999 2729.998
2719.998 2719.997 2719.998 2719.997 2729.998 2729.997 2729.998 2729.997
2719.997 2719.996 2719.997 2719.996 2729.997 2729.996 2729.997 2729.996
2719.996 2719.995 2719.996 2719.995 2729.996 2729.995 2729.996 2729.995
2719.995 2719.994 2719.995 2719.994 2729.995 2729.994 2729.995 2729.994
2719.994 2719.992 2719.994 2719.992 2729.994 2729.992 2729.994 2729.992
2719.992 2719.994 2719.992 2719.994 2729.992 2729.994 2729.992 2729.994
2719.994 2719.995 2719.994 2719.995 2729.994 2729.995 2729.994 2729.995
2719.995 2719.996 2719.995 2719.996 2729.995 2729.996 2729.995 2729.996
2719.996 2719.997 2719.996 2719.997 2729.996 2729.997 2729.996 2729.997
2719.997 2719.998 2719.997 2719.998 2729.997 2729.998 2729.997 2729.998
2719.998 2719.999 2719.998 2719.999 2729.998 2729.999 2729.998 2729.999
2719.999 2719.999 2719.999 2719.999 2729.999 2729.999 2729.999 2729.999
2719.999 2720.000 2719.999 2720.000 2729.999 2730.000 2729.999 2730.000
2720.000 2720.000 2720.000 2720.000 2730.000 2730.000 2730.000 2730.000
2720.000 2720.000 2720.000 2720.000 2730.000 2730.000 2730.000 2730.000
2720.000 2720.000 2720.000 2720.000 2730.000 2730.000 2730.000 2730.000
2720.000 2720.000 2720.000 2720.000 2730.000 2730.000 2730.000 2730.000
2720.000 2719.999 2720.000 2719.999 2730.000 2729.999 2730.000 2729.999
2719.999 2719.999 2719.999 2719.999 2729.999 2729.999 2729.999 2729.999
2719.999 2719.998 2719.999 2719.998 2729.999 2729.998 2729.999 2729.998
2719.998 2719.997 2719.998 2719.997 2729.998 2729.997 2729.998 2729.997
2719.997 2719.996 2719.997 2719.996 2729.997 2729.996 2729.997 2729.996
2719.996 2719.995 2719.996 2719.995 2729.996 2729.995 2729.996 2729.995
2719.995 2719.994 2719.995 2719.994 2729.995 2729.994 2729.995 2729.994
2719.994 2719.992 2719.994 2719.992 2729.994 2729.992 2729.994 2729.992
2719.992 2719.994 2719.992 2719.994 2729.992 2729.994 2729.992 2729.994
2719.994 2719.995 2719.994 2719.995 2729.994 2729.995 2729.994 2729.995
2719.995 2719.996 2719.995 2719.996 2729.995 2729.996 2729.995 2729.996
2719.996 2719.997 2719.996 2719.997 2729.996 2729.997 2729.996 2729.997
2719.997 2719.998 2719.997 2719.998 2729.997 2729.998 2729.997 2729.998
2719.998 2719.999 2719.998 2719.999 2729.998 2729.999 2729.998 2729.999
2719.999 2719.999 2719.999 2719.999 2729.999 2729.999 2729.999 2729.999
2719.999 2720.000 2719.999 2720.000 2729.999 2730.000 2729.999 2730.000
2720.000 2720.000 2720.000 2720.000 2730.000 2730.000 2730.000 2730.000
2720.000 2720.000 2720.000 2720.000 2730.000 2730.000 2730.000 2730.000
2720.000 2720.000 2720.000 2720.000 2730.000 2730.000 2730.000 2730.000
2720.000 2720.000 2720.000 2720.000 2730.000 2730.000 2730.000 2730.000
2720.000 2719.999 2720.000 2719.999 2730.000 2729.999 2730.000 2729.999
2719.999 2719.999 2719.999 2719.999 2729.999 2729.999 2729.999 2729.999
2719.999 2719.998 2719.999 2719.998 2729.999 2729.998 2729.999 2729.998
2719.998 2719.997 2719.998 2719.997 2729.998 2729.997 2729.998 2729.997
2719.997 2719.996 2719.997 2719.996 2729.997 2729.996 2729.997 2729.996
2719.996 2719.995 2719.996 2719.995 2729.996 2729.995 2729.996 2729.995
2719.995 2719.994 2719.995 2719.994 2729.995 2729.994 2729.995 2729.994
2719.994 2719.992 2719.994 2719.992 2729.994 2729.992 2729.994 2729.992
2719.992 2719.994 2719.992 2719.994 2729.992 2729.994 2729.992 2729.994
2719.994 2719.995 2719.994 2719.995 2729.994 2729.995 2729.994 2729.995
2719.995 2719.996 2719.995 2719.996 2729.995 2729.996 2729.995 2729.996
2719.996 2719.997 2719.996 2719.997 2729.996 2729.997 2729.996 2729.997
2719.997 2719.998 2719.997 2719.998 2729.997 2729.998 2729.997 2729.998
2719.998 2719.999 2719.998 2719.999 2729.998 2729.999 2729.998 2729.999
2719.999 2719.999 2719.999 2719.999 2729.999 2729.999 2729.999 2729.999
2719.999 2720.000 2719.999 2720.000 2729.999 2730.000 2729.999 2730.000
2720.000 2720.000 2720.000 2720.000 2730.000 2730.000 2730.000 2730.000
2720.000 2720.000 2720.000 2720.000 2730.000 2730.000 2730.000 2730.000
2720.000 2720.000 2720.000 2720.000 2730.000 2730.000 2730.000 2730.000
2720.000 2720.000 2720.000 2720.000 2730.000 2730.000 2730.000 2730.000
2720.000 2719.999 2720.000 2719.999 2730.000 2729.999 2730.000 2729.999
2719.999 2719.999 2719.999 2719.999 2729.999 2729.999 2729.999 2729.999
2719.999 2719.998 2719.999 2719.998 2729.999 2729.998 2729.999 2729.998
2719.998 2719.997 2719.998 2719.997 2729.998 2729.997 2729.998 2729.997
2719.997 2719.996 2719.997 2719.996 2729.997 2729.996 2729.997 2729.996
2719.996 2719.995 2719.996 2719.995 2729.996 2729.995 2729.996 2729.995
2719.995 2719.994 2719.995 2719.994 2729.995 2729.994 2729.995 2729.994
2719.994 2719.992 2719.994 2719.992 2729.994 2729.992 2729.994 2729.992
2719.992 2719.994 2719.992 2719.994 2729.992 2729.994 2729.992 2729.994
2719.994 2719.995 2719.994 2719.995 2729.994 2729.995 2729.994 2729.995
2719.995 2719.996 2719.995 2719.996 2729.995 2729.996 2729.995 2729.996
2719.996 2719.997 2719.996 2719.997 2729.996 2729.997 2729.996 2729.997
2719.997 2719.998 2719.997 2719.998 2729.997 2729.998 2729.997 2729.998
2719.998 2719.999 2719.998 2719.999 2729.998 2729.999 2729.998 2729.999
2719.999 2719.999 2719.999 2719.999 2729.999 2729.999 2729.999 2729.999
2719.999 2720.000 2719.999 2720.000 2729.999 2730.000 2729.999 2730.000
2720.000 2720.000 2720.000 2720.000 2730.000 2730.000 2730.000 2730.000
2720.000 2720.000 2720.000 2720.000 2730.000 2730.000 2730.000 2730.000
2720.000 2720.000 2720.000 2720.000 2730.000 2730.000 2730.000 2730.000
2720.000 2720.000 2720.000 2720.000 2730.000 2730.000 2730.000 2730.000
2720.000 2719.999 2720.000 2719.999 2730.000 2729.999 2730.000 2729.999
2719.999 2719.999 2719.999 2719.999 2729.999 2729.999 2729.999 2729.999
2719.999 2719.998 2719.999 2719.998 2729.999 2729.998 2729.999 2729.998
2719.998 2719.997 2719.998 2719.997 2729.998 2729.997 2729.998 2729.997
2719.997 2719.996 2719.997 2719.996 2729.997 2729.996 2729.997 2729.996
2719.996 2719.995 2719.996 2719.995 2729.996 2729.995 2729.996 2729.995
2719.995 2719.994 2719.995 2719.994 2729.995 2729.994 2729.995 2729.994
2719.994 2719.992 2719.994 2719.992 2729.994 2729.992 2729.994 2729.992
2719.992 2719.994 2719.992 2719.994 2729.992 2729.994 2729.992 2729.994
2719.994 2719.995 2719.994 2719.995 2729.994 2729.995 2729.994 2729.995
2719.995 2719.996 2719.995 2719.996 2729.995 2729.996 2729.995 2729.996
2719.996 2719.997 2719.996 2719.997 2729.996 2729.997 2729.996 2729.997
2719.997 2719.998 2719.997 2719.998 2729.997 2729.998 2729.997 2729.998
2719.998 2719.999 2719.998 2719.999 2729.998 2729.999 2729.998 2729.999
2719.999 2719.999 2719.999 2719.999 2729.999 2729.999 2729.999 2729.999
2719.999 2720.000 2719.999 2720.000 2729.999 2730.000 2729.999 2730.000
2720.000 2720.000 2720.000 2720.000 2730.000 2730.000 2730.000 2730.000
2720.000 2720.000 2720.000 2720.000 2730.000 2730.000 2730.000 2730.000
2720.000 2720.000 2720.000 2720.000 2730.000 2730.000 2730.000 2730.000
2720.000 2720.000 2720.000 2720.000 2730.000 2730.000 2730.000 2730.000
2720.000 2719.999 2720.000 2719.999 2730.000 2729.999 2730.000 2729.999
2719.999 2719.999 2719.999 2719.999 2729.999 2729.999 2729.999 2729.999
2719.999 2719.998 2719.999 2719.998 2729.999 2729.998 2729.999 2729.998
2719.998 2719.997 2719.998 2719.997 2729.998 2729.997 2729.998 2729.997
2719.997 2719.996 2719.997 2719.996 2729.997 2729.996 2729.997 2729.996
2719.996 2719.995 2719.996 2719.995 2729.996 2729.995 2729.996 2729.995
2719.995 2719.994 2719.995 2719.994 2729.995 2729.994 2729.995 2729.994
2719.994 2719.992 2719.994 2719.992 2729.994 2729.992 2729.994 2729.992
2719.992 2719.994 2719.992 2719.994 2729.992 2729.994 2729.992 2729.994
2719.994 2719.995 2719.994 2719.995 2729.994 2729.995 2729.994 2729.995
2719.995 2719.996 2719.995 2719.996 2729.995 2729.996 2729.995 2729.996
2719.996 2719.997 2719.996 2719.997 2729.996 2729.997 2729.996 2729.997
2719.997 2719.998 2719.997 2719.998 2729.997 2729.998 2729.997 2729.998
2719.998 2719.999 2719.998 2719.999 2729.998 2729.999 2729.998 2729.999
2719.999 2719.999 2719.999 2719.999 2729.999 2729.999 2729.999 2729.999
2719.999 2720.000 2719.999 2720.000 2729.999 2730.000 2729.999 2730.000
2720.000 2720.000 2720.000 2720.000 2730.000 2730.000 2730.000 2730.000
2720.000 2720.000 2720.000 2720.000 2730.000 2730.000 2730.000 2730.000
2720.000 2720.000 2720.000 2720.000 2730.000 2730.000 2730.000 2730.000
2720.000 2720.000 2720.000 2720.000 2730.000 2730.000 2730.000 2730.000
2720.000 2719.999 2720.000 2719.999 2730.000 2729.999 2730.000 2729.999
2719.999 2719.999 2719.999 2719.999 2729.999 2729.999 2729.999 2729.999
2719.999 2719.998 2719.999 2719.998 2729.999 2729.998 2729.999 2729.998
2719.998 2719.997 2719.998 2719.997 2729.998 2729.997 2729.998 2729.997
2719.997 2719.996 2719.997 2719.996 2729.997 2729.996 2729.997 2729.996
2719.996 2719.995 2719.996 2719.995 2729.996 2729.995 2729.996 2729.995
2719.995 2719.994 2719.995 2719.994 2729.995 2729.994 2729.995 2729.994
2719.994 2719.992 2719.994 2719.992 2729.994 2729.992 2729.994 2729.992
2719.992 2719.994 2719.992 2719.994 2729.992 2729.994 2729.992 2729.994
2719.994 2719.995 2719.994 2719.995 2729.994 2729.995 2729.994 2729.995
2719.995 2719.996 2719.995 2719.996 2729.995 2729.996 2729.995 2729.996
2719.996 2719.997 2719.996 2719.997 2729.996 2729.997 2729.996 2729.997
2719.997 2719.998 2719.997 2719.998 2729.997 2729.998 2729.997 2729.998
2719.998 2719.999 2719.998 2719.999 2729.998 2729.999 2729.998 2729.999
2719.999 2719.999 2719.999 2719.999 2729.999 2729.999 2729.999 2729.999
2719.999 2720.000 2719.999 2720.000 2729.999 2730.000 2729.999 2730.000
2720.000 2720.000 2720.000 2720.000 2730.000 2730.000 2730.000 2730.000
2720.000 2720.000 2720.000 2720.000 2730.000 2730.000 2730.000 2730.000
2720.000 2720.000 2720.000 2720.000 2730.000 2730.000 2730.000 2730.000
2720.000 2720.000 2720.000 2720.000 2730.000 2730.000 2730.000 2730.000
2720.000 2719.999 2720.000 2719.999 2730.000 2729.999 2730.000 2729.999
2719.999 2719.999 2719.999 2719.999 2729.999 2729.999 2729.999 2729.999
2719.999 2719.998 2719.999 2719.998 2729.999 2729.998 2729.999 2729.998
2719.998 2719.997 2719.998 2719.997 2729.998 2729.997 2729.998 2729.997
2719.997 2719.996 2719.997 2719.996 2729.997 2729.996 2729.997 2729.996
2719.996 2719.995 2719.996 2719.995 2729.996 2729.995 2729.996 2729.995
2719.995 2719.994 2719.995 2719.994 2729.995 2729.994 2729.995 2729.994
2719.994 2719.992 2719.994 2719.992 2729.994 2729.992 2729.994 2729.992
2719.992 2719.994 2719.992 2719.994 2729.992 2729.994 2729.992 2729.994
2719.994 2719.995 2719.994 2719.995 2729.994 2729.995 2729.994 2729.995
2719.995 2719.996 2719.995 2719.996 2729.995 2729.996 2729.995 2729.996
2719.996 2719.997 2719.996 2719.997 2729.996 2729.997 2729.996 2729.997
2719.997 2719.998 2719.997 2719.998 2729.997 2729.998 2729.997 2729.998
2719.998 2719.999 2719.998 2719.999 2729.998 2729.999 2729.998 2729.999
2719.999 2719.999 2719.999 2719.999 2729.999 2729.999 2729.999 2729.999
2719.999 2720.000 2719.999 2720.000 2729.999 2730.000 2729.999 2730.000
2720.000 2720.000 2720.000 2720.000 2730.000 2730.000 2730.000 2730.000
2720.000 2720.000 2720.000 2720.000 2730.000 2730.000 2730.000 2730.000
2720.000 2720.000 2720.000 2720.000 2730.000 2730.000 2730.000 2730.000
2720.000 2720.000 2720.000 2720.000 2730.000 2730.000 2730.000 2730.000
2720.000 2719.999 2720.000 2719.999 2730.000 2729.999 2730.000 2729.999
2719.999 2719.999 2719.999 2719.999 2729.999 2729.999 2729.999 2729.999
2719.999 2719.998 2719.999 2719.998 2729.999 2729.998 2729.999 2729.998
2719.998 2719.997 2719.998 2719.997 2729.998 2729.997 2729.998 2729.997
2719.997 2719.996 2719.997 2719.996 2729.997 2729.996 2729.997 2729.996
2719.996 2719.995 2719.996 2719.995 2729.996 2729.995 2729.996 2729.995
2719.995 2719.994 2719.995 2719.994 2729.995 2729.994 2729.995 2729.994
2719.994 2719.992 2719.994 2719.992 2729.994 2729.992 2729.994 2729.992
2719.992 2719.994 2719.992 2719.994 2729.992 2729.994 2729.992 2729.994
2719.994 2719.995 2719.994 2719.995 2729.994 2729.995 2729.994 2729.995
2719.995 2719.996 2719.995 2719.996 2729.995 2729.996 2729.995 2729.996
2719.996 2719.997 2719.996 2719.997 2729.996 2729.997 2729.996 2729.997
2719.997 2719.998 2719.997 2719.998 2729.997 2729.998 2729.997 2729.998
2719.998 2719.999 2719.998 2719.999 2729.998 2729.999 2729.998 2729.999
2719.999 2719.999 2719.999 2719.999 2729.999 2729.999 2729.999 2729.999
2719.999 2720.000 2719.999 2720.000 2729.999 2730.000 2729.999 2730.000
2720.000 2720.000 2720.000 2720.000 2730.000 2730.000 2730.000 2730.000
2720.000 2720.000 2720.000 2720.000 2730.000 2730.000 2730.000 2730.000
2720.000 2720.000 2720.000 2720.000 2730.000 2730.000 2730.000 2730.000
2720.000 2720.000 2720.000 2720.000 2730.000 2730.000 2730.000 2730.000
2720.000 2719.999 2720.000 2719.999 2730.000 2729.999 2730.000 2729.999
2719.999 2719.999 2719.999 2719.999 2729.999 2729.999 2729.999 2729.999
2719.999 2719.998 2719.999 2719.998 2729.999 2729.998 2729.999 2729.998
2719.998 2719.997 2719.998 2719.997 2729.998 2729.997 2729.998 2729.997
2719.997 2719.996 2719.997 2719.996 2729.997 2729.996 2729.997 2729.996
2719.996 2719.995 2719.996 2719.995 2729.996 2729.995 2729.996 2729.995
2719.995 2719.994 2719.995 2719.994 2729.995 2729.994 2729.995 2729.994
2719.994 2719.992 2719.994 2719.992 2729.994 2729.992 2729.994 2729.992
2719.992 2719.994 2719.992 2719.994 2729.992 2729.994 2729.992 2729.994
2719.994 2719.995 2719.994 2719.995 2729.994 2729.995 2729.994 2729.995
2719.995 2719.996 2719.995 2719.996 2729.995 2729.996 2729.995 2729.996
2719.996 2719.997 2719.996 2719.997 2729.996 2729.997 2729.996 2729.997
2719.997 2719.998 2719.997 2719.998 2729.997 2729.998 2729.997 2729.998
2719.998 2719.999 2719.998 2719.999 2729.998 2729.999 2729.998 2729.999
2719.999 2719.999 2719.999 2719.999 2729.999 2729.999 2729.999 2729.999
2719.999 2720.000 2719.999 2720.000 2729.999 2730.000 2729.999 2730.000
2720.000 2720.000 2720.000 2720.000 2730.000 2730.000 2730.000 2730.000
2720.000 2720.000 2720.000 2720.000 2730.000 2730.000 2730.000 2730.000
2720.000 2720.000 2720.000 2720.000 2730.000 2730.000 2730.000 2730.000
2720.000 2720.000 2720.000 2720.000 2730.000 2730.000 2730.000 2730.000
2720.000 2719.999 2720.000 2719.999 2730.000 2729.999 2730.000 2729.999
2719.999 2719.999 2719.999 2719.999 2729.999 2729.999 2729.999 2729.999
2719.999 2719.998 2719.999 2719.998 2729.999 2729.998 2729.999 2729.998
2719.998 2719.997 2719.998 2719.997 2729.998 2729.997 2729.998 2729.997
2719.997 2719.996 2719.997 2719.996 2729.997 2729.996 2729.997 2729.996
2719.996 2719.995 2719.996 2719.995 2729.996 2729.995 2729.996 2729.995
2719.995 2719.994 2719.995 2719.994 2729.995 2729.994 2729.995 2729.994
2719.994 2719.992 2719.994 2719.992 2729.994 2729.992 2729.994 2729.992
2719.992 2719.994 2719.992 2719.994 2729.992 2729.994 2729.992 2729.994
2719.994 2719.995 2719.994 2719.995 2729.994 2729.995 2729.994 2729.995
2719.995 2719.996 2719.995 2719.996 2729.995 2729.996 2729.995 2729.996
2719.996 2719.997 2719.996 2719.997 2729.996 2729.997 2729.996 2729.997
2719.997 2719.998 2719.997 2719.998 2729.997 2729.998 2729.997 2729.998
2719.998 2719.999 2719.998 2719.999 2729.998 2729.999 2729.998 2729.999
2719.999 2719.999 2719.999 2719.999 2729.999 2729.999 2729.999 2729.999
2719.999 2720.000 2719.999 2720.000 2729.999 2730.000 2729.999 2730.000
2720.000 2720.000 2720.000 2720.000 2730.000 2730.000 2730.000 2730.000
2720.000 2720.000 2720.000 2720.000 2730.000 2730.000 2730.000 2730.000
2720.000 2720.000 2720.000 2720.000 2730.000 2730.000 2730.000 2730.000
2720.000 2720.000 2720.000 2720.000 2730.000 2730.000 2730.000 2730.000
2720.000 2719.999 2720.000 2719.999 2730.000 2729.999 2730.000 2729.999
2719.999 2719.999 2719.999 2719.999 2729.999 2729.999 2729.999 2729.999
2719.999 2719.998 2719.999 2719.998 2729.999 2729.998 2729.999 2729.998
2719.998 2719.997 2719.998 2719.997 2729.998 2729.997 2729.998 2729.997
2719.997 2719.996 2719.997 2719.996 2729.997 2729.996 2729.997 2729.996
2719.996 2719.995 2719.996 2719.995 2729.996 2729.995 2729.996 2729.995
2719.995 2719.994 2719.995 2719.994 2729.995 2729.994 2729.995 2729.994
2719.994 2719.992 2719.994 2719.992 2729.994 2729.992 2729.994 2729.992
2719.992 2719.994 2719.992 2719.994 2729.992 2729.994 2729.992 2729.994
2719.994 2719.995 2719.994 2719.995 2729.994 2729.995 2729.994 2729.995
2719.995 2719.996 2719.995 2719.996 2729.995 2729.996 2729.995 2729.996
2719.996 2719.997 2719.996 2719.997 2729.996 2729.997 2729.996 2729.997
2719.997 2719.998 2719.997 2719.998 2729.997 2729.998 2729.997 2729.998
2719.998 2719.999 2719.998 2719.999 2729.998 2729.999 2729.998 2729.999
2719.999 2719.999 2719.999 2719.999 2729.999 2729.999 2729.999 2729.999
2719.999 2720.000 2719.999 2720.000 2729.999 2730.000 2729.999 2730.000
2720.000 2720.000 2720.000 2720.000 2730.000 2730.000 2730.000 2730.000
2720.000 2720.000 2720.000 2720.000 2730.000 2730.000 2730.000 2730.000
2720.000 2720.000 2720.000 2720.000 2730.000 2730.000 2730.000 2730.000
2720.000 2720.000 2720.000 2720.000 2730.000 2730.000 2730.000 2730.000
2720.000 2719.999 2720.000 2719.999 2730.000 2729.999 2730.000 2729.999
2719.999 2719.999 2719.999 2719.999 2729.999 2729.999 2729.999 2729.999
2719.999 2719.998 2719.999 2719.998 2729.999 2729.998 2729.999 2729.998
2719.998 2719.997 2719.998 2719.997 2729.998 2729.997 2729.998 2729.997
2719.997 2719.996 2719.997 2719.996 2729.997 2729.996 2729.997 2729.996
2719.996 2719.995 2719.996 2719.995 2729.996 2729.995 2729.996 2729.995
2719.995 2719.994 2719.995 2719.994 2729.995 2729.994 2729.995 2729.994
2719.994 2719.992 2719.994 2719.992 2729.994 2729.992 2729.994 2729.992
2719.992 2719.994 2719.992 2719.994 2729.992 2729.994 2729.992 2729.994
2719.994 2719.995 2719.994 2719.995 2729.994 2729.995 2729.994 2729.995
2719.995 2719.996 2719.995 2719.996 2729.995 2729.996 2729.995 2729.996
2719.996 2719.997 2719.996 2719.997 2729.996 2729.997 2729.996 2729.997
2719.997 2719.998 2719.997 2719.998 2729.997 2729.998 2729.997 2729.998
2719.998 2719.999 2719.998 2719.999 2729.998 2729.999 2729.998 2729.999
2719.999 2719.999 2719.999 2719.999 2729.999 2729.999 2729.999 2729.999
2719.999 2720.000 2719.999 2720.000 2729.999 2730.000 2729.999 2730.000
2720.000 2720.000 2720.000 2720.000 2730.000 2730.000 2730.000 2730.000
2720.000 2720.000 2720.000 2720.000 2730.000 2730.000 2730.000 2730.000
2720.000 2720.000 2720.000 2720.000 2730.000 2730.000 2730.000 2730.000
2720.000 2720.000 2720.000 2720.000 2730.000 2730.000 2730.000 2730.000
2720.000 2719.999 2720.000 2719.999 2730.000 2729.999 2730.000 2729.999
2719.999 2719.999 2719.999 2719.999 2729.999 2729.999 2729.999 2729.999
2719.999 2719.998 2719.999 2719.998 2729.999 2729.998 2729.999 2729.998
2719.998 2719.997 2719.998 2719.997 2729.998 2729.997 2729.998 2729.997
2719.997 2719.996 2719.997 2719.996 2729.997 2729.996 2729.997 2729.996
2719.996 2719.995 2719.996 2719.995 2729.996 2729.995 2729.996 2729.995
2719.995 2719.994 2719.995 2719.994 2729.995 2729.994 2729.995 2729.994
2719.994 2719.992 2719.994 2719.992 2729.994 2729.992 2729.994 2729.992
2719.992 2719.994 2719.992 2719.994 2729.992 2729.994 2729.992 2729.994
2719.994 2719.995 2719.994 2719.995 2729.994 2729.995 2729.994 2729.995
2719.995 2719.996 2719.995 2719.996 2729.995 2729.996 2729.995 2729.996
2719.996 2719.997 2719.996 2719.997 2729.996 2729.997 2729.996 2729.997
2719.997 2719.998 2719.997 2719.998 2729.997 2729.998 2729.997 2729.998
2719.998 2719.999 2719.998 2719.999 2729.998 2729.999 2729.998 2729.999
2719.999 2719.999 2719.999 2719.999 2729.999 2729.999 2729.999 2729.999
2719.999 2720.000 2719.999 2720.000 2729.999 2730.000 2729.999 2730.000
2720.000 2720.000 2720.000 2720.000 2730.000 2730.000 2730.000 2730.000
2720.000 2720.000 2720.000 2720.000 2730.000 2730.000 2730.000 2730.000
2720.000 2720.000 2720.000 2720.000 2730.000 2730.000 2730.000 2730.000
2720.000 2720.000 2720.000 2720.000 2730.000 2730.000 2730.000 2730.000
2720.000 2719.999 2720.000 2719.999 2730.000 2729.999 2730.000 2729.999
2719.999 2719.999 2719.999 2719.999 2729.999 2729.999 2729.999 2729.999
2719.999 2719.998 2719.999 2719.998 2729.999 2729.998 2729.999 2729.998
2719.998 2719.997 2719.998 2719.997 2729.998 2729.997 2729.998 2729.997
2719.997 2719.996 2719.997 2719.996 2729.997 2729.996 2729.997 2729.996
2719.996 2719.995 2719.996 2719.995 2729.996 2729.995 2729.996 2729.995
2719.995 2719.994 2719.995 2719.994 2729.995 2729.994 2729.995 2729.994
2719.994 2719.992 2719.994 2719.992 2729.994 2729.992 2729.994 2729.992
2719.992 2719.994 2719.992 2719.994 2729.992 2729.994 2729.992 2729.994
2719.994 2719.995 2719.994 2719.995 2729.994 2729.995 2729.994 2729.995
2719.995 2719.996 2719.995 2719.996 2729.995 2729.996 2729.995 2729.996
2719.996 2719.997 2719.996 2719.997 2729.996 2729.997 2729.996 2729.997
2719.997 2719.998 2719.997 2719.998 2729.997 2729.998 2729.997 2729.998
2719.998 2719.999 2719.998 2719.999 2729.998 2729.999 2729.998 2729.999
2719.999 2719.999 2719.999 2719.999 2729.999 2729.999 2729.999 2729.999
2719.999 2720.000 2719.999 2720.000 2729.999 2730.000 2729.999 2730.000
2720.000 2720.000 2720.000 2720.000 2730.000 2730.000 2730.000 2730.000
2720.000 2720.000 2720.000 2720.000 2730.000 2730.000 2730.000 2730.000
2720.000 2720.000 2720.000 2720.000 2730.000 2730.000 2730.000 2730.000
2720.000 2720.000 2720.000 2720.000 2730.000 2730.000 2730.000 2730.000
2720.000 2719.999 2720.000 2719.999 2730.000 2729.999 2730.000 2729.999
2719.999 2719.999 2719.999 2719.999 2729.999 2729.999 2729.999 2729.999
2719.999 2719.998 2719.999 2719.998 2729.999 2729.998 2729.999 2729.998
2719.998 2719.997 2719.998 2719.997 2729.998 2729.997 2729.998 2729.997
2719.997 2719.996 2719.997 2719.996 2729.997 2729.996 2729.997 2729.996
2719.996 2719.995 2719.996 2719.995 2729.996 2729.995 2729.996 2729.995
2719.995 2719.994 2719.995 2719.994 2729.995 2729.994 2729.995 2729.994
2719.994 2719.992 2719.994 2719.992 2729.994 2729.992 2729.994 2729.992
2719.992 2719.994 2719.992 2719.994 2729.992 2729.994 2729.992 2729.994
2719.994 2719.995 2719.994 2719.995 2729.994 2729.995 2729.994 2729.995
2719.995 2719.996 2719.995 2719.996 2729.995 2729.996 2729.995 2729.996
2719.996 2719.997 2719.996 2719.997 2729.996 2729.997 2729.996 2729.997
2719.997 2719.998 2719.997 2719.998 2729.997 2729.998 2729.997 2729.998
2719.998 2719.999 2719.998 2719.999 2729.998 2729.999 2729.998 2729.999
2719.999 2719.999 2719.999 2719.999 2729.999 2729.999 2729.999 2729.999
2719.999 2720.000 2719.999 2720.000 2729.999 2730.000 2729.999 2730.000
2720.000 2720.000 2720.000 2720.000 2730.000 2730.000 2730.000 2730.000
2720.000 2720.000 2720.000 2720.000 2730.000 2730.000 2730.000 2730.000
2720.000 2720.000 2720.000 2720.000 2730.000 2730.000 2730.000 2730.000
2720.000 2720.000 2720.000 2720.000 2730.000 2730.000 2730.000 2730.000
2720.000 2719.999 2720.000 2719.999 2730.000 2729.999 2730.000 2729.999
2719.999 2719.999 2719.999 2719.999 2729.999 2729.999 2729.999 2729.999
2719.999 2719.998 2719.999 2719.998 2729.999 2729.998 2729.999 2729.998
2719.998 2719.997 2719.998 2719.997 2729.998 2729.997 2729.998 2729.997
2719.997 2719.996 2719.997 2719.996 2729.997 2729.996 2729.997 2729.996
2719.996 2719.995 2719.996 2719.995 2729.996 2729.995 2729.996 2729.995
2719.995 2719.994 2719.995 2719.994 2729.995 2729.994 2729.995 2729.994
2719.994 2719.992 2719.994 2719.992 2729.994 2729.992 2729.994 2729.992
2719.992 2719.994 2719.992 2719.994 2729.992 2729.994 2729.992 2729.994
2719.994 2719.995 2719.994 2719.995 2729.994 2729.995 2729.994 2729.995
2719.995 2719.996 2719.995 2719.996 2729.995 2729.996 2729.995 2729.996
2719.996 2719.997 2719.996 2719.997 2729.996 2729.997 2729.996 2729.997
2719.997 2719.998 2719.997 2719.998 2729.997 2729.998 2729.997 2729.998
2719.998 2719.999 2719.998 2719.999 2729.998 2729.999 2729.998 2729.999
2719.999 2719.999 2719.999 2719.999 2729.999 2729.999 2729.999 2729.999
2719.999 2720.000 2719.999 2720.000 2729.999 2730.000 2729.999 2730.000
2720.000 2720.000 2720.000 2720.000 2730.000 2730.000 2730.000 2730.000
2720.000 2720.000 2720.000 2720.000 2730.000 2730.000 2730.000 2730.000
2720.000 2720.000 2720.000 2720.000 2730.000 2730.000 2730.000 2730.000
2720.000 2720.000 2720.000 2720.000 2730.000 2730.000 2730.000 2730.000
2720.000 2719.999 2720.000 2719.999 2730.000 2729.999 2730.000 2729.999
2719.999 2719.999 2719.999 2719.999 2729.999 2729.999 2729.999 2729.999
2719.999 2719.998 2719.999 2719.998 2729.999 2729.998 2729.999 2729.998
2719.998 2719.997 2719.998 2719.997 2729.998 2729.997 2729.998 2729.997
2719.997 2719.996 2719.997 2719.996 2729.997 2729.996 2729.997 2729.996
2719.996 2719.995 2719.996 2719.995 2729.996 2729.995 2729.996 2729.995
2719.995 2719.994 2719.995 2719.994 2729.995 2729.994 2729.995 2729.994
2719.994 2719.992 2719.994 2719.992 2729.994 2729.992 2729.994 2729.992
2719.992 2719.994 2719.992 2719.994 2729.992 2729.994 2729.992 2729.994
2719.994 2719.995 2719.994 2719.995 2729.994 2729.995 2729.994 2729.995
2719.995 2719.996 2719.995 2719.996 2729.995 2729.996 2729.995 2729.996
2719.996 2719.997 2719.996 2719.997 2729.996 2729.997 2729.996 2729.997
2719.997 2719.998 2719.997 2719.998 2729.997 2729.998 2729.997 2729.998
2719.998 2719.999 2719.998 2719.999 2729.998 2729.999 2729.998 2729.999
2719.999 2719.999 2719.999 2719.999 2729.999 2729.999 2729.999 2729.999
2719.999 2720.000 2719.999 2720.000 2729.999 2730.000 2729.999 2730.000
2720.000 2720.000 2720.000 2720.000 2730.000 2730.000 2730.000 2730.000
2720.000 2720.000 2720.000 2720.000 2730.000 2730.000 2730.000 2730.000
2720.000 2720.000 2720.000 2720.000 2730.000 2730.000 2730.000 2730.000
2720.000 2720.000 2720.000 2720.000 2730.000 2730.000 2730.000 2730.000
2720.000 2719.999 2720.000 2719.999 2730.000 2729.999 2730.000 2729.999
2719.999 2719.999 2719.999 2719.999 2729.999 2729.999 2729.999 2729.999
2719.999 2719.998 2719.999 2719.998 2729.999 2729.998 2729.999 2729.998
2719.998 2719.997 2719.998 2719.997 2729.998 2729.997 2729.998 2729.997
2719.997 2719.996 2719.997 2719.996 2729.997 2729.996 2729.997 2729.996
2719.996 2719.995 2719.996 2719.995 2729.996 2729.995 2729.996 2729.995
2719.995 2719.994 2719.995 2719.994 2729.995 2729.994 2729.995 2729.994
2719.994 2719.992 2719.994 2719.992 2729.994 2729.992 2729.994 2729.992
2719.992 2719.994 2719.992 2719.994 2729.992 2729.994 2729.992 2729.994
2719.994 2719.995 2719.994 2719.995 2729.994 2729.995 2729.994 2729.995
2719.995 2719.996 2719.995 2719.996 2729.995 2729.996 2729.995 2729.996
2719.996 2719.997 2719.996 2719.997 2729.996 2729.997 2729.996 2729.997
2719.997 2719.998 2719.997 2719.998 2729.997 2729.998 2729.997 2729.998
2719.998 2719.999 2719.998 2719.999 2729.998 2729.999 2729.998 2729.999
2719.999 2719.999 2719.999 2719.999 2729.999 2729.999 2729.999 2729.999
2719.999 2720.000 2719.999 2720.000 2729.999 2730.000 2729.999 2730.000
2720.000 2720.000 2720.000 2720.000 2730.000 2730.000 2730.000 2730.000
2720.000 2720.000 2720.000 2720.000 2730.000 2730.000 2730.000 2730.000
2720.000 2720.000 2720.000 2720.000 2730.000 2730.000 2730.000 2730.000
2720.000 2720.000 2720.000 2720.000 2730.000 2730.000 2730.000 2730.000
2720.000 2719.999 2720.000 2719.999 2730.000 2729.999 2730.000 2729.999
2719.999 2719.999 2719.999 2719.999 2729.999 2729.999 2729.999 2729.999
2719.999 2719.998 2719.999 2719.998 2729.999 2729.998 2729.999 2729.998
2719.998 2719.997 2719.998 2719.997 2729.998 2729.997 2729.998 2729.997
2719.997 2719.996 2719.997 2719.996 2729.997 2729.996 2729.997 2729.996
2719.996 2719.995 2719.996 2719.995 2729.996 2729.995 2729.996 2729.995
2719.995 2719.994 2719.995 2719.994 2729.995 2729.994 2729.995 2729.994
2719.994 2719.992 2719.994 2719.992 2729.994 2729.992 2729.994 2729.992
2719.992 2719.994 2719.992 2719.994 2729.992 2729.994 2729.992 2729.994
2719.994 2719.995 2719.994 2719.995 2729.994 2729.995 2729.994 2729.995
2719.995 2719.996 2719.995 2719.996 2729.995 2729.996 2729.995 2729.996
2719.996 2719.997 2719.996 2719.997 2729.996 2729.997 2729.996 2729.997
2719.997 2719.998 2719.997 2719.998 2729.997 2729.998 2729.997 2729.998
2719.998 2719.999 2719.998 2719.999 2729.998 2729.999 2729.998 2729.999
2719.999 2719.999 2719.999 2719.999 2729.999 2729.999 2729.999 2729.999
2719.999 2720.000 2719.999 2720.000 2729.999 2730.000 2729.999 2730.000
2720.000 2720.000 2720.000 2720.000 2730.000 2730.000 2730.000 2730.000
2720.000 2720.000 2720.000 2720.000 2730.000 2730.000 2730.000 2730.000
2720.000 2720.000 2720.000 2720.000 2730.000 2730.000 2730.000 2730.000
2720.000 2720.000 2720.000 2720.000 2730.000 2730.000 2730.000 2730.000
2720.000 2719.999 2720.000 2719.999 2730.000 2729.999 2730.000 2729.999
2719.999 2719.999 2719.999 2719.999 2729.999 2729.999 2729.999 2729.999
2719.999 2719.998 2719.999 2719.998 2729.999 2729.998 2729.999 2729.998
2719.998 2719.997 2719.998 2719.997 2729.998 2729.997 2729.998 2729.997
2719.997 2719.996 2719.997 2719.996 2729.997 2729.996 2729.997 2729.996
2719.996 2719.995 2719.996 2719.995 2729.996 2729.995 2729.996 2729.995
2719.995 2719.994 2719.995 2719.994 2729.995 2729.994 2729.995 2729.994
2719.994 2719.992 2719.994 2719.992 2729.994 2729.992 2729.994 2729.992
2719.992 2719.994 2719.992 2719.994 2729.992 2729.994 2729.992 2729.994
2719.994 2719.995 2719.994 2719.995 2729.994 2729.995 2729.994 2729.995
2719.995 2719.996 2719.995 2719.996 2729.995 2729.996 2729.995 2729.996
2719.996 2719.997 2719.996 2719.997 2729.996 2729.997 2729.996 2729.997
2719.997 2719.998 2719.997 2719.998 2729.997 2729.998 2729.997 2729.998
2719.998 2719.999 2719.998 2719.999 2729.998 2729.999 2729.998 2729.999
2719.999 2719.999 2719.999 2719.999 2729.999 2729.999 2729.999 2729.999
2719.999 2720.000 2719.999 2720.000 2729.999 2730.000 2729.999 2730.000
2720.000 2720.000 2720.000 2720.000 2730.000 2730.000 2730.000 2730.000
2720.000 2720.000 2720.000 2720.000 2730.000 2730.000 2730.000 2730.000
2720.000 2720.000 2720.000 2720.000 2730.000 2730.000 2730.000 2730.000
2720.000 2720.000 2720.000 2720.000 2730.000 2730.000 2730.000 2730.000
2720.000 2719.999 2720.000 2719.999 2730.000 2729.999 2730.000 2729.999
2719.999 2719.999 2719.999 2719.999 2729.999 2729.999 2729.999 2729.999
2719.999 2719.998 2719.999 2719.998 2729.999 2729.998 2729.999 2729.998
2719.998 2719.997 2719.998 2719.997 2729.998 2729.997 2729.998 2729.997
2719.997 2719.996 2719.997 2719.996 2729.997 2729.996 2729.997 2729.996
2719.996 2719.995 2719.996 2719.995 2729.996 2729.995 2729.996 2729.995
2719.995 2719.994 2719.995 2719.994 2729.995 2729.994 2729.995 2729.994
2719.994 2719.992 2719.994 2719.992 2729.994 2729.992 2729.994 2729.992
2719.992 2719.994 2719.992 2719.994 2729.992 2729.994 2729.992 2729.994
2719.994 2719.995 2719.994 2719.995 2729.994 2729.995 2729.994 2729.995
2719.995 2719.996 2719.995 2719.996 2729.995 2729.996 2729.995 2729.996
2719.996 2719.997 2719.996 2719.997 2729.996 2729.997 2729.996 2729.997
2719.997 2719.998 2719.997 2719.998 2729.997 2729.998 2729.997 2729.998
2719.998 2719.999 2719.998 2719.999 2729.998 2729.999 2729.998 2729.999
2719.999 2719.999 2719.999 2719.999 2729.999 2729.999 2729.999 2729.999
2719.999 2720.000 2719.999 2720.000 2729.999 2730.000 2729.999 2730.000
2720.000 2720.000 2720.000 2720.000 2730.000 2730.000 2730.000 2730.000
2720.000 2720.000 2720.000 2720.000 2730.000 2730.000 2730.000 2730.000
2720.000 2720.000 2720.000 2720.000 2730.000 2730.000 2730.000 2730.000
2720.000 2720.000 2720.000 2720.000 2730.000 2730.000 2730.000 2730.000
2720.000 2719.999 2720.000 2719.999 2730.000 2729.999 2730.000 2729.999
2719.999 2719.999 2719.999 2719.999 2729.999 2729.999 2729.999 2729.999
2719.999 2719.998 2719.999 2719.998 2729.999 2729.998 2729.999 2729.998
2719.998 2719.997 2719.998 2719.997 2729.998 2729.997 2729.998 2729.997
2719.997 2719.996 2719.997 2719.996 2729.997 2729.996 2729.997 2729.996
2719.996 2719.995 2719.996 2719.995 2729.996 2729.995 2729.996 2729.995
2719.995 2719.994 2719.995 2719.994 2729.995 2729.994 2729.995 2729.994
2719.994 2719.992 2719.994 2719.992 2729.994 2729.992 2729.994 2729.992
2719.992 2719.994 2719.992 2719.994 2729.992 2729.994 2729.992 2729.994
2719.994 2719.995 2719.994 2719.995 2729.994 2729.995 2729.994 2729.995
2719.995 2719.996 2719.995 2719.996 2729.995 2729.996 2729.995 2729.996
2719.996 2719.997 2719.996 2719.997 2729.996 2729.997 2729.996 2729.997
2719.997 2719.998 2719.997 2719.998 2729.997 2729.998 2729.997 2729.998
2719.998 2719.999 2719.998 2719.999 2729.998 2729.999 2729.998 2729.999
2719.999 2719.999 2719.999 2719.999 2729.999 2729.999 2729.999 2729.999
2719.999 2720.000 2719.999 2720.000 2729.999 2730.000 2729.999 2730.000
2720.000 2720.000 2720.000 2720.000 2730.000 2730.000 2730.000 2730.000
2720.000 2720.000 2720.000 2720.000 2730.000 2730.000 2730.000 2730.000
2720.000 2720.000 2720.000 2720.000 2730.000 2730.000 2730.000 2730.000
2720.000 2720.000 2720.000 2720.000 2730.000 2730.000 2730.000 2730.000
2720.000 2719.999 2720.000 2719.999 2730.000 2729.999 2730.000 2729.999
2719.999 2719.999 2719.999 2719.999 2729.999 2729.999 2729.999 2729.999
2719.999 2719.998 2719.999 2719.998 2729.999 2729.998 2729.999 2729.998
2719.998 2719.997 2719.998 2719.997 2729.998 2729.997 2729.998 2729.997
2719.997 2719.996 2719.997 2719.996 2729.997 2729.996 2729.997 2729.996
2719.996 2719.995 2719.996 2719.995 2729.996 2729.995 2729.996 2729.995
2719.995 2719.994 2719.995 2719.994 2729.995 2729.994 2729.995 2729.994
2719.994 2719.992 2719.994 2719.992 2729.994 2729.992 2729.994 2729.992
2719.992 2719.994 2719.992 2719.994 2729.992 2729.994 2729.992 2729.994
2719.994 2719.995 2719.994 2719.995 2729.994 2729.995 2729.994 2729.995
2719.995 2719.996 2719.995 2719.996 2729.995 2729.996 2729.995 2729.996
2719.996 2719.997 2719.996 2719.997 2729.996 2729.997 2729.996 2729.997
2719.997 2719.998 2719.997 2719.998 2729.997 2729.998 2729.997 2729.998
2719.998 2719.999 2719.998 2719.999 2729.998 2729.999 2729.998 2729.999
2719.999 2719.999 2719.999 2719.999 2729.999 2729.999 2729.999 2729.999
2719.999 2720.000 2719.999 2719.999 2729.999 2730.000 2729.999 2729.999
2720.000 2720.000 2719.999 2720.000 2730.000 2730.000 2729.999 2730.000
2720.000 2720.000 2720.000 2720.000 2730.000 2730.000 2730.000 2730.000
2720.000 2720.000 2720.000 2720.000 2730.000 2730.000 2730.000 2730.000
2720.000 2720.000 2720.000 2719.999 2730.000 2730.000 2730.000 2729.999
2720.000 2719.999 2719.999 2719.999 2730.000 2729.999 2729.999 2729.999
2719.999 2719.999 2719.999 2719.999 2729.999 2729.999 2729.999 2729.999
2719.999 2719.998 2719.999 2719.998 2729.999 2729.998 2729.999 2729.998
2719.998 2719.997 2719.998 2719.997 2729.998 2729.997 2729.998 2729.997
2719.997 2719.996 2719.997 2719.996 2729.997 2729.996 2729.997 2729.996
2719.996 2719.995 2719.996 2719.995 2729.996 2729.995 2729.996 2729.995
2719.995 2719.994 2719.995 2719.994 2729.995 2729.994 2729.995 2729.994
2719.994 2719.992 2719.994 2719.992 2729.994 2729.992 2729.994 2729.992
2719.992 2719.994 2719.992 2719.994 2729.992 2729.994 2729.992 2729.994
2719.994 2719.995 2719.994 2719.995 2729.994 2729.995 2729.994 2729.995
2719.995 2719.996 2719.995 2719.996 2729.995 2729.996 2729.995 2729.996
2719.996 2719.997 2719.996 2719.997 2729.996 2729.997 2729.996 2729.997
2719.997 2719.998 2719.997 2719.998 2729.997 2729.998 2729.997 2729.998
2719.998 2719.999 2719.998 2719.999 2729.998 2729.999 2729.998 2729.999
2719.999 2719.999 2719.999 2719.999 2729.999 2729.999 2729.999 2729.999
2719.999 2719.999 2719.999 2719.999 2729.999 2729.999 2729.999 2729.999
2719.999 2720.000 2719.999 2720.000 2729.999 2730.000 2729.999 2730.000
2720.000 2720.000 2720.000 2720.000 2730.000 2730.000 2730.000 2730.000
2720.000 2720.000 2720.000 2720.000 2730.000 2730.000 2730.000 2730.000
2720.000 2719.999 2720.000 2719.999 2730.000 2729.999 2730.000 2729.999
2719.999 2719.999 2719.999 2719.999 2729.999 2729.999 2729.999 2729.999
2719.999 2719.999 2719.999 2719.999 2729.999 2729.999 2729.999 2729.999
2719.999 2719.998 2719.999 2719.998 2729.999 2729.998 2729.999 2729.998
2719.998 2719.997 2719.998 2719.997 2729.998 2729.997 2729.998 2729.997
2719.997 2719.996 2719.997 2719.996 2729.997 2729.996 2729.997 2729.996
2719.996 2719.995 2719.996 2719.995 2729.996 2729.995 2729.996 2729.995
2719.995 2719.994 2719.995 2719.994 2729.995 2729.994 2729.995 2729.994
2719.994 2719.992 2719.994 2719.992 2729.994 2729.992 2729.994 2729.992
2719.992 2719.994 2719.992 2719.994 2729.992 2729.994 2729.992 2729.994
2719.994 2719.995 2719.994 2719.995 2729.994 2729.995 2729.994 2729.995
2719.995 2719.996 2719.995 2719.996 2729.995 2729.996 2729.995 2729.996
2719.996 2719.997 2719.996 2719.997 2729.996 2729.997 2729.996 2729.997
2719.997 2719.998 2719.997 2719.998 2729.997 2729.998 2729.997 2729.998
2719.998 2719.999 2719.998 2719.999 2729.998 2729.999 2729.998 2729.999
2719.999 2719.999 2719.999 2719.999 2729.999 2729.999 2729.999 2729.999
2719.999 2719.999 2719.999 2719.999 2729.999 2729.999 2729.999 2729.999
2719.999 2720.000 2719.999 2720.000 2729.999 2730.000 2729.999 2730.000
2720.000 2720.000 2720.000 2720.000 2730.000 2730.000 2730.000 2730.000
2720.000 2720.000 2720.000 2720.000 2730.000 2730.000 2730.000 2730.000
2720.000 2719.999 2720.000 2719.999 2730.000 2729.999 2730.000 2729.999
2719.999 2719.999 2719.999 2719.999 2729.999 2729.999 2729.999 2729.999
2719.999 2719.999 2719.999 2719.999 2729.999 2729.999 2729.999 2729.999
2719.999 2719.998 2719.999 2719.998 2729.999 2729.998 2729.999 2729.998
2719.998 2719.997 2719.998 2719.997 2729.998 2729.997 2729.998 2729.997
2719.997 2719.996 2719.997 2719.996 2729.997 2729.996 2729.997 2729.996
2719.996 2719.995 2719.996 2719.995 2729.996 2729.995 2729.996 2729.995
2719.995 2719.994 2719.995 2719.994 2729.995 2729.994 2729.995 2729.994
2719.994 2719.992 2719.994 2719.992 2729.994 2729.992 2729.994 2729.992
2719.992 2719.994 2719.992 2719.994 2729.992 2729.994 2729.992 2729.994
2719.994 2719.995 2719.994 2719.995 2729.994 2729.995 2729.994 2729.995
2719.995 2719.996 2719.995 2719.996 2729.995 2729.996 2729.995 2729.996
2719.996 2719.997 2719.996 2719.997 2729.996 2729.997 2729.996 2729.997
2719.997 2719.998 2719.997 2719.998 2729.997 2729.998 2729.997 2729.998
2719.998 2719.999 2719.998 2719.998 2729.998 2729.999 2729.998 2729.998
2719.999 2719.999 2719.998 2719.999 2729.999 2729.999 2729.998 2729.999
2719.999 2719.999 2719.999 2719.999 2729.999 2729.999 2729.999 2729.999
2719.999 2720.000 2719.999 2720.000 2729.999 2730.000 2729.999 2730.000
2720.000 2720.000 2720.000 2720.000 2730.000 2730.000 2730.000 2730.000
2720.000 2720.000 2720.000 2720.000 2730.000 2730.000 2730.000 2730.000
2720.000 2719.999 2720.000 2719.999 2730.000 2729.999 2730.000 2729.999
2719.999 2719.999 2719.999 2719.999 2729.999 2729.999 2729.999 2729.999
2719.999 2719.999 2719.999 2719.998 2729.999 2729.999 2729.999 2729.998
2719.999 2719.998 2719.998 2719.998 2729.999 2729.998 2729.998 2729.998
2719.998 2719.997 2719.998 2719.997 2729.998 2729.997 2729.998 2729.997
2719.997 2719.996 2719.997 2719.996 2729.997 2729.996 2729.997 2729.996
2719.996 2719.995 2719.996 2719.995 2729.996 2729.995 2729.996 2729.995
2719.995 2719.994 2719.995 2719.994 2729.995 2729.994 2729.995 2729.994
2719.994 2719.992 2719.994 2719.992 2729.994 2729.992 2729.994 2729.992
2719.992 2719.994 2719.992 2719.994 2729.992 2729.994 2729.992 2729.994
2719.994 2719.995 2719.994 2719.995 2729.994 2729.995 2729.994 2729.995
2719.995 2719.996 2719.995 2719.996 2729.995 2729.996 2729.995 2729.996
2719.996 2719.997 2719.996 2719.997 2729.996 2729.997 2729.996 2729.997
2719.997 2719.998 2719.997 2719.998 2729.997 2729.998 2729.997 2729.998
2719.998 2719.998 2719.998 2719.998 2729.998 2729.998 2729.998 2729.998
2719.998 2719.999 2719.998 2719.999 2729.998 2729.999 2729.998 2729.999
2719.999 2719.999 2719.999 2719.999 2729.999 2729.999 2729.999 2729.999
2719.999 2720.000 2719.999 2720.000 2729.999 2730.000 2729.999 2730.000
2720.000 2720.000 2720.000 2720.000 2730.000 2730.000 2730.000 2730.000
2720.000 2720.000 2720.000 2720.000 2730.000 2730.000 2730.000 2730.000
2720.000 2719.999 2720.000 2719.999 2730.000 2729.999 2730.000 2729.999
2719.999 2719.999 2719.999 2719.999 2729.999 2729.999 2729.999 2729.999
2719.999 2719.998 2719.999 2719.998 2729.999 2729.998 2729.999 2729.998
2719.998 2719.998 2719.998 2719.998 2729.998 2729.998 2729.998 2729.998
2719.998 2719.997 2719.998 2719.997 2729.998 2729.997 2729.998 2729.997
2719.997 2719.996 2719.997 2719.996 2729.997 2729.996 2729.997 2729.996
2719.996 2719.995 2719.996 2719.995 2729.996 2729.995 2729.996 2729.995
2719.995 2719.994 2719.995 2719.994 2729.995 2729.994 2729.995 2729.994
2719.994 2719.992 2719.994 2719.992 2729.994 2729.992 2729.994 2729.992
2719.992 2719.994 2719.992 2719.994 2729.992 2729.994 2729.992 2729.994
2719.994 2719.995 2719.994 2719.995 2729.994 2729.995 2729.994 2729.995
2719.995 2719.996 2719.995 2719.996 2729.995 2729.996 2729.995 2729.996
2719.996 2719.997 2719.996 2719.997 2729.996 2729.997 2729.996 2729.997
2719.997 2719.998 2719.997 2719.998 2729.997 2729.998 2729.997 2729.998
2719.998 2719.998 2719.998 2719.998 2729.998 2729.998 2729.998 2729.998
2719.998 2719.999 2719.998 2719.999 2729.998 2729.999 2729.998 2729.999
2719.999 2719.999 2719.999 2719.999 2729.999 2729.999 2729.999 2729.999
2719.999 2720.000 2719.999 2720.000 2729.999 2730.000 2729.999 2730.000
2720.000 2720.000 2720.000 2720.000 2730.000 2730.000 2730.000 2730.000
2720.000 2720.000 2720.000 2720.000 2730.000 2730.000 2730.000 2730.000
2720.000 2719.999 2720.000 2719.999 2730.000 2729.999 2730.000 2729.999
2719.999 2719.999 2719.999 2719.999 2729.999 2729.999 2729.999 2729.999
2719.999 2719.998 2719.999 2719.998 2729.999 2729.998 2729.999 2729.998
2719.998 2719.998 2719.998 2719.998 2729.998 2729.998 2729.998 2729.998
2719.998 2719.997 2719.998 2719.997 2729.998 2729.997 2729.998 2729.997
2719.997 2719.996 2719.997 2719.996 2729.997 2729.996 2729.997 2729.996
2719.996 2719.995 2719.996 2719.995 2729.996 2729.995 2729.996 2729.995
2719.995 2719.994 2719.995 2719.994 2729.995 2729.994 2729.995 2729.994
2719.994 2719.992 2719.994 2719.992 2729.994 2729.992 2729.994 2729.992
2719.992 2719.994 2719.992 2719.994 2729.992 2729.994 2729.992 2729.994
2719.994 2719.995 2719.994 2719.995 2729.994 2729.995 2729.994 2729.995
2719.995 2719.996 2719.995 2719.996 2729.995 2729.996 2729.995 2729.996
2719.996 2719.997 2719.996 2719.997 2729.996 2729.997 2729.996 2729.997
2719.997 2719.998 2719.997 2719.998 2729.997 2729.998 2729.997 2729.998
2719.998 2719.998 2719.998 2719.998 2729.998 2729.998 2729.998 2729.998
2719.998 2719.999 2719.998 2719.999 2729.998 2729.999 2729.998 2729.999
2719.999 2719.999 2719.999 2719.999 2729.999 2729.999 2729.999 2729.999
2719.999 2720.000 2719.999 2720.000 2729.999 2730.000 2729.999 2730.000
2720.000 2720.000 2720.000 2720.000 2730.000 2730.000 2730.000 2730.000
2720.000 2720.000 2720.000 2720.000 2730.000 2730.000 2730.000 2730.000
2720.000 2719.999 2720.000 2719.999 2730.000 2729.999 2730.000 2729.999
2719.999 2719.999 2719.999 2719.999 2729.999 2729.999 2729.999 2729.999
2719.999 2719.998 2719.999 2719.998 2729.999 2729.998 2729.999 2729.998
2719.998 2719.998 2719.998 2719.998 2729.998 2729.998 2729.998 2729.998
2719.998 2719.997 2719.998 2719.997 2729.998 2729.997 2729.998 2729.997
2719.997 2719.996 2719.997 2719.996 2729.997 2729.996 2729.997 2729.996
2719.996 2719.995 2719.996 2719.995 2729.996 2729.995 2729.996 2729.995
2719.995 2719.994 2719.995 2719.994 2729.995 2729.994 2729.995 2729.994
2719.994 2719.992 2719.994 2719.992 2729.994 2729.992 2729.994 2729.992
2719.992 2719.994 2719.992 2719.993 2729.992 2729.994 2729.992 2729.993
2719.994 2719.995 2719.993 2719.995 2729.994 2729.995 2729.993 2729.995
2719.995 2719.996 2719.995 2719.996 2729.995 2729.996 2729.995 2729.996
2719.996 2719.997 2719.996 2719.997 2729.996 2729.997 2729.996 2729.997
2719.997 2719.998 2719.997 2719.998 2729.997 2729.998 2729.997 2729.998
2719.998 2719.998 2719.998 2719.998 2729.998 2729.998 2729.998 2729.998
2719.998 2719.999 2719.998 2719.999 2729.998 2729.999 2729.998 2729.999
2719.999 2719.999 2719.999 2719.999 2729.999 2729.999 2729.999 2729.999
2719.999 2720.000 2719.999 2719.999 2729.999 2730.000 2729.999 2729.999
2720.000 2720.000 2719.999 2720.000 2730.000 2730.000 2729.999 2730.000
2720.000 2720.000 2720.000 2719.999 2730.000 2730.000 2730.000 2729.999
2720.000 2719.999 2719.999 2719.999 2730.000 2729.999 2729.999 2729.999
2719.999 2719.999 2719.999 2719.999 2729.999 2729.999 2729.999 2729.999
2719.999 2719.998 2719.999 2719.998 2729.999 2729.998 2729.999 2729.998
2719.998 2719.998 2719.998 2719.998 2729.998 2729.998 2729.998 2729.998
2719.998 2719.997 2719.998 2719.997 2729.998 2729.997 2729.998 2729.997
2719.997 2719.996 2719.997 2719.996 2729.997 2729.996 2729.997 2729.996
2719.996 2719.995 2719.996 2719.995 2729.996 2729.995 2729.996 2729.995
2719.995 2719.994 2719.995 2719.993 2729.995 2729.994 2729.995 2729.993
2719.994 2719.992 2719.993 2719.992 2729.994 2729.992 2729.993 2729.992
2719.992 2719.993 2719.992 2719.993 2729.992 2729.993 2729.992 2729.993
2719.993 2719.995 2719.993 2719.995 2729.993 2729.995 2729.993 2729.995
2719.995 2719.996 2719.995 2719.996 2729.995 2729.996 2729.995 2729.996
2719.996 2719.997 2719.996 2719.997 2729.996 2729.997 2729.996 2729.997
2719.997 2719.998 2719.997 2719.998 2729.997 2729.998 2729.997 2729.998
2719.998 2719.998 2719.998 2719.998 2729.998 2729.998 2729.998 2729.998
2719.998 2719.999 2719.998 2719.999 2729.998 2729.999 2729.998 2729.999
2719.999 2719.999 2719.999 2719.999 2729.999 2729.999 2729.999 2729.999
2719.999 2719.999 2719.999 2719.999 2729.999 2729.999 2729.999 2729.999
2719.999 2720.000 2719.999 2720.000 2729.999 2730.000 2729.999 2730.000
2720.000 2719.999 2720.000 2719.999 2730.000 2729.999 2730.000 2729.999
2719.999 2719.999 2719.999 2719.999 2729.999 2729.999 2729.999 2729.999
2719.999 2719.999 2719.999 2719.999 2729.999 2729.999 2729.999 2729.999
2719.999 2719.998 2719.999 2719.998 2729.999 2729.998 2729.999 2729.998
2719.998 2719.998 2719.998 2719.998 2729.998 2729.998 2729.998 2729.998
2719.998 2719.997 2719.998 2719.997 2729.998 2729.997 2729.998 2729.997
2719.997 2719.996 2719.997 2719.996 2729.997 2729.996 2729.997 2729.996
2719.996 2719.995 2719.996 2719.995 2729.996 2729.995 2729.996 2729.995
2719.995 2719.993 2719.995 2719.993 2729.995 2729.993 2729.995 2729.993
2719.993 2719.992 2719.993 2719.992 2729.993 2729.992 2729.993 2729.992
2729.992 2729.993 2729.992 2729.993 2739.992 2739.993 2739.992 2739.993
2729.993 2729.995 2729.993 2729.995 2739.993 2739.995 2739.993 2739.995
2729.995 2729.996 2729.995 2729.996 2739.995 2739.996 2739.995 2739.996
2729.996 2729.997 2729.996 2729.997 2739.996 2739.997 2739.996 2739.997
2729.997 2729.998 2729.997 2729.998 2739.997 2739.998 2739.997 2739.998
2729.998 2729.998 2729.998 2729.998 2739.998 2739.998 2739.998 2739.998
2729.998 2729.999 2729.998 2729.999 2739.998 2739.999 2739.998 2739.999
2729.999 2729.999 2729.999 2729.999 2739.999 2739.999 2739.999 2739.999
2729.999 2729.999 2729.999 2729.999 2739.999 2739.999 2739.999 2739.999
2729.999 2730.000 2729.999 2730.000 2739.999 2740.000 2739.999 2740.000
2730.000 2729.999 2730.000 2729.999 2740.000 2739.999 2740.000 2739.999
2729.999 2729.999 2729.999 2729.999 2739.999 2739.999 2739.999 2739.999
2729.999 2729.999 2729.999 2729.999 2739.999 2739.999 2739.999 2739.999
2729.999 2729.998 2729.999 2729.998 2739.999 2739.998 2739.999 2739.998
2729.998 2729.998 2729.998 2729.998 2739.998 2739.998 2739.998 2739.998
2729.998 2729.997 2729.998 2729.997 2739.998 2739.997 2739.998 2739.997
2729.997 2729.996 2729.997 2729.996 2739.997 2739.996 2739.997 2739.996
2729.996 2729.995 2729.996 2729.995 2739.996 2739.995 2739.996 2739.995
2729.995 2729.993 2729.995 2729.993 2739.995 2739.993 2739.995 2739.993
2729.993 2729.992 2729.993 2729.992 2739.993 2739.992 2739.993 2739.992
2729.992 2729.993 2729.992 2729.994 2739.992 2739.993 2739.992 2739.994
2729.993 2729.995 2729.994 2729.995 2739.993 2739.995 2739.994 2739.995
2729.995 2729.996 2729.995 2729.996 2739.995 2739.996 2739.995 2739.996
2729.996 2729.997 2729.996 2729.997 2739.996 2739.997 2739.996 2739.997
2729.997 2729.998 2729.997 2729.998 2739.997 2739.998 2739.997 2739.998
2729.998 2729.998 2729.998 2729.998 2739.998 2739.998 2739.998 2739.998
2729.998 2729.999 2729.998 2729.999 2739.998 2739.999 2739.998 2739.999
2729.999 2729.999 2729.999 2729.999 2739.999 2739.999 2739.999 2739.999
2729.999 2729.999 2729.999 2730.000 2739.999 2739.999 2739.999 2740.000
2729.999 2730.000 2730.000 2730.000 2739.999 2740.000 2740.000 2740.000
2730.000 2729.999 2730.000 2730.000 2740.000 2739.999 2740.000 2740.000
2729.999 2729.999 2730.000 2729.999 2739.999 2739.999 2740.000 2739.999
2729.999 2729.999 2729.999 2729.999 2739.999 2739.999 2739.999 2739.999
2729.999 2729.998 2729.999 2729.998 2739.999 2739.998 2739.999 2739.998
2729.998 2729.998 2729.998 2729.998 2739.998 2739.998 2739.998 2739.998
2729.998 2729.997 2729.998 2729.997 2739.998 2739.997 2739.998 2739.997
2729.997 2729.996 2729.997 2729.996 2739.997 2739.996 2739.997 2739.996
2729.996 2729.995 2729.996 2729.995 2739.996 2739.995 2739.996 2739.995
2729.995 2729.993 2729.995 2729.994 2739.995 2739.993 2739.995 2739.994
2729.993 2729.992 2729.994 2729.992 2739.993 2739.992 2739.994 2739.992
2729.992 2729.994 2729.992 2729.994 2739.992 2739.994 2739.992 2739.994
2729.994 2729.995 2729.994 2729.995 2739.994 2739.995 2739.994 2739.995
2729.995 2729.996 2729.995 2729.996 2739.995 2739.996 2739.995 2739.996
2729.996 2729.997 2729.996 2729.997 2739.996 2739.997 2739.996 2739.997
2729.997 2729.998 2729.997 2729.998 2739.997 2739.998 2739.997 2739.998
2729.998 2729.998 2729.998 2729.998 2739.998 2739.998 2739.998 2739.998
2729.998 2729.999 2729.998 2729.999 2739.998 2739.999 2739.998 2739.999
2729.999 2729.999 2729.999 2729.999 2739.999 2739.999 2739.999 2739.999
2729.999 2730.000 2729.999 2730.000 2739.999 2740.000 2739.999 2740.000
2730.000 2730.000 2730.000 2730.000 2740.000 2740.000 2740.000 2740.000
2730.000 2730.000 2730.000 2730.000 2740.000 2740.000 2740.000 2740.000
2730.000 2729.999 2730.000 2729.999 2740.000 2739.999 2740.000 2739.999
2729.999 2729.999 2729.999 2729.999 2739.999 2739.999 2739.999 2739.999
2729.999 2729.998 2729.999 2729.998 2739.999 2739.998 2739.999 2739.998
2729.998 2729.998 2729.998 2729.998 2739.998 2739.998 2739.998 2739.998
2729.998 2729.997 2729.998 2729.997 2739.998 2739.997 2739.998 2739.997
2729.997 2729.996 2729.997 2729.996 2739.997 2739.996 2739.997 2739.996
2729.996 2729.995 2729.996 2729.995 2739.996 2739.995 2739.996 2739.995
2729.995 2729.994 2729.995 2729.994 2739.995 2739.994 2739.995 2739.994
2729.994 2729.992 2729.994 2729.992 2739.994 2739.992 2739.994 2739.992
2729.992 2729.994 2729.992 2729.994 2739.992 2739.994 2739.992 2739.994
2729.994 2729.995 2729.994 2729.995 2739.994 2739.995 2739.994 2739.995
2729.995 2729.996 2729.995 2729.996 2739.995 2739.996 2739.995 2739.996
2729.996 2729.997 2729.996 2729.997 2739.996 2739.997 2739.996 2739.997
2729.997 2729.998 2729.997 2729.998 2739.997 2739.998 2739.997 2739.998
2729.998 2729.998 2729.998 2729.998 2739.998 2739.998 2739.998 2739.998
2729.998 2729.999 2729.998 2729.999 2739.998 2739.999 2739.998 2739.999
2729.999 2729.999 2729.999 2729.999 2739.999 2739.999 2739.999 2739.999
2729.999 2730.000 2729.999 2730.000 2739.999 2740.000 2739.999 2740.000
2730.000 2730.000 2730.000 2730.000 2740.000 2740.000 2740.000 2740.000
2730.000 2730.000 2730.000 2730.000 2740.000 2740.000 2740.000 2740.000
2730.000 2729.999 2730.000 2729.999 2740.000 2739.999 2740.000 2739.999
2729.999 2729.999 2729.999 2729.999 2739.999 2739.999 2739.999 2739.999
2729.999 2729.998 2729.999 2729.998 2739.999 2739.998 2739.999 2739.998
2729.998 2729.998 2729.998 2729.998 2739.998 2739.998 2739.998 2739.998
2729.998 2729.997 2729.998 2729.997 2739.998 2739.997 2739.998 2739.997
2729.997 2729.996 2729.997 2729.996 2739.997 2739.996 2739.997 2739.996
2729.996 2729.995 2729.996 2729.995 2739.996 2739.995 2739.996 2739.995
2729.995 2729.994 2729.995 2729.994 2739.995 2739.994 2739.995 2739.994
2729.994 2729.992 2729.994 2729.992 2739.994 2739.992 2739.994 2739.992
2729.992 2729.994 2729.992 2729.994 2739.992 2739.994 2739.992 2739.994
2729.994 2729.995 2729.994 2729.995 2739.994 2739.995 2739.994 2739.995
2729.995 2729.996 2729.995 2729.996 2739.995 2739.996 2739.995 2739.996
2729.996 2729.997 2729.996 2729.997 2739.996 2739.997 2739.996 2739.997
2729.997 2729.998 2729.997 2729.998 2739.997 2739.998 2739.997 2739.998
2729.998 2729.998 2729.998 2729.998 2739.998 2739.998 2739.998 2739.998
2729.998 2729.999 2729.998 2729.999 2739.998 2739.999 2739.998 2739.999
2729.999 2729.999 2729.999 2729.999 2739.999 2739.999 2739.999 2739.999
2729.999 2730.000 2729.999 2730.000 2739.999 2740.000 2739.999 2740.000
2730.000 2730.000 2730.000 2730.000 2740.000 2740.000 2740.000 2740.000
2730.000 2730.000 2730.000 2730.000 2740.000 2740.000 2740.000 2740.000
2730.000 2729.999 2730.000 2729.999 2740.000 2739.999 2740.000 2739.999
2729.999 2729.999 2729.999 2729.999 2739.999 2739.999 2739.999 2739.999
2729.999 2729.998 2729.999 2729.998 2739.999 2739.998 2739.999 2739.998
2729.998 2729.998 2729.998 2729.998 2739.998 2739.998 2739.998 2739.998
2729.998 2729.997 2729.998 2729.997 2739.998 2739.997 2739.998 2739.997
2729.997 2729.996 2729.997 2729.996 2739.997 2739.996 2739.997 2739.996
2729.996 2729.995 2729.996 2729.995 2739.996 2739.995 2739.996 2739.995
2729.995 2729.994 2729.995 2729.994 2739.995 2739.994 2739.995 2739.994
2729.994 2729.992 2729.994 2729.992 2739.994 2739.992 2739.994 2739.992
2729.992 2729.994 2729.992 2729.994 2739.992 2739.994 2739.992 2739.994
2729.994 2729.995 2729.994 2729.995 2739.994 2739.995 2739.994 2739.995
2729.995 2729.996 2729.995 2729.996 2739.995 2739.996 2739.995 2739.996
2729.996 2729.997 2729.996 2729.997 2739.996 2739.997 2739.996 2739.997
2729.997 2729.998 2729.997 2729.998 2739.997 2739.998 2739.997 2739.998
2729.998 2729.998 2729.998 2729.999 2739.998 2739.998 2739.998 2739.999
2729.998 2729.999 2729.999 2729.999 2739.998 2739.999 2739.999 2739.999
2729.999 2729.999 2729.999 2729.999 2739.999 2739.999 2739.999 2739.999
2729.999 2730.000 2729.999 2730.000 2739.999 2740.000 2739.999 2740.000
2730.000 2730.000 2730.000 2730.000 2740.000 2740.000 2740.000 2740.000
2730.000 2730.000 2730.000 2730.000 2740.000 2740.000 2740.000 2740.000
2730.000 2729.999 2730.000 2729.999 2740.000 2739.999 2740.000 2739.999
2729.999 2729.999 2729.999 2729.999 2739.999 2739.999 2739.999 2739.999
2729.999 2729.998 2729.999 2729.999 2739.999 2739.998 2739.999 2739.999
2729.998 2729.998 2729.999 2729.998 2739.998 2739.998 2739.999 2739.998
2729.998 2729.997 2729.998 2729.997 2739.998 2739.997 2739.998 2739.997
2729.997 2729.996 2729.997 2729.996 2739.997 2739.996 2739.997 2739.996
2729.996 2729.995 2729.996 2729.995 2739.996 2739.995 2739.996 2739.995
2729.995 2729.994 2729.995 2729.994 2739.995 2739.994 2739.995 2739.994
2729.994 2729.992 2729.994 2729.992 2739.994 2739.992 2739.994 2739.992
2729.992 2729.994 2729.992 2729.994 2739.992 2739.994 2739.992 2739.994
2729.994 2729.995 2729.994 2729.995 2739.994 2739.995 2739.994 2739.995
2729.995 2729.996 2729.995 2729.996 2739.995 2739.996 2739.995 2739.996
2729.996 2729.997 2729.996 2729.997 2739.996 2739.997 2739.996 2739.997
2729.997 2729.998 2729.997 2729.998 2739.997 2739.998 2739.997 2739.998
2729.998 2729.999 2729.998 2729.999 2739.998 2739.999 2739.998 2739.999
2729.999 2729.999 2729.999 2729.999 2739.999 2739.999 2739.999 2739.999
2729.999 2729.999 2729.999 2729.999 2739.999 2739.999 2739.999 2739.999
2729.999 2730.000 2729.999 2730.000 2739.999 2740.000 2739.999 2740.000
2730.000 2730.000 2730.000 2730.000 2740.000 2740.000 2740.000 2740.000
2730.000 2730.000 2730.000 2730.000 2740.000 2740.000 2740.000 2740.000
2730.000 2729.999 2730.000 2729.999 2740.000 2739.999 2740.000 2739.999
2729.999 2729.999 2729.999 2729.999 2739.999 2739.999 2739.999 2739.999
2729.999 2729.999 2729.999 2729.999 2739.999 2739.999 2739.999 2739.999
2729.999 2729.998 2729.999 2729.998 2739.999 2739.998 2739.999 2739.998
2729.998 2729.997 2729.998 2729.997 2739.998 2739.997 2739.998 2739.997
2729.997 2729.996 2729.997 2729.996 2739.997 2739.996 2739.997 2739.996
2729.996 2729.995 2729.996 2729.995 2739.996 2739.995 2739.996 2739.995
2729.995 2729.994 2729.995 2729.994 2739.995 2739.994 2739.995 2739.994
2729.994 2729.992 2729.994 2729.992 2739.994 2739.992 2739.994 2739.992
2729.992 2729.994 2729.992 2729.994 2739.992 2739.994 2739.992 2739.994
2729.994 2729.995 2729.994 2729.995 2739.994 2739.995 2739.994 2739.995
2729.995 2729.996 2729.995 2729.996 2739.995 2739.996 2739.995 2739.996
2729.996 2729.997 2729.996 2729.997 2739.996 2739.997 2739.996 2739.997
2729.997 2729.998 2729.997 2729.998 2739.997 2739.998 2739.997 2739.998
2729.998 2729.999 2729.998 2729.999 2739.998 2739.999 2739.998 2739.999
2729.999 2729.999 2729.999 2729.999 2739.999 2739.999 2739.999 2739.999
2729.999 2729.999 2729.999 2729.999 2739.999 2739.999 2739.999 2739.999
2729.999 2730.000 2729.999 2730.000 2739.999 2740.000 2739.999 2740.000
2730.000 2730.000 2730.000 2730.000 2740.000 2740.000 2740.000 2740.000
2730.000 2730.000 2730.000 2730.000 2740.000 2740.000 2740.000 2740.000
2730.000 2729.999 2730.000 2729.999 2740.000 2739.999 2740.000 2739.999
2729.999 2729.999 2729.999 2729.999 2739.999 2739.999 2739.999 2739.999
2729.999 2729.999 2729.999 2729.999 2739.999 2739.999 2739.999 2739.999
2729.999 2729.998 2729.999 2729.998 2739.999 2739.998 2739.999 2739.998
2729.998 2729.997 2729.998 2729.997 2739.998 2739.997 2739.998 2739.997
2729.997 2729.996 2729.997 2729.996 2739.997 2739.996 2739.997 2739.996
2729.996 2729.995 2729.996 2729.995 2739.996 2739.995 2739.996 2739.995
2729.995 2729.994 2729.995 2729.994 2739.995 2739.994 2739.995 2739.994
2729.994 2729.992 2729.994 2729.992 2739.994 2739.992 2739.994 2739.992
2729.992 2729.994 2729.992 2729.994 2739.992 2739.994 2739.992 2739.994
2729.994 2729.995 2729.994 2729.995 2739.994 2739.995 2739.994 2739.995
2729.995 2729.996 2729.995 2729.996 2739.995 2739.996 2739.995 2739.996
2729.996 2729.997 2729.996 2729.997 2739.996 2739.997 2739.996 2739.997
2729.997 2729.998 2729.997 2729.998 2739.997 2739.998 2739.997 2739.998
2729.998 2729.999 2729.998 2729.999 2739.998 2739.999 2739.998 2739.999
2729.999 2729.999 2729.999 2729.999 2739.999 2739.999 2739.999 2739.999
2729.999 2729.999 2729.999 2730.000 2739.999 2739.999 2739.999 2740.000
2729.999 2730.000 2730.000 2730.000 2739.999 2740.000 2740.000 2740.000
2730.000 2730.000 2730.000 2730.000 2740.000 2740.000 2740.000 2740.000
2730.000 2730.000 2730.000 2730.000 2740.000 2740.000 2740.000 2740.000
2730.000 2729.999 2730.000 2730.000 2740.000 2739.999 2740.000 2740.000
2729.999 2729.999 2730.000 2729.999 2739.999 2739.999 2740.000 2739.999
2729.999 2729.999 2729.999 2729.999 2739.999 2739.999 2739.999 2739.999
2729.999 2729.998 2729.999 2729.998 2739.999 2739.998 2739.999 2739.998
2729.998 2729.997 2729.998 2729.997 2739.998 2739.997 2739.998 2739.997
2729.997 2729.996 2729.997 2729.996 2739.997 2739.996 2739.997 2739.996
2729.996 2729.995 2729.996 2729.995 2739.996 2739.995 2739.996 2739.995
2729.995 2729.994 2729.995 2729.994 2739.995 2739.994 2739.995 2739.994
2729.994 2729.992 2729.994 2729.992 2739.994 2739.992 2739.994 2739.992
2729.992 2729.994 2729.992 2729.994 2739.992 2739.994 2739.992 2739.994
2729.994 2729.995 2729.994 2729.995 2739.994 2739.995 2739.994 2739.995
2729.995 2729.996 2729.995 2729.996 2739.995 2739.996 2739.995 2739.996
2729.996 2729.997 2729.996 2729.997 2739.996 2739.997 2739.996 2739.997
2729.997 2729.998 2729.997 2729.998 2739.997 2739.998 2739.997 2739.998
2729.998 2729.999 2729.998 2729.999 2739.998 2739.999 2739.998 2739.999
2729.999 2729.999 2729.999 2729.999 2739.999 2739.999 2739.999 2739.999
2729.999 2730.000 2729.999 2730.000 2739.999 2740.000 2739.999 2740.000
2730.000 2730.000 2730.000 2730.000 2740.000 2740.000 2740.000 2740.000
2730.000 2730.000 2730.000 2730.000 2740.000 2740.000 2740.000 2740.000
2730.000 2730.000 2730.000 2730.000 2740.000 2740.000 2740.000 2740.000
2730.000 2730.000 2730.000 2730.000 2740.000 2740.000 2740.000 2740.000
2730.000 2729.999 2730.000 2729.999 2740.000 2739.999 2740.000 2739.999
2729.999 2729.999 2729.999 2729.999 2739.999 2739.999 2739.999 2739.999
2729.999 2729.998 2729.999 2729.998 2739.999 2739.998 2739.999 2739.998
2729.998 2729.997 2729.998 2729.997 2739.998 2739.997 2739.998 2739.997
2729.997 2729.996 2729.997 2729.996 2739.997 2739.996 2739.997 2739.996
2729.996 2729.995 2729.996 2729.995 2739.996 2739.995 2739.996 2739.995
2729.995 2729.994 2729.995 2729.994 2739.995 2739.994 2739.995 2739.994
2729.994 2729.992 2729.994 2729.992 2739.994 2739.992 2739.994 2739.992
2729.992 2729.994 2729.992 2729.994 2739.992 2739.994 2739.992 2739.994
2729.994 2729.995 2729.994 2729.995 2739.994 2739.995 2739.994 2739.995
2729.995 2729.996 2729.995 2729.996 2739.995 2739.996 2739.995 2739.996
2729.996 2729.997 2729.996 2729.997 2739.996 2739.997 2739.996 2739.997
2729.997 2729.998 2729.997 2729.998 2739.997 2739.998 2739.997 2739.998
2729.998 2729.999 2729.998 2729.999 2739.998 2739.999 2739.998 2739.999
2729.999 2729.999 2729.999 2729.999 2739.999 2739.999 2739.999 2739.999
2729.999 2730.000 2729.999 2730.000 2739.999 2740.000 2739.999 2740.000
2730.000 2730.000 2730.000 2730.000 2740.000 2740.000 2740.000 2740.000
2730.000 2730.000 2730.000 2730.000 2740.000 2740.000 2740.000 2740.000
2730.000 2730.000 2730.000 2730.000 2740.000 2740.000 2740.000 2740.000
2730.000 2730.000 2730.000 2730.000 2740.000 2740.000 2740.000 2740.000
2730.000 2729.999 2730.000 2729.999 2740.000 2739.999 2740.000 2739.999
2729.999 2729.999 2729.999 2729.999 2739.999 2739.999 2739.999 2739.999
2729.999 2729.998 2729.999 2729.998 2739.999 2739.998 2739.999 2739.998
2729.998 2729.997 2729.998 2729.997 2739.998 2739.997 2739.998 2739.997
2729.997 2729.996 2729.997 2729.996 2739.997 2739.996 2739.997 2739.996
2729.996 2729.995 2729.996 2729.995 2739.996 2739.995 2739.996 2739.995
2729.995 2729.994 2729.995 2729.994 2739.995 2739.994 2739.995 2739.994
2729.994 2729.992 2729.994 2729.992 2739.994 2739.992 2739.994 2739.992
2729.992 2729.994 2729.992 2729.994 2739.992 2739.994 2739.992 2739.994
2729.994 2729.995 2729.994 2729.995 2739.994 2739.995 2739.994 2739.995
2729.995 2729.996 2729.995 2729.996 2739.995 2739.996 2739.995 2739.996
2729.996 2729.997 2729.996 2729.997 2739.996 2739.997 2739.996 2739.997
2729.997 2729.998 2729.997 2729.998 2739.997 2739.998 2739.997 2739.998
2729.998 2729.999 2729.998 2729.999 2739.998 2739.999 2739.998 2739.999
2729.999 2729.999 2729.999 2729.999 2739.999 2739.999 2739.999 2739.999
2729.999 2730.000 2729.999 2730.000 2739.999 2740.000 2739.999 2740.000
2730.000 2730.000 2730.000 2730.000 2740.000 2740.000 2740.000 2740.000
2730.000 2730.000 2730.000 2730.000 2740.000 2740.000 2740.000 2740.000
2730.000 2730.000 2730.000 2730.000 2740.000 2740.000 2740.000 2740.000
2730.000 2730.000 2730.000 2730.000 2740.000 2740.000 2740.000 2740.000
2730.000 2729.999 2730.000 2729.999 2740.000 2739.999 2740.000 2739.999
2729.999 2729.999 2729.999 2729.999 2739.999 2739.999 2739.999 2739.999
2729.999 2729.998 2729.999 2729.998 2739.999 2739.998 2739.999 2739.998
2729.998 2729.997 2729.998 2729.997 2739.998 2739.997 2739.998 2739.997
2729.997 2729.996 2729.997 2729.996 2739.997 2739.996 2739.997 2739.996
2729.996 2729.995 2729.996 2729.995 2739.996 2739.995 2739.996 2739.995
2729.995 2729.994 2729.995 2729.994 2739.995 2739.994 2739.995 2739.994
2729.994 2729.992 2729.994 2729.992 2739.994 2739.992 2739.994 2739.992
2729.992 2729.994 2729.992 2729.994 2739.992 2739.994 2739.992 2739.994
2729.994 2729.995 2729.994 2729.995 2739.994 2739.995 2739.994 2739.995
2729.995 2729.996 2729.995 2729.996 2739.995 2739.996 2739.995 2739.996
2729.996 2729.997 2729.996 2729.997 2739.996 2739.997 2739.996 2739.997
2729.997 2729.998 2729.997 2729.998 2739.997 2739.998 2739.997 2739.998
2729.998 2729.999 2729.998 2729.999 2739.998 2739.999 2739.998 2739.999
2729.999 2729.999 2729.999 2729.999 2739.999 2739.999 2739.999 2739.999
2729.999 2730.000 2729.999 2730.000 2739.999 2740.000 2739.999 2740.000
2730.000 2730.000 2730.000 2730.000 2740.000 2740.000 2740.000 2740.000
2730.000 2730.000 2730.000 2730.000 2740.000 2740.000 2740.000 2740.000
2730.000 2730.000 2730.000 2730.000 2740.000 2740.000 2740.000 2740.000
2730.000 2730.000 2730.000 2730.000 2740.000 2740.000 2740.000 2740.000
2730.000 2729.999 2730.000 2729.999 2740.000 2739.999 2740.000 2739.999
2729.999 2729.999 2729.999 2729.999 2739.999 2739.999 2739.999 2739.999
2729.999 2729.998 2729.999 2729.998 2739.999 2739.998 2739.999 2739.998
2729.998 2729.997 2729.998 2729.997 2739.998 2739.997 2739.998 2739.997
2729.997 2729.996 2729.997 2729.996 2739.997 2739.996 2739.997 2739.996
2729.996 2729.995 2729.996 2729.995 2739.996 2739.995 2739.996 2739.995
2729.995 2729.994 2729.995 2729.994 2739.995 2739.994 2739.995 2739.994
2729.994 2729.992 2729.994 2729.992 2739.994 2739.992 2739.994 2739.992
2729.992 2729.994 2729.992 2729.994 2739.992 2739.994 2739.992 2739.994
2729.994 2729.995 2729.994 2729.995 2739.994 2739.995 2739.994 2739.995
2729.995 2729.996 2729.995 2729.996 2739.995 2739.996 2739.995 2739.996
2729.996 2729.997 2729.996 2729.997 2739.996 2739.997 2739.996 2739.997
2729.997 2729.998 2729.997 2729.998 2739.997 2739.998 2739.997 2739.998
2729.998 2729.999 2729.998 2729.999 2739.998 2739.999 2739.998 2739.999
2729.999 2729.999 2729.999 2729.999 2739.999 2739.999 2739.999 2739.999
2729.999 2730.000 2729.999 2730.000 2739.999 2740.000 2739.999 2740.000
2730.000 2730.000 2730.000 2730.000 2740.000 2740.000 2740.000 2740.000
2730.000 2730.000 2730.000 2730.000 2740.000 2740.000 2740.000 2740.000
2730.000 2730.000 2730.000 2730.000 2740.000 2740.000 2740.000 2740.000
2730.000 2730.000 2730.000 2730.000 2740.000 2740.000 2740.000 2740.000
2730.000 2729.999 2730.000 2729.999 2740.000 2739.999 2740.000 2739.999
2729.999 2729.999 2729.999 2729.999 2739.999 2739.999 2739.999 2739.999
2729.999 2729.998 2729.999 2729.998 2739.999 2739.998 2739.999 2739.998
2729.998 2729.997 2729.998 2729.997 2739.998 2739.997 2739.998 2739.997
2729.997 2729.996 2729.997 2729.996 2739.997 2739.996 2739.997 2739.996
2729.996 2729.995 2729.996 2729.995 2739.996 2739.995 2739.996 2739.995
2729.995 2729.994 2729.995 2729.994 2739.995 2739.994 2739.995 2739.994
2729.994 2729.992 2729.994 2729.992 2739.994 2739.992 2739.994 2739.992
2729.992 2729.994 2729.992 2729.994 2739.992 2739.994 2739.992 2739.994
2729.994 2729.995 2729.994 2729.995 2739.994 2739.995 2739.994 2739.995
2729.995 2729.996 2729.995 2729.996 2739.995 2739.996 2739.995 2739.996
2729.996 2729.997 2729.996 2729.997 2739.996 2739.997 2739.996 2739.997
2729.997 2729.998 2729.997 2729.998 2739.997 2739.998 2739.997 2739.998
2729.998 2729.999 2729.998 2729.999 2739.998 2739.999 2739.998 2739.999
2729.999 2729.999 2729.999 2729.999 2739.999 2739.999 2739.999 2739.999
2729.999 2730.000 2729.999 2730.000 2739.999 2740.000 2739.999 2740.000
2730.000 2730.000 2730.000 2730.000 2740.000 2740.000 2740.000 2740.000
2730.000 2730.000 2730.000 2730.000 2740.000 2740.000 2740.000 2740.000
2730.000 2730.000 2730.000 2730.000 2740.000 2740.000 2740.000 2740.000
2730.000 2730.000 2730.000 2730.000 2740.000 2740.000 2740.000 2740.000
2730.000 2729.999 2730.000 2729.999 2740.000 2739.999 2740.000 2739.999
2729.999 2729.999 2729.999 2729.999 2739.999 2739.999 2739.999 2739.999
2729.999 2729.998 2729.999 2729.998 2739.999 2739.998 2739.999 2739.998
2729.998 2729.997 2729.998 2729.997 2739.998 2739.997 2739.998 2739.997
2729.997 2729.996 2729.997 2729.996 2739.997 2739.996 2739.997 2739.996
2729.996 2729.995 2729.996 2729.995 2739.996 2739.995 2739.996 2739.995
2729.995 2729.994 2729.995 2729.994 2739.995 2739.994 2739.995 2739.994
2729.994 2729.992 2729.994 2729.992 2739.994 2739.992 2739.994 2739.992
2729.992 2729.994 2729.992 2729.994 2739.992 2739.994 2739.992 2739.994
2729.994 2729.995 2729.994 2729.995 2739.994 2739.995 2739.994 2739.995
2729.995 2729.996 2729.995 2729.996 2739.995 2739.996 2739.995 2739.996
2729.996 2729.997 2729.996 2729.997 2739.996 2739.997 2739.996 2739.997
2729.997 2729.998 2729.997 2729.998 2739.997 2739.998 2739.997 2739.998
2729.998 2729.999 2729.998 2729.999 2739.998 2739.999 2739.998 2739.999
2729.999 2729.999 2729.999 2729.999 2739.999 2739.999 2739.999 2739.999
2729.999 2730.000 2729.999 2730.000 2739.999 2740.000 2739.999 2740.000
2730.000 2730.000 2730.000 2730.000 2740.000 2740.000 2740.000 2740.000
2730.000 2730.000 2730.000 2730.000 2740.000 2740.000 2740.000 2740.000
2730.000 2730.000 2730.000 2730.000 2740.000 2740.000 2740.000 2740.000
2730.000 2730.000 2730.000 2730.000 2740.000 2740.000 2740.000 2740.000
2730.000 2729.999 2730.000 2729.999 2740.000 2739.999 2740.000 2739.999
2729.999 2729.999 2729.999 2729.999 2739.999 2739.999 2739.999 2739.999
2729.999 2729.998 2729.999 2729.998 2739.999 2739.998 2739.999 2739.998
2729.998 2729.997 2729.998 2729.997 2739.998 2739.997 2739.998 2739.997
2729.997 2729.996 2729.997 2729.996 2739.997 2739.996 2739.997 2739.996
2729.996 2729.995 2729.996 2729.995 2739.996 2739.995 2739.996 2739.995
2729.995 2729.994 2729.995 2729.994 2739.995 2739.994 2739.995 2739.994
2729.994 2729.992 2729.994 2729.992 2739.994 2739.992 2739.994 2739.992
2729.992 2729.994 2729.992 2729.994 2739.992 2739.994 2739.992 2739.994
2729.994 2729.995 2729.994 2729.995 2739.994 2739.995 2739.994 2739.995
2729.995 2729.996 2729.995 2729.996 2739.995 2739.996 2739.995 2739.996
2729.996 2729.997 2729.996 2729.997 2739.996 2739.997 2739.996 2739.997
2729.997 2729.998 2729.997 2729.998 2739.997 2739.998 2739.997 2739.998
2729.998 2729.999 2729.998 2729.999 2739.998 2739.999 2739.998 2739.999
2729.999 2729.999 2729.999 2729.999 2739.999 2739.999 2739.999 2739.999
2729.999 2730.000 2729.999 2730.000 2739.999 2740.000 2739.999 2740.000
2730.000 2730.000 2730.000 2730.000 2740.000 2740.000 2740.000 2740.000
2730.000 2730.000 2730.000 2730.000 2740.000 2740.000 2740.000 2740.000
2730.000 2730.000 2730.000 2730.000 2740.000 2740.000 2740.000 2740.000
2730.000 2730.000 2730.000 2730.000 2740.000 2740.000 2740.000 2740.000
2730.000 2729.999 2730.000 2729.999 2740.000 2739.999 2740.000 2739.999
2729.999 2729.999 2729.999 2729.999 2739.999 2739.999 2739.999 2739.999
2729.999 2729.998 2729.999 2729.998 2739.999 2739.998 2739.999 2739.998
2729.998 2729.997 2729.998 2729.997 2739.998 2739.997 2739.998 2739.997
2729.997 2729.996 2729.997 2729.996 2739.997 2739.996 2739.997 2739.996
2729.996 2729.995 2729.996 2729.995 2739.996 2739.995 2739.996 2739.995
2729.995 2729.994 2729.995 2729.994 2739.995 2739.994 2739.995 2739.994
2729.994 2729.992 2729.994 2729.992 2739.994 2739.992 2739.994 2739.992
2729.992 2729.994 2729.992 2729.994 2739.992 2739.994 2739.992 2739.994
2729.994 2729.995 2729.994 2729.995 2739.994 2739.995 2739.994 2739.995
2729.995 2729.996 2729.995 2729.996 2739.995 2739.996 2739.995 2739.996
2729.996 2729.997 2729.996 2729.997 2739.996 2739.997 2739.996 2739.997
2729.997 2729.998 2729.997 2729.998 2739.997 2739.998 2739.997 2739.998
2729.998 2729.999 2729.998 2729.999 2739.998 2739.999 2739.998 2739.999
2729.999 2729.999 2729.999 2729.999 2739.999 2739.999 2739.999 2739.999
2729.999 2730.000 2729.999 2730.000 2739.999 2740.000 2739.999 2740.000
2730.000 2730.000 2730.000 2730.000 2740.000 2740.000 2740.000 2740.000
2730.000 2730.000 2730.000 2730.000 2740.000 2740.000 2740.000 2740.000
2730.000 2730.000 2730.000 2730.000 2740.000 2740.000 2740.000 2740.000
2730.000 2730.000 2730.000 2730.000 2740.000 2740.000 2740.000 2740.000
2730.000 2729.999 2730.000 2729.999 2740.000 2739.999 2740.000 2739.999
2729.999 2729.999 2729.999 2729.999 2739.999 2739.999 2739.999 2739.999
2729.999 2729.998 2729.999 2729.998 2739.999 2739.998 2739.999 2739.998
2729.998 2729.997 2729.998 2729.997 2739.998 2739.997 2739.998 2739.997
2729.997 2729.996 2729.997 2729.996 2739.997 2739.996 2739.997 2739.996
2729.996 2729.995 2729.996 2729.995 2739.996 2739.995 2739.996 2739.995
2729.995 2729.994 2729.995 2729.994 2739.995 2739.994 2739.995 2739.994
2729.994 2729.992 2729.994 2729.992 2739.994 2739.992 2739.994 2739.992
2729.992 2729.994 2729.992 2729.994 2739.992 2739.994 2739.992 2739.994
2729.994 2729.995 2729.994 2729.995 2739.994 2739.995 2739.994 2739.995
2729.995 2729.996 2729.995 2729.996 2739.995 2739.996 2739.995 2739.996
2729.996 2729.997 2729.996 2729.997 2739.996 2739.997 2739.996 2739.997
2729.997 2729.998 2729.997 2729.998 2739.997 2739.998 2739.997 2739.998
2729.998 2729.999 2729.998 2729.999 2739.998 2739.999 2739.998 2739.999
2729.999 2729.999 2729.999 2729.999 2739.999 2739.999 2739.999 2739.999
2729.999 2730.000 2729.999 2730.000 2739.999 2740.000 2739.999 2740.000
2730.000 2730.000 2730.000 2730.000 2740.000 2740.000 2740.000 2740.000
2730.000 2730.000 2730.000 2730.000 2740.000 2740.000 2740.000 2740.000
2730.000 2730.000 2730.000 2730.000 2740.000 2740.000 2740.000 2740.000
2730.000 2730.000 2730.000 2730.000 2740.000 2740.000 2740.000 2740.000
2730.000 2729.999 2730.000 2729.999 2740.000 2739.999 2740.000 2739.999
2729.999 2729.999 2729.999 2729.999 2739.999 2739.999 2739.999 2739.999
2729.999 2729.998 2729.999 2729.998 2739.999 2739.998 2739.999 2739.998
2729.998 2729.997 2729.998 2729.997 2739.998 2739.997 2739.998 2739.997
2729.997 2729.996 2729.997 2729.996 2739.997 2739.996 2739.997 2739.996
2729.996 2729.995 2729.996 2729.995 2739.996 2739.995 2739.996 2739.995
2729.995 2729.994 2729.995 2729.994 2739.995 2739.994 2739.995 2739.994
2729.994 2729.992 2729.994 2729.992 2739.994 2739.992 2739.994 2739.992
2729.992 2729.994 2729.992 2729.994 2739.992 2739.994 2739.992 2739.994
2729.994 2729.995 2729.994 2729.995 2739.994 2739.995 2739.994 2739.995
2729.995 2729.996 2729.995 2729.996 2739.995 2739.996 2739.995 2739.996
2729.996 2729.997 2729.996 2729.997 2739.996 2739.997 2739.996 2739.997
2729.997 2729.998 2729.997 2729.998 2739.997 2739.998 2739.997 2739.998
2729.998 2729.999 2729.998 2729.999 2739.998 2739.999 2739.998 2739.999
2729.999 2729.999 2729.999 2729.999 2739.999 2739.999 2739.999 2739.999
2729.999 2730.000 2729.999 2730.000 2739.999 2740.000 2739.999 2740.000
2730.000 2730.000 2730.000 2730.000 2740.000 2740.000 2740.000 2740.000
2730.000 2730.000 2730.000 2730.000 2740.000 2740.000 2740.000 2740.000
2730.000 2730.000 2730.000 2730.000 2740.000 2740.000 2740.000 2740.000
2730.000 2730.000 2730.000 2730.000 2740.000 2740.000 2740.000 2740.000
2730.000 2729.999 2730.000 2729.999 2740.000 2739.999 2740.000 2739.999
2729.999 2729.999 2729.999 2729.999 2739.999 2739.999 2739.999 2739.999
2729.999 2729.998 2729.999 2729.998 2739.999 2739.998 2739.999 2739.998
2729.998 2729.997 2729.998 2729.997 2739.998 2739.997 2739.998 2739.997
2729.997 2729.996 2729.997 2729.996 2739.997 2739.996 2739.997 2739.996
2729.996 2729.995 2729.996 2729.995 2739.996 2739.995 2739.996 2739.995
2729.995 2729.994 2729.995 2729.994 2739.995 2739.994 2739.995 2739.994
2729.994 2729.992 2729.994 2729.992 2739.994 2739.992 2739.994 2739.992
2729.992 2729.994 2729.992 2729.994 2739.992 2739.994 2739.992 2739.994
2729.994 2729.995 2729.994 2729.995 2739.994 2739.995 2739.994 2739.995
2729.995 2729.996 2729.995 2729.996 2739.995 2739.996 2739.995 2739.996
2729.996 2729.997 2729.996 2729.997 2739.996 2739.997 2739.996 2739.997
2729.997 2729.998 2729.997 2729.998 2739.997 2739.998 2739.997 2739.998
2729.998 2729.999 2729.998 2729.999 2739.998 2739.999 2739.998 2739.999
2729.999 2729.999 2729.999 2729.999 2739.999 2739.999 2739.999 2739.999
2729.999 2730.000 2729.999 2730.000 2739.999 2740.000 2739.999 2740.000
2730.000 2730.000 2730.000 2730.000 2740.000 2740.000 2740.000 2740.000
2730.000 2730.000 2730.000 2730.000 2740.000 2740.000 2740.000 2740.000
2730.000 2730.000 2730.000 2730.000 2740.000 2740.000 2740.000 2740.000
2730.000 2730.000 2730.000 2730.000 2740.000 2740.000 2740.000 2740.000
2730.000 2729.999 2730.000 2729.999 2740.000 2739.999 2740.000 2739.999
2729.999 2729.999 2729.999 2729.999 2739.999 2739.999 2739.999 2739.999
2729.999 2729.998 2729.999 2729.998 2739.999 2739.998 2739.999 2739.998
2729.998 2729.997 2729.998 2729.997 2739.998 2739.997 2739.998 2739.997
2729.997 2729.996 2729.997 2729.996 2739.997 2739.996 2739.997 2739.996
2729.996 2729.995 2729.996 2729.995 2739.996 2739.995 2739.996 2739.995
2729.995 2729.994 2729.995 2729.994 2739.995 2739.994 2739.995 2739.994
2729.994 2729.992 2729.994 2729.992 2739.994 2739.992 2739.994 2739.992
2729.992 2729.994 2729.992 2729.994 2739.992 2739.994 2739.992 2739.994
2729.994 2729.995 2729.994 2729.995 2739.994 2739.995 2739.994 2739.995
2729.995 2729.996 2729.995 2729.996 2739.995 2739.996 2739.995 2739.996
2729.996 2729.997 2729.996 2729.997 2739.996 2739.997 2739.996 2739.997
2729.997 2729.998 2729.997 2729.998 2739.997 2739.998 2739.997 2739.998
2729.998 2729.999 2729.998 2729.999 2739.998 2739.999 2739.998 2739.999
2729.999 2729.999 2729.999 2729.999 2739.999 2739.999 2739.999 2739.999
2729.999 2730.000 2729.999 2730.000 2739.999 2740.000 2739.999 2740.000
2730.000 2730.000 2730.000 2730.000 2740.000 2740.000 2740.000 2740.000
2730.000 2730.000 2730.000 2730.000 2740.000 2740.000 2740.000 2740.000
2730.000 2730.000 2730.000 2730.000 2740.000 2740.000 2740.000 2740.000
2730.000 2730.000 2730.000 2730.000 2740.000 2740.000 2740.000 2740.000
2730.000 2729.999 2730.000 2729.999 2740.000 2739.999 2740.000 2739.999
2729.999 2729.999 2729.999 2729.999 2739.999 2739.999 2739.999 2739.999
2729.999 2729.998 2729.999 2729.998 2739.999 2739.998 2739.999 2739.998
2729.998 2729.997 2729.998 2729.997 2739.998 2739.997 2739.998 2739.997
2729.997 2729.996 2729.997 2729.996 2739.997 2739.996 2739.997 2739.996
2729.996 2729.995 2729.996 2729.995 2739.996 2739.995 2739.996 2739.995
2729.995 2729.994 2729.995 2729.994 2739.995 2739.994 2739.995 2739.994
2729.994 2729.992 2729.994 2729.992 2739.994 2739.992 2739.994 2739.992
2729.992 2729.994 2729.992 2729.994 2739.992 2739.994 2739.992 2739.994
2729.994 2729.995 2729.994 2729.995 2739.994 2739.995 2739.994 2739.995
2729.995 2729.996 2729.995 2729.996 2739.995 2739.996 2739.995 2739.996
2729.996 2729.997 2729.996 2729.997 2739.996 2739.997 2739.996 2739.997
2729.997 2729.998 2729.997 2729.998 2739.997 2739.998 2739.997 2739.998
2729.998 2729.999 2729.998 2729.999 2739.998 2739.999 2739.998 2739.999
2729.999 2729.999 2729.999 2729.999 2739.999 2739.999 2739.999 2739.999
2729.999 2730.000 2729.999 2730.000 2739.999 2740.000 2739.999 2740.000
2730.000 2730.000 2730.000 2730.000 2740.000 2740.000 2740.000 2740.000
2730.000 2730.000 2730.000 2730.000 2740.000 2740.000 2740.000 2740.000
2730.000 2730.000 2730.000 2730.000 2740.000 2740.000 2740.000 2740.000
2730.000 2730.000 2730.000 2730.000 2740.000 2740.000 2740.000 2740.000
2730.000 2729.999 2730.000 2729.999 2740.000 2739.999 2740.000 2739.999
2729.999 2729.999 2729.999 2729.999 2739.999 2739.999 2739.999 2739.999
2729.999 2729.998 2729.999 2729.998 2739.999 2739.998 2739.999 2739.998
2729.998 2729.997 2729.998 2729.997 2739.998 2739.997 2739.998 2739.997
2729.997 2729.996 2729.997 2729.996 2739.997 2739.996 2739.997 2739.996
2729.996 2729.995 2729.996 2729.995 2739.996 2739.995 2739.996 2739.995
2729.995 2729.994 2729.995 2729.994 2739.995 2739.994 2739.995 2739.994
2729.994 2729.992 2729.994 2729.992 2739.994 2739.992 2739.994 2739.992
2729.992 2729.994 2729.992 2729.994 2739.992 2739.994 2739.992 2739.994
2729.994 2729.995 2729.994 2729.995 2739.994 2739.995 2739.994 2739.995
2729.995 2729.996 2729.995 2729.996 2739.995 2739.996 2739.995 2739.996
2729.996 2729.997 2729.996 2729.997 2739.996 2739.997 2739.996 2739.997
2729.997 2729.998 2729.997 2729.998 2739.997 2739.998 2739.997 2739.998
2729.998 2729.999 2729.998 2729.999 2739.998 2739.999 2739.998 2739.999
2729.999 2729.999 2729.999 2729.999 2739.999 2739.999 2739.999 2739.999
2729.999 2730.000 2729.999 2730.000 2739.999 2740.000 2739.999 2740.000
2730.000 2730.000 2730.000 2730.000 2740.000 2740.000 2740.000 2740.000
2730.000 2730.000 2730.000 2730.000 2740.000 2740.000 2740.000 2740.000
2730.000 2730.000 2730.000 2730.000 2740.000 2740.000 2740.000 2740.000
2730.000 2730.000 2730.000 2730.000 2740.000 2740.000 2740.000 2740.000
2730.000 2729.999 2730.000 2729.999 2740.000 2739.999 2740.000 2739.999
2729.999 2729.999 2729.999 2729.999 2739.999 2739.999 2739.999 2739.999
2729.999 2729.998 2729.999 2729.998 2739.999 2739.998 2739.999 2739.998
2729.998 2729.997 2729.998 2729.997 2739.998 2739.997 2739.998 2739.997
2729.997 2729.996 2729.997 2729.996 2739.997 2739.996 2739.997 2739.996
2729.996 2729.995 2729.996 2729.995 2739.996 2739.995 2739.996 2739.995
2729.995 2729.994 2729.995 2729.994 2739.995 2739.994 2739.995 2739.994
2729.994 2729.992 2729.994 2729.992 2739.994 2739.992 2739.994 2739.992
2729.992 2729.994 2729.992 2729.994 2739.992 2739.994 2739.992 2739.994
2729.994 2729.995 2729.994 2729.995 2739.994 2739.995 2739.994 2739.995
2729.995 2729.996 2729.995 2729.996 2739.995 2739.996 2739.995 2739.996
2729.996 2729.997 2729.996 2729.997 2739.996 2739.997 2739.996 2739.997
2729.997 2729.998 2729.997 2729.998 2739.997 2739.998 2739.997 2739.998
2729.998 2729.999 2729.998 2729.999 2739.998 2739.999 2739.998 2739.999
2729.999 2729.999 2729.999 2729.999 2739.999 2739.999 2739.999 2739.999
2729.999 2730.000 2729.999 2730.000 2739.999 2740.000 2739.999 2740.000
2730.000 2730.000 2730.000 2730.000 2740.000 2740.000 2740.000 2740.000
2730.000 2730.000 2730.000 2730.000 2740.000 2740.000 2740.000 2740.000
2730.000 2730.000 2730.000 2730.000 2740.000 2740.000 2740.000 2740.000
2730.000 2730.000 2730.000 2730.000 2740.000 2740.000 2740.000 2740.000
2730.000 2729.999 2730.000 2729.999 2740.000 2739.999 2740.000 2739.999
2729.999 2729.999 2729.999 2729.999 2739.999 2739.999 2739.999 2739.999
2729.999 2729.998 2729.999 2729.998 2739.999 2739.998 2739.999 2739.998
2729.998 2729.997 2729.998 2729.997 2739.998 2739.997 2739.998 2739.997
2729.997 2729.996 2729.997 2729.996 2739.997 2739.996 2739.997 2739.996
2729.996 2729.995 2729.996 2729.995 2739.996 2739.995 2739.996 2739.995
2729.995 2729.994 2729.995 2729.994 2739.995 2739.994 2739.995 2739.994
2729.994 2729.992 2729.994 2729.992 2739.994 2739.992 2739.994 2739.992
2729.992 2729.994 2729.992 2729.994 2739.992 2739.994 2739.992 2739.994
2729.994 2729.995 2729.994 2729.995 2739.994 2739.995 2739.994 2739.995
2729.995 2729.996 2729.995 2729.996 2739.995 2739.996 2739.995 2739.996
2729.996 2729.997 2729.996 2729.997 2739.996 2739.997 2739.996 2739.997
2729.997 2729.998 2729.997 2729.998 2739.997 2739.998 2739.997 2739.998
2729.998 2729.999 2729.998 2729.999 2739.998 2739.999 2739.998 2739.999
2729.999 2729.999 2729.999 2729.999 2739.999 2739.999 2739.999 2739.999
2729.999 2730.000 2729.999 2730.000 2739.999 2740.000 2739.999 2740.000
2730.000 2730.000 2730.000 2730.000 2740.000 2740.000 2740.000 2740.000
2730.000 2730.000 2730.000 2730.000 2740.000 2740.000 2740.000 2740.000
2730.000 2730.000 2730.000 2730.000 2740.000 2740.000 2740.000 2740.000
2730.000 2730.000 2730.000 2730.000 2740.000 2740.000 2740.000 2740.000
2730.000 2729.999 2730.000 2729.999 2740.000 2739.999 2740.000 2739.999
2729.999 2729.999 2729.999 2729.999 2739.999 2739.999 2739.999 2739.999
2729.999 2729.998 2729.999 2729.998 2739.999 2739.998 2739.999 2739.998
2729.998 2729.997 2729.998 2729.997 2739.998 2739.997 2739.998 2739.997
2729.997 2729.996 2729.997 2729.996 2739.997 2739.996 2739.997 2739.996
2729.996 2729.995 2729.996 2729.995 2739.996 2739.995 2739.996 2739.995
2729.995 2729.994 2729.995 2729.994 2739.995 2739.994 2739.995 2739.994
2729.994 2729.992 2729.994 2729.992 2739.994 2739.992 2739.994 2739.992
2729.992 2729.994 2729.992 2729.994 2739.992 2739.994 2739.992 2739.994
2729.994 2729.995 2729.994 2729.995 2739.994 2739.995 2739.994 2739.995
2729.995 2729.996 2729.995 2729.996 2739.995 2739.996 2739.995 2739.996
2729.996 2729.997 2729.996 2729.997 2739.996 2739.997 2739.996 2739.997
2729.997 2729.998 2729.997 2729.998 2739.997 2739.998 2739.997 2739.998
2729.998 2729.999 2729.998 2729.999 2739.998 2739.999 2739.998 2739.999
2729.999 2729.999 2729.999 2729.999 2739.999 2739.999 2739.999 2739.999
2729.999 2730.000 2729.999 2730.000 2739.999 2740.000 2739.999 2740.000
2730.000 2730.000 2730.000 2730.000 2740.000 2740.000 2740.000 2740.000
2730.000 2730.000 2730.000 2730.000 2740.000 2740.000 2740.000 2740.000
2730.000 2730.000 2730.000 2730.000 2740.000 2740.000 2740.000 2740.000
2730.000 2730.000 2730.000 2730.000 2740.000 2740.000 2740.000 2740.000
2730.000 2729.999 2730.000 2729.999 2740.000 2739.999 2740.000 2739.999
2729.999 2729.999 2729.999 2729.999 2739.999 2739.999 2739.999 2739.999
2729.999 2729.998 2729.999 2729.998 2739.999 2739.998 2739.999 2739.998
2729.998 2729.997 2729.998 2729.997 2739.998 2739.997 2739.998 2739.997
2729.997 2729.996 2729.997 2729.996 2739.997 2739.996 2739.997 2739.996
2729.996 2729.995 2729.996 2729.995 2739.996 2739.995 2739.996 2739.995
2729.995 2729.994 2729.995 2729.994 2739.995 2739.994 2739.995 2739.994
2729.994 2729.992 2729.994 2729.992 2739.994 2739.992 2739.994 2739.992
2729.992 2729.994 2729.992 2729.994 2739.992 2739.994 2739.992 2739.994
2729.994 2729.995 2729.994 2729.995 2739.994 2739.995 2739.994 2739.995
2729.995 2729.996 2729.995 2729.996 2739.995 2739.996 2739.995 2739.996
2729.996 2729.997 2729.996 2729.997 2739.996 2739.997 2739.996 2739.997
2729.997 2729.998 2729.997 2729.998 2739.997 2739.998 2739.997 2739.998
2729.998 2729.999 2729.998 2729.999 2739.998 2739.999 2739.998 2739.999
2729.999 2729.999 2729.999 2729.999 2739.999 2739.999 2739.999 2739.999
2729.999 2730.000 2729.999 2730.000 2739.999 2740.000 2739.999 2740.000
2730.000 2730.000 2730.000 2730.000 2740.000 2740.000 2740.000 2740.000
2730.000 2730.000 2730.000 2730.000 2740.000 2740.000 2740.000 2740.000
2730.000 2730.000 2730.000 2730.000 2740.000 2740.000 2740.000 2740.000
2730.000 2730.000 2730.000 2730.000 2740.000 2740.000 2740.000 2740.000
2730.000 2729.999 2730.000 2729.999 2740.000 2739.999 2740.000 2739.999
2729.999 2729.999 2729.999 2729.999 2739.999 2739.999 2739.999 2739.999
2729.999 2729.998 2729.999 2729.998 2739.999 2739.998 2739.999 2739.998
2729.998 2729.997 2729.998 2729.997 2739.998 2739.997 2739.998 2739.997
2729.997 2729.996 2729.997 2729.996 2739.997 2739.996 2739.997 2739.996
2729.996 2729.995 2729.996 2729.995 2739.996 2739.995 2739.996 2739.995
2729.995 2729.994 2729.995 2729.994 2739.995 2739.994 2739.995 2739.994
2729.994 2729.992 2729.994 2729.992 2739.994 2739.992 2739.994 2739.992
2729.992 2729.994 2729.992 2729.994 2739.992 2739.994 2739.992 2739.994
2729.994 2729.995 2729.994 2729.995 2739.994 2739.995 2739.994 2739.995
2729.995 2729.996 2729.995 2729.996 2739.995 2739.996 2739.995 2739.996
2729.996 2729.997 2729.996 2729.997 2739.996 2739.997 2739.996 2739.997
2729.997 2729.998 2729.997 2729.998 2739.997 2739.998 2739.997 2739.998
2729.998 2729.999 2729.998 2729.999 2739.998 2739.999 2739.998 2739.999
2729.999 2729.999 2729.999 2729.999 2739.999 2739.999 2739.999 2739.999
2729.999 2730.000 2729.999 2730.000 2739.999 2740.000 2739.999 2740.000
2730.000 2730.000 2730.000 2730.000 2740.000 2740.000 2740.000 2740.000
2730.000 2730.000 2730.000 2730.000 2740.000 2740.000 2740.000 2740.000
2730.000 2730.000 2730.000 2730.000 2740.000 2740.000 2740.000 2740.000
2730.000 2730.000 2730.000 2730.000 2740.000 2740.000 2740.000 2740.000
2730.000 2729.999 2730.000 2729.999 2740.000 2739.999 2740.000 2739.999
2729.999 2729.999 2729.999 2729.999 2739.999 2739.999 2739.999 2739.999
2729.999 2729.998 2729.999 2729.998 2739.999 2739.998 2739.999 2739.998
2729.998 2729.997 2729.998 2729.997 2739.998 2739.997 2739.998 2739.997
2729.997 2729.996 2729.997 2729.996 2739.997 2739.996 2739.997 2739.996
2729.996 2729.995 2729.996 2729.995 2739.996 2739.995 2739.996 2739.995
2729.995 2729.994 2729.995 2729.994 2739.995 2739.994 2739.995 2739.994
2729.994 2729.992 2729.994 2729.992 2739.994 2739.992 2739.994 2739.992
2729.992 2729.994 2729.992 2729.994 2739.992 2739.994 2739.992 2739.994
2729.994 2729.995 2729.994 2729.995 2739.994 2739.995 2739.994 2739.995
2729.995 2729.996 2729.995 2729.996 2739.995 2739.996 2739.995 2739.996
2729.996 2729.997 2729.996 2729.997 2739.996 2739.997 2739.996 2739.997
2729.997 2729.998 2729.997 2729.998 2739.997 2739.998 2739.997 2739.998
2729.998 2729.999 2729.998 2729.999 2739.998 2739.999 2739.998 2739.999
2729.999 2729.999 2729.999 2729.999 2739.999 2739.999 2739.999 2739.999
2729.999 2730.000 2729.999 2730.000 2739.999 2740.000 2739.999 2740.000
2730.000 2730.000 2730.000 2730.000 2740.000 2740.000 2740.000 2740.000
2730.000 2730.000 2730.000 2730.000 2740.000 2740.000 2740.000 2740.000
2730.000 2730.000 2730.000 2730.000 2740.000 2740.000 2740.000 2740.000
2730.000 2730.000 2730.000 2730.000 2740.000 2740.000 2740.000 2740.000
2730.000 2729.999 2730.000 2729.999 2740.000 2739.999 2740.000 2739.999
2729.999 2729.999 2729.999 2729.999 2739.999 2739.999 2739.999 2739.999
2729.999 2729.998 2729.999 2729.998 2739.999 2739.998 2739.999 2739.998
2729.998 2729.997 2729.998 2729.997 2739.998 2739.997 2739.998 2739.997
2729.997 2729.996 2729.997 2729.996 2739.997 2739.996 2739.997 2739.996
2729.996 2729.995 2729.996 2729.995 2739.996 2739.995 2739.996 2739.995
2729.995 2729.994 2729.995 2729.994 2739.995 2739.994 2739.995 2739.994
2729.994 2729.992 2729.994 2729.992 2739.994 2739.992 2739.994 2739.992
2729.992 2729.994 2729.992 2729.994 2739.992 2739.994 2739.992 2739.994
2729.994 2729.995 2729.994 2729.995 2739.994 2739.995 2739.994 2739.995
2729.995 2729.996 2729.995 2729.996 2739.995 2739.996 2739.995 2739.996
2729.996 2729.997 2729.996 2729.997 2739.996 2739.997 2739.996 2739.997
2729.997 2729.998 2729.997 2729.998 2739.997 2739.998 2739.997 2739.998
2729.998 2729.999 2729.998 2729.999 2739.998 2739.999 2739.998 2739.999
2729.999 2729.999 2729.999 2729.999 2739.999 2739.999 2739.999 2739.999
2729.999 2730.000 2729.999 2730.000 2739.999 2740.000 2739.999 2740.000
2730.000 2730.000 2730.000 2730.000 2740.000 2740.000 2740.000 2740.000
2730.000 2730.000 2730.000 2730.000 2740.000 2740.000 2740.000 2740.000
2730.000 2730.000 2730.000 2730.000 2740.000 2740.000 2740.000 2740.000
2730.000 2730.000 2730.000 2730.000 2740.000 2740.000 2740.000 2740.000
2730.000 2729.999 2730.000 2729.999 2740.000 2739.999 2740.000 2739.999
2729.999 2729.999 2729.999 2729.999 2739.999 2739.999 2739.999 2739.999
2729.999 2729.998 2729.999 2729.998 2739.999 2739.998 2739.999 2739.998
2729.998 2729.997 2729.998 2729.997 2739.998 2739.997 2739.998 2739.997
2729.997 2729.996 2729.997 2729.996 2739.997 2739.996 2739.997 2739.996
2729.996 2729.995 2729.996 2729.995 2739.996 2739.995 2739.996 2739.995
2729.995 2729.994 2729.995 2729.994 2739.995 2739.994 2739.995 2739.994
2729.994 2729.992 2729.994 2729.992 2739.994 2739.992 2739.994 2739.992
2729.992 2729.994 2729.992 2729.994 2739.992 2739.994 2739.992 2739.994
2729.994 2729.995 2729.994 2729.995 2739.994 2739.995 2739.994 2739.995
2729.995 2729.996 2729.995 2729.996 2739.995 2739.996 2739.995 2739.996
2729.996 2729.997 2729.996 2729.997 2739.996 2739.997 2739.996 2739.997
2729.997 2729.998 2729.997 2729.998 2739.997 2739.998 2739.997 2739.998
2729.998 2729.999 2729.998 2729.999 2739.998 2739.999 2739.998 2739.999
2729.999 2729.999 2729.999 2729.999 2739.999 2739.999 2739.999 2739.999
2729.999 2730.000 2729.999 2730.000 2739.999 2740.000 2739.999 2740.000
2730.000 2730.000 2730.000 2730.000 2740.000 2740.000 2740.000 2740.000
2730.000 2730.000 2730.000 2730.000 2740.000 2740.000 2740.000 2740.000
2730.000 2730.000 2730.000 2730.000 2740.000 2740.000 2740.000 2740.000
2730.000 2730.000 2730.000 2730.000 2740.000 2740.000 2740.000 2740.000
2730.000 2729.999 2730.000 2729.999 2740.000 2739.999 2740.000 2739.999
2729.999 2729.999 2729.999 2729.999 2739.999 2739.999 2739.999 2739.999
2729.999 2729.998 2729.999 2729.998 2739.999 2739.998 2739.999 2739.998
2729.998 2729.997 2729.998 2729.997 2739.998 2739.997 2739.998 2739.997
2729.997 2729.996 2729.997 2729.996 2739.997 2739.996 2739.997 2739.996
2729.996 2729.995 2729.996 2729.995 2739.996 2739.995 2739.996 2739.995
2729.995 2729.994 2729.995 2729.994 2739.995 2739.994 2739.995 2739.994
2729.994 2729.992 2729.994 2729.992 2739.994 2739.992 2739.994 2739.992
2729.992 2729.994 2729.992 2729.994 2739.992 2739.994 2739.992 2739.994
2729.994 2729.995 2729.994 2729.995 2739.994 2739.995 2739.994 2739.995
2729.995 2729.996 2729.995 2729.996 2739.995 2739.996 2739.995 2739.996
2729.996 2729.997 2729.996 2729.997 2739.996 2739.997 2739.996 2739.997
2729.997 2729.998 2729.997 2729.998 2739.997 2739.998 2739.997 2739.998
2729.998 2729.999 2729.998 2729.999 2739.998 2739.999 2739.998 2739.999
2729.999 2729.999 2729.999 2729.999 2739.999 2739.999 2739.999 2739.999
2729.999 2730.000 2729.999 2730.000 2739.999 2740.000 2739.999 2740.000
2730.000 2730.000 2730.000 2730.000 2740.000 2740.000 2740.000 2740.000
2730.000 2730.000 2730.000 2730.000 2740.000 2740.000 2740.000 2740.000
2730.000 2730.000 2730.000 2730.000 2740.000 2740.000 2740.000 2740.000
2730.000 2730.000 2730.000 2730.000 2740.000 2740.000 2740.000 2740.000
2730.000 2729.999 2730.000 2729.999 2740.000 2739.999 2740.000 2739.999
2729.999 2729.999 2729.999 2729.999 2739.999 2739.999 2739.999 2739.999
2729.999 2729.998 2729.999 2729.998 2739.999 2739.998 2739.999 2739.998
2729.998 2729.997 2729.998 2729.997 2739.998 2739.997 2739.998 2739.997
2729.997 2729.996 2729.997 2729.996 2739.997 2739.996 2739.997 2739.996
2729.996 2729.995 2729.996 2729.995 2739.996 2739.995 2739.996 2739.995
2729.995 2729.994 2729.995 2729.994 2739.995 2739.994 2739.995 2739.994
2729.994 2729.992 2729.994 2729.992 2739.994 2739.992 2739.994 2739.992
2729.992 2729.994 2729.992 2729.994 2739.992 2739.994 2739.992 2739.994
2729.994 2729.995 2729.994 2729.995 2739.994 2739.995 2739.994 2739.995
2729.995 2729.996 2729.995 2729.996 2739.995 2739.996 2739.995 2739.996
2729.996 2729.997 2729.996 2729.997 2739.996 2739.997 2739.996 2739.997
2729.997 2729.998 2729.997 2729.998 2739.997 2739.998 2739.997 2739.998
2729.998 2729.999 2729.998 2729.999 2739.998 2739.999 2739.998 2739.999
2729.999 2729.999 2729.999 2729.999 2739.999 2739.999 2739.999 2739.999
2729.999 2730.000 2729.999 2730.000 2739.999 2740.000 2739.999 2740.000
2730.000 2730.000 2730.000 2730.000 2740.000 2740.000 2740.000 2740.000
2730.000 2730.000 2730.000 2730.000 2740.000 2740.000 2740.000 2740.000
2730.000 2730.000 2730.000 2730.000 2740.000 2740.000 2740.000 2740.000
2730.000 2730.000 2730.000 2730.000 2740.000 2740.000 2740.000 2740.000
2730.000 2729.999 2730.000 2729.999 2740.000 2739.999 2740.000 2739.999
2729.999 2729.999 2729.999 2729.999 2739.999 2739.999 2739.999 2739.999
2729.999 2729.998 2729.999 2729.998 2739.999 2739.998 2739.999 2739.998
2729.998 2729.997 2729.998 2729.997 2739.998 2739.997 2739.998 2739.997
2729.997 2729.996 2729.997 2729.996 2739.997 2739.996 2739.997 2739.996
2729.996 2729.995 2729.996 2729.995 2739.996 2739.995 2739.996 2739.995
2729.995 2729.994 2729.995 2729.994 2739.995 2739.994 2739.995 2739.994
2729.994 2729.992 2729.994 2729.992 2739.994 2739.992 2739.994 2739.992
2729.992 2729.994 2729.992 2729.994 2739.992 2739.994 2739.992 2739.994
2729.994 2729.995 2729.994 2729.995 2739.994 2739.995 2739.994 2739.995
2729.995 2729.996 2729.995 2729.996 2739.995 2739.996 2739.995 2739.996
2729.996 2729.997 2729.996 2729.997 2739.996 2739.997 2739.996 2739.997
2729.997 2729.998 2729.997 2729.998 2739.997 2739.998 2739.997 2739.998
2729.998 2729.999 2729.998 2729.999 2739.998 2739.999 2739.998 2739.999
2729.999 2729.999 2729.999 2729.999 2739.999 2739.999 2739.999 2739.999
2729.999 2730.000 2729.999 2730.000 2739.999 2740.000 2739.999 2740.000
2730.000 2730.000 2730.000 2730.000 2740.000 2740.000 2740.000 2740.000
2730.000 2730.000 2730.000 2730.000 2740.000 2740.000 2740.000 2740.000
2730.000 2730.000 2730.000 2730.000 2740.000 2740.000 2740.000 2740.000
2730.000 2730.000 2730.000 2730.000 2740.000 2740.000 2740.000 2740.000
2730.000 2729.999 2730.000 2729.999 2740.000 2739.999 2740.000 2739.999
2729.999 2729.999 2729.999 2729.999 2739.999 2739.999 2739.999 2739.999
2729.999 2729.998 2729.999 2729.998 2739.999 2739.998 2739.999 2739.998
2729.998 2729.997 2729.998 2729.997 2739.998 2739.997 2739.998 2739.997
2729.997 2729.996 2729.997 2729.996 2739.997 2739.996 2739.997 2739.996
2729.996 2729.995 2729.996 2729.995 2739.996 2739.995 2739.996 2739.995
2729.995 2729.994 2729.995 2729.994 2739.995 2739.994 2739.995 2739.994
2729.994 2729.992 2729.994 2729.992 2739.994 2739.992 2739.994 2739.992
2729.992 2729.994 2729.992 2729.994 2739.992 2739.994 2739.992 2739.994
2729.994 2729.995 2729.994 2729.995 2739.994 2739.995 2739.994 2739.995
2729.995 2729.996 2729.995 2729.996 2739.995 2739.996 2739.995 2739.996
2729.996 2729.997 2729.996 2729.997 2739.996 2739.997 2739.996 2739.997
2729.997 2729.998 2729.997 2729.998 2739.997 2739.998 2739.997 2739.998
2729.998 2729.999 2729.998 2729.999 2739.998 2739.999 2739.998 2739.999
2729.999 2729.999 2729.999 2729.999 2739.999 2739.999 2739.999 2739.999
2729.999 2730.000 2729.999 2730.000 2739.999 2740.000 2739.999 2740.000
2730.000 2730.000 2730.000 2730.000 2740.000 2740.000 2740.000 2740.000
2730.000 2730.000 2730.000 2730.000 2740.000 2740.000 2740.000 2740.000
2730.000 2730.000 2730.000 2730.000 2740.000 2740.000 2740.000 2740.000
2730.000 2730.000 2730.000 2730.000 2740.000 2740.000 2740.000 2740.000
2730.000 2729.999 2730.000 2729.999 2740.000 2739.999 2740.000 2739.999
2729.999 2729.999 2729.999 2729.999 2739.999 2739.999 2739.999 2739.999
2729.999 2729.998 2729.999 2729.998 2739.999 2739.998 2739.999 2739.998
2729.998 2729.997 2729.998 2729.997 2739.998 2739.997 2739.998 2739.997
2729.997 2729.996 2729.997 2729.996 2739.997 2739.996 2739.997 2739.996
2729.996 2729.995 2729.996 2729.995 2739.996 2739.995 2739.996 2739.995
2729.995 2729.994 2729.995 2729.994 2739.995 2739.994 2739.995 2739.994
2729.994 2729.992 2729.994 2729.992 2739.994 2739.992 2739.994 2739.992
2729.992 2729.994 2729.992 2729.994 2739.992 2739.994 2739.992 2739.994
2729.994 2729.995 2729.994 2729.995 2739.994 2739.995 2739.994 2739.995
2729.995 2729.996 2729.995 2729.996 2739.995 2739.996 2739.995 2739.996
2729.996 2729.997 2729.996 2729.997 2739.996 2739.997 2739.996 2739.997
2729.997 2729.998 2729.997 2729.998 2739.997 2739.998 2739.997 2739.998
2729.998 2729.999 2729.998 2729.999 2739.998 2739.999 2739.998 2739.999
2729.999 2729.999 2729.999 2729.999 2739.999 2739.999 2739.999 2739.999
2729.999 2730.000 2729.999 2730.000 2739.999 2740.000 2739.999 2740.000
2730.000 2730.000 2730.000 2730.000 2740.000 2740.000 2740.000 2740.000
2730.000 2730.000 2730.000 2730.000 2740.000 2740.000 2740.000 2740.000
2730.000 2730.000 2730.000 2730.000 2740.000 2740.000 2740.000 2740.000
2730.000 2730.000 2730.000 2730.000 2740.000 2740.000 2740.000 2740.000
2730.000 2729.999 2730.000 2729.999 2740.000 2739.999 2740.000 2739.999
2729.999 2729.999 2729.999 2729.999 2739.999 2739.999 2739.999 2739.999
2729.999 2729.998 2729.999 2729.998 2739.999 2739.998 2739.999 2739.998
2729.998 2729.997 2729.998 2729.997 2739.998 2739.997 2739.998 2739.997
2729.997 2729.996 2729.997 2729.996 2739.997 2739.996 2739.997 2739.996
2729.996 2729.995 2729.996 2729.995 2739.996 2739.995 2739.996 2739.995
2729.995 2729.994 2729.995 2729.994 2739.995 2739.994 2739.995 2739.994
2729.994 2729.992 2729.994 2729.992 2739.994 2739.992 2739.994 2739.992
2729.992 2729.994 2729.992 2729.994 2739.992 2739.994 2739.992 2739.994
2729.994 2729.995 2729.994 2729.995 2739.994 2739.995 2739.994 2739.995
2729.995 2729.996 2729.995 2729.996 2739.995 2739.996 2739.995 2739.996
2729.996 2729.997 2729.996 2729.997 2739.996 2739.997 2739.996 2739.997
2729.997 2729.998 2729.997 2729.998 2739.997 2739.998 2739.997 2739.998
2729.998 2729.999 2729.998 2729.999 2739.998 2739.999 2739.998 2739.999
2729.999 2729.999 2729.999 2729.999 2739.999 2739.999 2739.999 2739.999
2729.999 2730.000 2729.999 2730.000 2739.999 2740.000 2739.999 2740.000
2730.000 2730.000 2730.000 2730.000 2740.000 2740.000 2740.000 2740.000
2730.000 2730.000 2730.000 2730.000 2740.000 2740.000 2740.000 2740.000
2730.000 2730.000 2730.000 2730.000 2740.000 2740.000 2740.000 2740.000
2730.000 2730.000 2730.000 2730.000 2740.000 2740.000 2740.000 2740.000
2730.000 2729.999 2730.000 2729.999 2740.000 2739.999 2740.000 2739.999
2729.999 2729.999 2729.999 2729.999 2739.999 2739.999 2739.999 2739.999
2729.999 2729.998 2729.999 2729.998 2739.999 2739.998 2739.999 2739.998
2729.998 2729.997 2729.998 2729.997 2739.998 2739.997 2739.998 2739.997
2729.997 2729.996 2729.997 2729.996 2739.997 2739.996 2739.997 2739.996
2729.996 2729.995 2729.996 2729.995 2739.996 2739.995 2739.996 2739.995
2729.995 2729.994 2729.995 2729.994 2739.995 2739.994 2739.995 2739.994
2729.994 2729.992 2729.994 2729.992 2739.994 2739.992 2739.994 2739.992
2729.992 2729.994 2729.992 2729.994 2739.992 2739.994 2739.992 2739.994
2729.994 2729.995 2729.994 2729.995 2739.994 2739.995 2739.994 2739.995
2729.995 2729.996 2729.995 2729.996 2739.995 2739.996 2739.995 2739.996
2729.996 2729.997 2729.996 2729.997 2739.996 2739.997 2739.996 2739.997
2729.997 2729.998 2729.997 2729.998 2739.997 2739.998 2739.997 2739.998
2729.998 2729.999 2729.998 2729.999 2739.998 2739.999 2739.998 2739.999
2729.999 2729.999 2729.999 2729.999 2739.999 2739.999 2739.999 2739.999
2729.999 2730.000 2729.999 2730.000 2739.999 2740.000 2739.999 2740.000
2730.000 2730.000 2730.000 2730.000 2740.000 2740.000 2740.000 2740.000
2730.000 2730.000 2730.000 2730.000 2740.000 2740.000 2740.000 2740.000
2730.000 2730.000 2730.000 2730.000 2740.000 2740.000 2740.000 2740.000
2730.000 2730.000 2730.000 2730.000 2740.000 2740.000 2740.000 2740.000
2730.000 2729.999 2730.000 2729.999 2740.000 2739.999 2740.000 2739.999
2729.999 2729.999 2729.999 2729.999 2739.999 2739.999 2739.999 2739.999
2729.999 2729.998 2729.999 2729.998 2739.999 2739.998 2739.999 2739.998
2729.998 2729.997 2729.998 2729.997 2739.998 2739.997 2739.998 2739.997
2729.997 2729.996 2729.997 2729.996 2739.997 2739.996 2739.997 2739.996
2729.996 2729.995 2729.996 2729.995 2739.996 2739.995 2739.996 2739.995
2729.995 2729.994 2729.995 2729.994 2739.995 2739.994 2739.995 2739.994
2729.994 2729.992 2729.994 2729.992 2739.994 2739.992 2739.994 2739.992
2729.992 2729.994 2729.992 2729.994 2739.992 2739.994 2739.992 2739.994
2729.994 2729.995 2729.994 2729.995 2739.994 2739.995 2739.994 2739.995
2729.995 2729.996 2729.995 2729.996 2739.995 2739.996 2739.995 2739.996
2729.996 2729.997 2729.996 2729.997 2739.996 2739.997 2739.996 2739.997
2729.997 2729.998 2729.997 2729.998 2739.997 2739.998 2739.997 2739.998
2729.998 2729.999 2729.998 2729.999 2739.998 2739.999 2739.998 2739.999
2729.999 2729.999 2729.999 2729.999 2739.999 2739.999 2739.999 2739.999
2729.999 2730.000 2729.999 2730.000 2739.999 2740.000 2739.999 2740.000
2730.000 2730.000 2730.000 2730.000 2740.000 2740.000 2740.000 2740.000
2730.000 2730.000 2730.000 2730.000 2740.000 2740.000 2740.000 2740.000
2730.000 2730.000 2730.000 2730.000 2740.000 2740.000 2740.000 2740.000
2730.000 2730.000 2730.000 2730.000 2740.000 2740.000 2740.000 2740.000
2730.000 2729.999 2730.000 2729.999 2740.000 2739.999 2740.000 2739.999
2729.999 2729.999 2729.999 2729.999 2739.999 2739.999 2739.999 2739.999
2729.999 2729.998 2729.999 2729.998 2739.999 2739.998 2739.999 2739.998
2729.998 2729.997 2729.998 2729.997 2739.998 2739.997 2739.998 2739.997
2729.997 2729.996 2729.997 2729.996 2739.997 2739.996 2739.997 2739.996
2729.996 2729.995 2729.996 2729.995 2739.996 2739.995 2739.996 2739.995
2729.995 2729.994 2729.995 2729.994 2739.995 2739.994 2739.995 2739.994
2729.994 2729.992 2729.994 2729.992 2739.994 2739.992 2739.994 2739.992
2729.992 2729.994 2729.992 2729.994 2739.992 2739.994 2739.992 2739.994
2729.994 2729.995 2729.994 2729.995 2739.994 2739.995 2739.994 2739.995
2729.995 2729.996 2729.995 2729.996 2739.995 2739.996 2739.995 2739.996
2729.996 2729.997 2729.996 2729.997 2739.996 2739.997 2739.996 2739.997
2729.997 2729.998 2729.997 2729.998 2739.997 2739.998 2739.997 2739.998
2729.998 2729.999 2729.998 2729.999 2739.998 2739.999 2739.998 2739.999
2729.999 2729.999 2729.999 2729.999 2739.999 2739.999 2739.999 2739.999
2729.999 2730.000 2729.999 2730.000 2739.999 2740.000 2739.999 2740.000
2730.000 2730.000 2730.000 2730.000 2740.000 2740.000 2740.000 2740.000
2730.000 2730.000 2730.000 2730.000 2740.000 2740.000 2740.000 2740.000
2730.000 2730.000 2730.000 2730.000 2740.000 2740.000 2740.000 2740.000
2730.000 2730.000 2730.000 2730.000 2740.000 2740.000 2740.000 2740.000
2730.000 2729.999 2730.000 2729.999 2740.000 2739.999 2740.000 2739.999
2729.999 2729.999 2729.999 2729.999 2739.999 2739.999 2739.999 2739.999
2729.999 2729.998 2729.999 2729.998 2739.999 2739.998 2739.999 2739.998
2729.998 2729.997 2729.998 2729.997 2739.998 2739.997 2739.998 2739.997
2729.997 2729.996 2729.997 2729.996 2739.997 2739.996 2739.997 2739.996
2729.996 2729.995 2729.996 2729.995 2739.996 2739.995 2739.996 2739.995
2729.995 2729.994 2729.995 2729.994 2739.995 2739.994 2739.995 2739.994
2729.994 2729.992 2729.994 2729.992 2739.994 2739.992 2739.994 2739.992
2729.992 2729.994 2729.992 2729.994 2739.992 2739.994 2739.992 2739.994
2729.994 2729.995 2729.994 2729.995 2739.994 2739.995 2739.994 2739.995
2729.995 2729.996 2729.995 2729.996 2739.995 2739.996 2739.995 2739.996
2729.996 2729.997 2729.996 2729.997 2739.996 2739.997 2739.996 2739.997
2729.997 2729.998 2729.997 2729.998 2739.997 2739.998 2739.997 2739.998
2729.998 2729.999 2729.998 2729.999 2739.998 2739.999 2739.998 2739.999
2729.999 2729.999 2729.999 2729.999 2739.999 2739.999 2739.999 2739.999
2729.999 2730.000 2729.999 2729.999 2739.999 2740.000 2739.999 2739.999
2730.000 2730.000 2729.999 2730.000 2740.000 2740.000 2739.999 2740.000
2730.000 2730.000 2730.000 2730.000 2740.000 2740.000 2740.000 2740.000
2730.000 2730.000 2730.000 2730.000 2740.000 2740.000 2740.000 2740.000
2730.000 2730.000 2730.000 2729.999 2740.000 2740.000 2740.000 2739.999
2730.000 2729.999 2729.999 2729.999 2740.000 2739.999 2739.999 2739.999
2729.999 2729.999 2729.999 2729.999 2739.999 2739.999 2739.999 2739.999
2729.999 2729.998 2729.999 2729.998 2739.999 2739.998 2739.999 2739.998
2729.998 2729.997 2729.998 2729.997 2739.998 2739.997 2739.998 2739.997
2729.997 2729.996 2729.997 2729.996 2739.997 2739.996 2739.997 2739.996
2729.996 2729.995 2729.996 2729.995 2739.996 2739.995 2739.996 2739.995
2729.995 2729.994 2729.995 2729.994 2739.995 2739.994 2739.995 2739.994
2729.994 2729.992 2729.994 2729.992 2739.994 2739.992 2739.994 2739.992
2729.992 2729.994 2729.992 2729.994 2739.992 2739.994 2739.992 2739.994
2729.994 2729.995 2729.994 2729.995 2739.994 2739.995 2739.994 2739.995
2729.995 2729.996 2729.995 2729.996 2739.995 2739.996 2739.995 2739.996
2729.996 2729.997 2729.996 2729.997 2739.996 2739.997 2739.996 2739.997
2729.997 2729.998 2729.997 2729.998 2739.997 2739.998 2739.997 2739.998
2729.998 2729.999 2729.998 2729.999 2739.998 2739.999 2739.998 2739.999
2729.999 2729.999 2729.999 2729.999 2739.999 2739.999 2739.999 2739.999
2729.999 2729.999 2729.999 2729.999 2739.999 2739.999 2739.999 2739.999
2729.999 2730.000 2729.999 2730.000 2739.999 2740.000 2739.999 2740.000
2730.000 2730.000 2730.000 2730.000 2740.000 2740.000 2740.000 2740.000
2730.000 2730.000 2730.000 2730.000 2740.000 2740.000 2740.000 2740.000
2730.000 2729.999 2730.000 2729.999 2740.000 2739.999 2740.000 2739.999
2729.999 2729.999 2729.999 2729.999 2739.999 2739.999 2739.999 2739.999
2729.999 2729.999 2729.999 2729.999 2739.999 2739.999 2739.999 2739.999
2729.999 2729.998 2729.999 2729.998 2739.999 2739.998 2739.999 2739.998
2729.998 2729.997 2729.998 2729.997 2739.998 2739.997 2739.998 2739.997
2729.997 2729.996 2729.997 2729.996 2739.997 2739.996 2739.997 2739.996
2729.996 2729.995 2729.996 2729.995 2739.996 2739.995 2739.996 2739.995
2729.995 2729.994 2729.995 2729.994 2739.995 2739.994 2739.995 2739.994
2729.994 2729.992 2729.994 2729.992 2739.994 2739.992 2739.994 2739.992
2729.992 2729.994 2729.992 2729.994 2739.992 2739.994 2739.992 2739.994
2729.994 2729.995 2729.994 2729.995 2739.994 2739.995 2739.994 2739.995
2729.995 2729.996 2729.995 2729.996 2739.995 2739.996 2739.995 2739.996
2729.996 2729.997 2729.996 2729.997 2739.996 2739.997 2739.996 2739.997
2729.997 2729.998 2729.997 2729.998 2739.997 2739.998 2739.997 2739.998
2729.998 2729.999 2729.998 2729.999 2739.998 2739.999 2739.998 2739.999
2729.999 2729.999 2729.999 2729.999 2739.999 2739.999 2739.999 2739.999
2729.999 2729.999 2729.999 2729.999 2739.999 2739.999 2739.999 2739.999
2729.999 2730.000 2729.999 2730.000 2739.999 2740.000 2739.999 2740.000
2730.000 2730.000 2730.000 2730.000 2740.000 2740.000 2740.000 2740.000
2730.000 2730.000 2730.000 2730.000 2740.000 2740.000 2740.000 2740.000
2730.000 2729.999 2730.000 2729.999 2740.000 2739.999 2740.000 2739.999
2729.999 2729.999 2729.999 2729.999 2739.999 2739.999 2739.999 2739.999
2729.999 2729.999 2729.999 2729.999 2739.999 2739.999 2739.999 2739.999
2729.999 2729.998 2729.999 2729.998 2739.999 2739.998 2739.999 2739.998
2729.998 2729.997 2729.998 2729.997 2739.998 2739.997 2739.998 2739.997
2729.997 2729.996 2729.997 2729.996 2739.997 2739.996 2739.997 2739.996
2729.996 2729.995 2729.996 2729.995 2739.996 2739.995 2739.996 2739.995
2729.995 2729.994 2729.995 2729.994 2739.995 2739.994 2739.995 2739.994
2729.994 2729.992 2729.994 2729.992 2739.994 2739.992 2739.994 2739.992
2729.992 2729.994 2729.992 2729.994 2739.992 2739.994 2739.992 2739.994
2729.994 2729.995 2729.994 2729.995 2739.994 2739.995 2739.994 2739.995
2729.995 2729.996 2729.995 2729.996 2739.995 2739.996 2739.995 2739.996
2729.996 2729.997 2729.996 2729.997 2739.996 2739.997 2739.996 2739.997
2729.997 2729.998 2729.997 2729.998 2739.997 2739.998 2739.997 2739.998
2729.998 2729.999 2729.998 2729.998 2739.998 2739.999 2739.998 2739.998
2729.999 2729.999 2729.998 2729.999 2739.999 2739.999 2739.998 2739.999
2729.999 2729.999 2729.999 2729.999 2739.999 2739.999 2739.999 2739.999
2729.999 2730.000 2729.999 2730.000 2739.999 2740.000 2739.999 2740.000
2730.000 2730.000 2730.000 2730.000 2740.000 2740.000 2740.000 2740.000
2730.000 2730.000 2730.000 2730.000 2740.000 2740.000 2740.000 2740.000
2730.000 2729.999 2730.000 2729.999 2740.000 2739.999 2740.000 2739.999
2729.999 2729.999 2729.999 2729.999 2739.999 2739.999 2739.999 2739.999
2729.999 2729.999 2729.999 2729.998 2739.999 2739.999 2739.999 2739.998
2729.999 2729.998 2729.998 2729.998 2739.999 2739.998 2739.998 2739.998
2729.998 2729.997 2729.998 2729.997 2739.998 2739.997 2739.998 2739.997
2729.997 2729.996 2729.997 2729.996 2739.997 2739.996 2739.997 2739.996
2729.996 2729.995 2729.996 2729.995 2739.996 2739.995 2739.996 2739.995
2729.995 2729.994 2729.995 2729.994 2739.995 2739.994 2739.995 2739.994
2729.994 2729.992 2729.994 2729.992 2739.994 2739.992 2739.994 2739.992
2729.992 2729.994 2729.992 2729.994 2739.992 2739.994 2739.992 2739.994
2729.994 2729.995 2729.994 2729.995 2739.994 2739.995 2739.994 2739.995
2729.995 2729.996 2729.995 2729.996 2739.995 2739.996 2739.995 2739.996
2729.996 2729.997 2729.996 2729.997 2739.996 2739.997 2739.996 2739.997
2729.997 2729.998 2729.997 2729.998 2739.997 2739.998 2739.997 2739.998
2729.998 2729.998 2729.998 2729.998 2739.998 2739.998 2739.998 2739.998
2729.998 2729.999 2729.998 2729.999 2739.998 2739.999 2739.998 2739.999
2729.999 2729.999 2729.999 2729.999 2739.999 2739.999 2739.999 2739.999
2729.999 2730.000 2729.999 2730.000 2739.999 2740.000 2739.999 2740.000
2730.000 2730.000 2730.000 2730.000 2740.000 2740.000 2740.000 2740.000
2730.000 2730.000 2730.000 2730.000 2740.000 2740.000 2740.000 2740.000
2730.000 2729.999 2730.000 2729.999 2740.000 2739.999 2740.000 2739.999
2729.999 2729.999 2729.999 2729.999 2739.999 2739.999 2739.999 2739.999
2729.999 2729.998 2729.999 2729.998 2739.999 2739.998 2739.999 2739.998
2729.998 2729.998 2729.998 2729.998 2739.998 2739.998 2739.998 2739.998
2729.998 2729.997 2729.998 2729.997 2739.998 2739.997 2739.998 2739.997
2729.997 2729.996 2729.997 2729.996 2739.997 2739.996 2739.997 2739.996
2729.996 2729.995 2729.996 2729.995 2739.996 2739.995 2739.996 2739.995
2729.995 2729.994 2729.995 2729.994 2739.995 2739.994 2739.995 2739.994
2729.994 2729.992 2729.994 2729.992 2739.994 2739.992 2739.994 2739.992
2729.992 2729.994 2729.992 2729.994 2739.992 2739.994 2739.992 2739.994
2729.994 2729.995 2729.994 2729.995 2739.994 2739.995 2739.994 2739.995
2729.995 2729.996 2729.995 2729.996 2739.995 2739.996 2739.995 2739.996
2729.996 2729.997 2729.996 2729.997 2739.996 2739.997 2739.996 2739.997
2729.997 2729.998 2729.997 2729.998 2739.997 2739.998 2739.997 2739.998
2729.998 2729.998 2729.998 2729.998 2739.998 2739.998 2739.998 2739.998
2729.998 2729.999 2729.998 2729.999 2739.998 2739.999 2739.998 2739.999
2729.999 2729.999 2729.999 2729.999 2739.999 2739.999 2739.999 2739.999
2729.999 2730.000 2729.999 2730.000 2739.999 2740.000 2739.999 2740.000
2730.000 2730.000 2730.000 2730.000 2740.000 2740.000 2740.000 2740.000
2730.000 2730.000 2730.000 2730.000 2740.000 2740.000 2740.000 2740.000
2730.000 2729.999 2730.000 2729.999 2740.000 2739.999 2740.000 2739.999
2729.999 2729.999 2729.999 2729.999 2739.999 2739.999 2739.999 2739.999
2729.999 2729.998 2729.999 2729.998 2739.999 2739.998 2739.999 2739.998
2729.998 2729.998 2729.998 2729.998 2739.998 2739.998 2739.998 2739.998
2729.998 2729.997 2729.998 2729.997 2739.998 2739.997 2739.998 2739.997
2729.997 2729.996 2729.997 2729.996 2739.997 2739.996 2739.997 2739.996
2729.996 2729.995 2729.996 2729.995 2739.996 2739.995 2739.996 2739.995
2729.995 2729.994 2729.995 2729.994 2739.995 2739.994 2739.995 2739.994
2729.994 2729.992 2729.994 2729.992 2739.994 2739.992 2739.994 2739.992
2729.992 2729.994 2729.992 2729.994 2739.992 2739.994 2739.992 2739.994
2729.994 2729.995 2729.994 2729.995 2739.994 2739.995 2739.994 2739.995
2729.995 2729.996 2729.995 2729.996 2739.995 2739.996 2739.995 2739.996
2729.996 2729.997 2729.996 2729.997 2739.996 2739.997 2739.996 2739.997
2729.997 2729.998 2729.997 2729.998 2739.997 2739.998 2739.997 2739.998
2729.998 2729.998 2729.998 2729.998 2739.998 2739.998 2739.998 2739.998
2729.998 2729.999 2729.998 2729.999 2739.998 2739.999 2739.998 2739.999
2729.999 2729.999 2729.999 2729.999 2739.999 2739.999 2739.999 2739.999
2729.999 2730.000 2729.999 2730.000 2739.999 2740.000 2739.999 2740.000
2730.000 2730.000 2730.000 2730.000 2740.000 2740.000 2740.000 2740.000
2730.000 2730.000 2730.000 2730.000 2740.000 2740.000 2740.000 2740.000
2730.000 2729.999 2730.000 2729.999 2740.000 2739.999 2740.000 2739.999
2729.999 2729.999 2729.999 2729.999 2739.999 2739.999 2739.999 2739.999
2729.999 2729.998 2729.999 2729.998 2739.999 2739.998 2739.999 2739.998
2729.998 2729.998 2729.998 2729.998 2739.998 2739.998 2739.998 2739.998
2729.998 2729.997 2729.998 2729.997 2739.998 2739.997 2739.998 2739.997
2729.997 2729.996 2729.997 2729.996 2739.997 2739.996 2739.997 2739.996
2729.996 2729.995 2729.996 2729.995 2739.996 2739.995 2739.996 2739.995
2729.995 2729.994 2729.995 2729.994 2739.995 2739.994 2739.995 2739.994
2729.994 2729.992 2729.994 2729.992 2739.994 2739.992 2739.994 2739.992
2729.992 2729.994 2729.992 2729.993 2739.992 2739.994 2739.992 2739.993
2729.994 2729.995 2729.993 2729.995 2739.994 2739.995 2739.993 2739.995
2729.995 2729.996 2729.995 2729.996 2739.995 2739.996 2739.995 2739.996
2729.996 2729.997 2729.996 2729.997 2739.996 2739.997 2739.996 2739.997
2729.997 2729.998 2729.997 2729.998 2739.997 2739.998 2739.997 2739.998
2729.998 2729.998 2729.998 2729.998 2739.998 2739.998 2739.998 2739.998
2729.998 2729.999 2729.998 2729.999 2739.998 2739.999 2739.998 2739.999
2729.999 2729.999 2729.999 2729.999 2739.999 2739.999 2739.999 2739.999
2729.999 2730.000 2729.999 2729.999 2739.999 2740.000 2739.999 2739.999
2730.000 2730.000 2729.999 2730.000 2740.000 2740.000 2739.999 2740.000
2730.000 2730.000 2730.000 2729.999 2740.000 2740.000 2740.000 2739.999
2730.000 2729.999 2729.999 2729.999 2740.000 2739.999 2739.999 2739.999
2729.999 2729.999 2729.999 2729.999 2739.999 2739.999 2739.999 2739.999
2729.999 2729.998 2729.999 2729.998 2739.999 2739.998 2739.999 2739.998
2729.998 2729.998 2729.998 2729.998 2739.998 2739.998 2739.998 2739.998
2729.998 2729.997 2729.998 2729.997 2739.998 2739.997 2739.998 2739.997
2729.997 2729.996 2729.997 2729.996 2739.997 2739.996 2739.997 2739.996
2729.996 2729.995 2729.996 2729.995 2739.996 2739.995 2739.996 2739.995
2729.995 2729.994 2729.995 2729.993 2739.995 2739.994 2739.995 2739.993
2729.994 2729.992 2729.993 2729.992 2739.994 2739.992 2739.993 2739.992
2729.992 2729.993 2729.992 2729.993 2739.992 2739.993 2739.992 2739.993
2729.993 2729.995 2729.993 2729.995 2739.993 2739.995 2739.993 2739.995
2729.995 2729.996 2729.995 2729.996 2739.995 2739.996 2739.995 2739.996
2729.996 2729.997 2729.996 2729.997 2739.996 2739.997 2739.996 2739.997
2729.997 2729.998 2729.997 2729.998 2739.997 2739.998 2739.997 2739.998
2729.998 2729.998 2729.998 2729.998 2739.998 2739.998 2739.998 2739.998
2729.998 2729.999 2729.998 2729.999 2739.998 2739.999 2739.998 2739.999
2729.999 2729.999 2729.999 2729.999 2739.999 2739.999 2739.999 2739.999
2729.999 2729.999 2729.999 2729.999 2739.999 2739.999 2739.999 2739.999
2729.999 2730.000 2729.999 2730.000 2739.999 2740.000 2739.999 2740.000
2730.000 2729.999 2730.000 2729.999 2740.000 2739.999 2740.000 2739.999
2729.999 2729.999 2729.999 2729.999 2739.999 2739.999 2739.999 2739.999
2729.999 2729.999 2729.999 2729.999 2739.999 2739.999 2739.999 2739.999
2729.999 2729.998 2729.999 2729.998 2739.999 2739.998 2739.999 2739.998
2729.998 2729.998 2729.998 2729.998 2739.998 2739.998 2739.998 2739.998
2729.998 2729.997 2729.998 2729.997 2739.998 2739.997 2739.998 2739.997
2729.997 2729.996 2729.997 2729.996 2739.997 2739.996 2739.997 2739.996
2729.996 2729.995 2729.996 2729.995 2739.996 2739.995 2739.996 2739.995
2729.995 2729.993 2729.995 2729.993 2739.995 2739.993 2739.995 2739.993
2729.993 2729.992 2729.993 2729.992 2739.993 2739.992 2739.993 2739.992
2739.992 2739.993 2739.992 2739.993 2749.992 2749.993 2749.992 2749.993
2739.993 2739.995 2739.993 2739.995 2749.993 2749.995 2749.993 2749.995
2739.995 2739.996 2739.995 2739.996 2749.995 2749.996 2749.995 2749.996
2739.996 2739.997 2739.996 2739.997 2749.996 2749.997 2749.996 2749.997
2739.997 2739.998 2739.997 2739.998 2749.997 2749.998 2749.997 2749.998
2739.998 2739.998 2739.998 2739.998 2749.998 2749.998 2749.998 2749.998
2739.998 2739.999 2739.998 2739.999 2749.998 2749.999 2749.998 2749.999
2739.999 2739.999 2739.999 2739.999 2749.999 2749.999 2749.999 2749.999
2739.999 2739.999 2739.999 2739.999 2749.999 2749.999 2749.999 2749.999
2739.999 2740.000 2739.999 2740.000 2749.999 2750.000 2749.999 2750.000
2740.000 2739.999 2740.000 2739.999 2750.000 2749.999 2750.000 2749.999
2739.999 2739.999 2739.999 2739.999 2749.999 2749.999 2749.999 2749.999
2739.999 2739.999 2739.999 2739.999 2749.999 2749.999 2749.999 2749.999
2739.999 2739.998 2739.999 2739.998 2749.999 2749.998 2749.999 2749.998
2739.998 2739.998 2739.998 2739.998 2749.998 2749.998 2749.998 2749.998
2739.998 2739.997 2739.998 2739.997 2749.998 2749.997 2749.998 2749.997
2739.997 2739.996 2739.997 2739.996 2749.997 2749.996 2749.997 2749.996
2739.996 2739.995 2739.996 2739.995 2749.996 2749.995 2749.996 2749.995
2739.995 2739.993 2739.995 2739.993 2749.995 2749.993 2749.995 2749.993
2739.993 2739.992 2739.993 2739.992 2749.993 2749.992 2749.993 2749.992
2739.992 2739.993 2739.992 2739.994 2749.992 2749.993 2749.992 2749.994
2739.993 2739.995 2739.994 2739.995 2749.993 2749.995 2749.994 2749.995
2739.995 2739.996 2739.995 2739.996 2749.995 2749.996 2749.995 2749.996
2739.996 2739.997 2739.996 2739.997 2749.996 2749.997 2749.996 2749.997
2739.997 2739.998 2739.997 2739.998 2749.997 2749.998 2749.997 2749.998
2739.998 2739.998 2739.998 2739.998 2749.998 2749.998 2749.998 2749.998
2739.998 2739.999 2739.998 2739.999 2749.998 2749.999 2749.998 2749.999
2739.999 2739.999 2739.999 2739.999 2749.999 2749.999 2749.999 2749.999
2739.999 2739.999 2739.999 2740.000 2749.999 2749.999 2749.999 2750.000
2739.999 2740.000 2740.000 2740.000 2749.999 2750.000 2750.000 2750.000
2740.000 2739.999 2740.000 2740.000 2750.000 2749.999 2750.000 2750.000
2739.999 2739.999 2740.000 2739.999 2749.999 2749.999 2750.000 2749.999
2739.999 2739.999 2739.999 2739.999 2749.999 2749.999 2749.999 2749.999
2739.999 2739.998 2739.999 2739.998 2749.999 2749.998 2749.999 2749.998
2739.998 2739.998 2739.998 2739.998 2749.998 2749.998 2749.998 2749.998
2739.998 2739.997 2739.998 2739.997 2749.998 2749.997 2749.998 2749.997
2739.997 2739.996 2739.997 2739.996 2749.997 2749.996 2749.997 2749.996
2739.996 2739.995 2739.996 2739.995 2749.996 2749.995 2749.996 2749.995
2739.995 2739.993 2739.995 2739.994 2749.995 2749.993 2749.995 2749.994
2739.993 2739.992 2739.994 2739.992 2749.993 2749.992 2749.994 2749.992
2739.992 2739.994 2739.992 2739.994 2749.992 2749.994 2749.992 2749.994
2739.994 2739.995 2739.994 2739.995 2749.994 2749.995 2749.994 2749.995
2739.995 2739.996 2739.995 2739.996 2749.995 2749.996 2749.995 2749.996
2739.996 2739.997 2739.996 2739.997 2749.996 2749.997 2749.996 2749.997
2739.997 2739.998 2739.997 2739.998 2749.997 2749.998 2749.997 2749.998
2739.998 2739.998 2739.998 2739.998 2749.998 2749.998 2749.998 2749.998
2739.998 2739.999 2739.998 2739.999 2749.998 2749.999 2749.998 2749.999
2739.999 2739.999 2739.999 2739.999 2749.999 2749.999 2749.999 2749.999
2739.999 2740.000 2739.999 2740.000 2749.999 2750.000 2749.999 2750.000
2740.000 2740.000 2740.000 2740.000 2750.000 2750.000 2750.000 2750.000
2740.000 2740.000 2740.000 2740.000 2750.000 2750.000 2750.000 2750.000
2740.000 2739.999 2740.000 2739.999 2750.000 2749.999 2750.000 2749.999
2739.999 2739.999 2739.999 2739.999 2749.999 2749.999 2749.999 2749.999
2739.999 2739.998 2739.999 2739.998 2749.999 2749.998 2749.999 2749.998
2739.998 2739.998 2739.998 2739.998 2749.998 2749.998 2749.998 2749.998
2739.998 2739.997 2739.998 2739.997 2749.998 2749.997 2749.998 2749.997
2739.997 2739.996 2739.997 2739.996 2749.997 2749.996 2749.997 2749.996
2739.996 2739.995 2739.996 2739.995 2749.996 2749.995 2749.996 2749.995
2739.995 2739.994 2739.995 2739.994 2749.995 2749.994 2749.995 2749.994
2739.994 2739.992 2739.994 2739.992 2749.994 2749.992 2749.994 2749.992
2739.992 2739.994 2739.992 2739.994 2749.992 2749.994 2749.992 2749.994
2739.994 2739.995 2739.994 2739.995 2749.994 2749.995 2749.994 2749.995
2739.995 2739.996 2739.995 2739.996 2749.995 2749.996 2749.995 2749.996
2739.996 2739.997 2739.996 2739.997 2749.996 2749.997 2749.996 2749.997
2739.997 2739.998 2739.997 2739.998 2749.997 2749.998 2749.997 2749.998
2739.998 2739.998 2739.998 2739.998 2749.998 2749.998 2749.998 2749.998
2739.998 2739.999 2739.998 2739.999 2749.998 2749.999 2749.998 2749.999
2739.999 2739.999 2739.999 2739.999 2749.999 2749.999 2749.999 2749.999
2739.999 2740.000 2739.999 2740.000 2749.999 2750.000 2749.999 2750.000
2740.000 2740.000 2740.000 2740.000 2750.000 2750.000 2750.000 2750.000
2740.000 2740.000 2740.000 2740.000 2750.000 2750.000 2750.000 2750.000
2740.000 2739.999 2740.000 2739.999 2750.000 2749.999 2750.000 2749.999
2739.999 2739.999 2739.999 2739.999 2749.999 2749.999 2749.999 2749.999
2739.999 2739.998 2739.999 2739.998 2749.999 2749.998 2749.999 2749.998
2739.998 2739.998 2739.998 2739.998 2749.998 2749.998 2749.998 2749.998
2739.998 2739.997 2739.998 2739.997 2749.998 2749.997 2749.998 2749.997
2739.997 2739.996 2739.997 2739.996 2749.997 2749.996 2749.997 2749.996
2739.996 2739.995 2739.996 2739.995 2749.996 2749.995 2749.996 2749.995
2739.995 2739.994 2739.995 2739.994 2749.995 2749.994 2749.995 2749.994
2739.994 2739.992 2739.994 2739.992 2749.994 2749.992 2749.994 2749.992
2739.992 2739.994 2739.992 2739.994 2749.992 2749.994 2749.992 2749.994
2739.994 2739.995 2739.994 2739.995 2749.994 2749.995 2749.994 2749.995
2739.995 2739.996 2739.995 2739.996 2749.995 2749.996 2749.995 2749.996
2739.996 2739.997 2739.996 2739.997 2749.996 2749.997 2749.996 2749.997
2739.997 2739.998 2739.997 2739.998 2749.997 2749.998 2749.997 2749.998
2739.998 2739.998 2739.998 2739.998 2749.998 2749.998 2749.998 2749.998
2739.998 2739.999 2739.998 2739.999 2749.998 2749.999 2749.998 2749.999
2739.999 2739.999 2739.999 2739.999 2749.999 2749.999 2749.999 2749.999
2739.999 2740.000 2739.999 2740.000 2749.999 2750.000 2749.999 2750.000
2740.000 2740.000 2740.000 2740.000 2750.000 2750.000 2750.000 2750.000
2740.000 2740.000 2740.000 2740.000 2750.000 2750.000 2750.000 2750.000
2740.000 2739.999 2740.000 2739.999 2750.000 2749.999 2750.000 2749.999
2739.999 2739.999 2739.999 2739.999 2749.999 2749.999 2749.999 2749.999
2739.999 2739.998 2739.999 2739.998 2749.999 2749.998 2749.999 2749.998
2739.998 2739.998 2739.998 2739.998 2749.998 2749.998 2749.998 2749.998
2739.998 2739.997 2739.998 2739.997 2749.998 2749.997 2749.998 2749.997
2739.997 2739.996 2739.997 2739.996 2749.997 2749.996 2749.997 2749.996
2739.996 2739.995 2739.996 2739.995 2749.996 2749.995 2749.996 2749.995
2739.995 2739.994 2739.995 2739.994 2749.995 2749.994 2749.995 2749.994
2739.994 2739.992 2739.994 2739.992 2749.994 2749.992 2749.994 2749.992
2739.992 2739.994 2739.992 2739.994 2749.992 2749.994 2749.992 2749.994
2739.994 2739.995 2739.994 2739.995 2749.994 2749.995 2749.994 2749.995
2739.995 2739.996 2739.995 2739.996 2749.995 2749.996 2749.995 2749.996
2739.996 2739.997 2739.996 2739.997 2749.996 2749.997 2749.996 2749.997
2739.997 2739.998 2739.997 2739.998 2749.997 2749.998 2749.997 2749.998
2739.998 2739.998 2739.998 2739.999 2749.998 2749.998 2749.998 2749.999
2739.998 2739.999 2739.999 2739.999 2749.998 2749.999 2749.999 2749.999
2739.999 2739.999 2739.999 2739.999 2749.999 2749.999 2749.999 2749.999
2739.999 2740.000 2739.999 2740.000 2749.999 2750.000 2749.999 2750.000
2740.000 2740.000 2740.000 2740.000 2750.000 2750.000 2750.000 2750.000
2740.000 2740.000 2740.000 2740.000 2750.000 2750.000 2750.000 2750.000
2740.000 2739.999 2740.000 2739.999 2750.000 2749.999 2750.000 2749.999
2739.999 2739.999 2739.999 2739.999 2749.999 2749.999 2749.999 2749.999
2739.999 2739.998 2739.999 2739.999 2749.999 2749.998 2749.999 2749.999
2739.998 2739.998 2739.999 2739.998 2749.998 2749.998 2749.999 2749.998
2739.998 2739.997 2739.998 2739.997 2749.998 2749.997 2749.998 2749.997
2739.997 2739.996 2739.997 2739.996 2749.997 2749.996 2749.997 2749.996
2739.996 2739.995 2739.996 2739.995 2749.996 2749.995 2749.996 2749.995
2739.995 2739.994 2739.995 2739.994 2749.995 2749.994 2749.995 2749.994
2739.994 2739.992 2739.994 2739.992 2749.994 2749.992 2749.994 2749.992
2739.992 2739.994 2739.992 2739.994 2749.992 2749.994 2749.992 2749.994
2739.994 2739.995 2739.994 2739.995 2749.994 2749.995 2749.994 2749.995
2739.995 2739.996 2739.995 2739.996 2749.995 2749.996 2749.995 2749.996
2739.996 2739.997 2739.996 2739.997 2749.996 2749.997 2749.996 2749.997
2739.997 2739.998 2739.997 2739.998 2749.997 2749.998 2749.997 2749.998
2739.998 2739.999 2739.998 2739.999 2749.998 2749.999 2749.998 2749.999
2739.999 2739.999 2739.999 2739.999 2749.999 2749.999 2749.999 2749.999
2739.999 2739.999 2739.999 2739.999 2749.999 2749.999 2749.999 2749.999
2739.999 2740.000 2739.999 2740.000 2749.999 2750.000 2749.999 2750.000
2740.000 2740.000 2740.000 2740.000 2750.000 2750.000 2750.000 2750.000
2740.000 2740.000 2740.000 2740.000 2750.000 2750.000 2750.000 2750.000
2740.000 2739.999 2740.000 2739.999 2750.000 2749.999 2750.000 2749.999
2739.999 2739.999 2739.999 2739.999 2749.999 2749.999 2749.999 2749.999
2739.999 2739.999 2739.999 2739.999 2749.999 2749.999 2749.999 2749.999
2739.999 2739.998 2739.999 2739.998 2749.999 2749.998 2749.999 2749.998
2739.998 2739.997 2739.998 2739.997 2749.998 2749.997 2749.998 2749.997
2739.997 2739.996 2739.997 2739.996 2749.997 2749.996 2749.997 2749.996
2739.996 2739.995 2739.996 2739.995 2749.996 2749.995 2749.996 2749.995
2739.995 2739.994 2739.995 2739.994 2749.995 2749.994 2749.995 2749.994
2739.994 2739.992 2739.994 2739.992 2749.994 2749.992 2749.994 2749.992
2739.992 2739.994 2739.992 2739.994 2749.992 2749.994 2749.992 2749.994
2739.994 2739.995 2739.994 2739.995 2749.994 2749.995 2749.994 2749.995
2739.995 2739.996 2739.995 2739.996 2749.995 2749.996 2749.995 2749.996
2739.996 2739.997 2739.996 2739.997 2749.996 2749.997 2749.996 2749.997
2739.997 2739.998 2739.997 2739.998 2749.997 2749.998 2749.997 2749.998
2739.998 2739.999 2739.998 2739.999 2749.998 2749.999 2749.998 2749.999
2739.999 2739.999 2739.999 2739.999 2749.999 2749.999 2749.999 2749.999
2739.999 2739.999 2739.999 2739.999 2749.999 2749.999 2749.999 2749.999
2739.999 2740.000 2739.999 2740.000 2749.999 2750.000 2749.999 2750.000
2740.000 2740.000 2740.000 2740.000 2750.000 2750.000 2750.000 2750.000
2740.000 2740.000 2740.000 2740.000 2750.000 2750.000 2750.000 2750.000
2740.000 2739.999 2740.000 2739.999 2750.000 2749.999 2750.000 2749.999
2739.999 2739.999 2739.999 2739.999 2749.999 2749.999 2749.999 2749.999
2739.999 2739.999 2739.999 2739.999 2749.999 2749.999 2749.999 2749.999
2739.999 2739.998 2739.999 2739.998 2749.999 2749.998 2749.999 2749.998
2739.998 2739.997 2739.998 2739.997 2749.998 2749.997 2749.998 2749.997
2739.997 2739.996 2739.997 2739.996 2749.997 2749.996 2749.997 2749.996
2739.996 2739.995 2739.996 2739.995 2749.996 2749.995 2749.996 2749.995
2739.995 2739.994 2739.995 2739.994 2749.995 2749.994 2749.995 2749.994
2739.994 2739.992 2739.994 2739.992 2749.994 2749.992 2749.994 2749.992
2739.992 2739.994 2739.992 2739.994 2749.992 2749.994 2749.992 2749.994
2739.994 2739.995 2739.994 2739.995 2749.994 2749.995 2749.994 2749.995
2739.995 2739.996 2739.995 2739.996 2749.995 2749.996 2749.995 2749.996
2739.996 2739.997 2739.996 2739.997 2749.996 2749.997 2749.996 2749.997
2739.997 2739.998 2739.997 2739.998 2749.997 2749.998 2749.997 2749.998
2739.998 2739.999 2739.998 2739.999 2749.998 2749.999 2749.998 2749.999
2739.999 2739.999 2739.999 2739.999 2749.999 2749.999 2749.999 2749.999
2739.999 2739.999 2739.999 2740.000 2749.999 2749.999 2749.999 2750.000
2739.999 2740.000 2740.000 2740.000 2749.999 2750.000 2750.000 2750.000
2740.000 2740.000 2740.000 2740.000 2750.000 2750.000 2750.000 2750.000
2740.000 2740.000 2740.000 2740.000 2750.000 2750.000 2750.000 2750.000
2740.000 2739.999 2740.000 2740.000 2750.000 2749.999 2750.000 2750.000
2739.999 2739.999 2740.000 2739.999 2749.999 2749.999 2750.000 2749.999
2739.999 2739.999 2739.999 2739.999 2749.999 2749.999 2749.999 2749.999
2739.999 2739.998 2739.999 2739.998 2749.999 2749.998 2749.999 2749.998
2739.998 2739.997 2739.998 2739.997 2749.998 2749.997 2749.998 2749.997
2739.997 2739.996 2739.997 2739.996 2749.997 2749.996 2749.997 2749.996
2739.996 2739.995 2739.996 2739.995 2749.996 2749.995 2749.996 2749.995
2739.995 2739.994 2739.995 2739.994 2749.995 2749.994 2749.995 2749.994
2739.994 2739.992 2739.994 2739.992 2749.994 2749.992 2749.994 2749.992
2739.992 2739.994 2739.992 2739.994 2749.992 2749.994 2749.992 2749.994
2739.994 2739.995 2739.994 2739.995 2749.994 2749.995 2749.994 2749.995
2739.995 2739.996 2739.995 2739.996 2749.995 2749.996 2749.995 2749.996
2739.996 2739.997 2739.996 2739.997 2749.996 2749.997 2749.996 2749.997
2739.997 2739.998 2739.997 2739.998 2749.997 2749.998 2749.997 2749.998
2739.998 2739.999 2739.998 2739.999 2749.998 2749.999 2749.998 2749.999
2739.999 2739.999 2739.999 2739.999 2749.999 2749.999 2749.999 2749.999
2739.999 2740.000 2739.999 2740.000 2749.999 2750.000 2749.999 2750.000
2740.000 2740.000 2740.000 2740.000 2750.000 2750.000 2750.000 2750.000
2740.000 2740.000 2740.000 2740.000 2750.000 2750.000 2750.000 2750.000
2740.000 2740.000 2740.000 2740.000 2750.000 2750.000 2750.000 2750.000
2740.000 2740.000 2740.000 2740.000 2750.000 2750.000 2750.000 2750.000
2740.000 2739.999 2740.000 2739.999 2750.000 2749.999 2750.000 2749.999
2739.999 2739.999 2739.999 2739.999 2749.999 2749.999 2749.999 2749.999
2739.999 2739.998 2739.999 2739.998 2749.999 2749.998 2749.999 2749.998
2739.998 2739.997 2739.998 2739.997 2749.998 2749.997 2749.998 2749.997
2739.997 2739.996 2739.997 2739.996 2749.997 2749.996 2749.997 2749.996
2739.996 2739.995 2739.996 2739.995 2749.996 2749.995 2749.996 2749.995
2739.995 2739.994 2739.995 2739.994 2749.995 2749.994 2749.995 2749.994
2739.994 2739.992 2739.994 2739.992 2749.994 2749.992 2749.994 2749.992
2739.992 2739.994 2739.992 2739.994 2749.992 2749.994 2749.992 2749.994
2739.994 2739.995 2739.994 2739.995 2749.994 2749.995 2749.994 2749.995
2739.995 2739.996 2739.995 2739.996 2749.995 2749.996 2749.995 2749.996
2739.996 2739.997 2739.996 2739.997 2749.996 2749.997 2749.996 2749.997
2739.997 2739.998 2739.997 2739.998 2749.997 2749.998 2749.997 2749.998
2739.998 2739.999 2739.998 2739.999 2749.998 2749.999 2749.998 2749.999
2739.999 2739.999 2739.999 2739.999 2749.999 2749.999 2749.999 2749.999
2739.999 2740.000 2739.999 2740.000 2749.999 2750.000 2749.999 2750.000
2740.000 2740.000 2740.000 2740.000 2750.000 2750.000 2750.000 2750.000
2740.000 2740.000 2740.000 2740.000 2750.000 2750.000 2750.000 2750.000
2740.000 2740.000 2740.000 2740.000 2750.000 2750.000 2750.000 2750.000
2740.000 2740.000 2740.000 2740.000 2750.000 2750.000 2750.000 2750.000
2740.000 2739.999 2740.000 2739.999 2750.000 2749.999 2750.000 2749.999
2739.999 2739.999 2739.999 2739.999 2749.999 2749.999 2749.999 2749.999
2739.999 2739.998 2739.999 2739.998 2749.999 2749.998 2749.999 2749.998
2739.998 2739.997 2739.998 2739.997 2749.998 2749.997 2749.998 2749.997
2739.997 2739.996 2739.997 2739.996 2749.997 2749.996 2749.997 2749.996
2739.996 2739.995 2739.996 2739.995 2749.996 2749.995 2749.996 2749.995
2739.995 2739.994 2739.995 2739.994 2749.995 2749.994 2749.995 2749.994
2739.994 2739.992 2739.994 2739.992 2749.994 2749.992 2749.994 2749.992
2739.992 2739.994 2739.992 2739.994 2749.992 2749.994 2749.992 2749.994
2739.994 2739.995 2739.994 2739.995 2749.994 2749.995 2749.994 2749.995
2739.995 2739.996 2739.995 2739.996 2749.995 2749.996 2749.995 2749.996
2739.996 2739.997 2739.996 2739.997 2749.996 2749.997 2749.996 2749.997
2739.997 2739.998 2739.997 2739.998 2749.997 2749.998 2749.997 2749.998
2739.998 2739.999 2739.998 2739.999 2749.998 2749.999 2749.998 2749.999
2739.999 2739.999 2739.999 2739.999 2749.999 2749.999 2749.999 2749.999
2739.999 2740.000 2739.999 2740.000 2749.999 2750.000 2749.999 2750.000
2740.000 2740.000 2740.000 2740.000 2750.000 2750.000 2750.000 2750.000
2740.000 2740.000 2740.000 2740.000 2750.000 2750.000 2750.000 2750.000
2740.000 2740.000 2740.000 2740.000 2750.000 2750.000 2750.000 2750.000
2740.000 2740.000 2740.000 2740.000 2750.000 2750.000 2750.000 2750.000
2740.000 2739.999 2740.000 2739.999 2750.000 2749.999 2750.000 2749.999
2739.999 2739.999 2739.999 2739.999 2749.999 2749.999 2749.999 2749.999
2739.999 2739.998 2739.999 2739.998 2749.999 2749.998 2749.999 2749.998
2739.998 2739.997 2739.998 2739.997 2749.998 2749.997 2749.998 2749.997
2739.997 2739.996 2739.997 2739.996 2749.997 2749.996 2749.997 2749.996
2739.996 2739.995 2739.996 2739.995 2749.996 2749.995 2749.996 2749.995
2739.995 2739.994 2739.995 2739.994 2749.995 2749.994 2749.995 2749.994
2739.994 2739.992 2739.994 2739.992 2749.994 2749.992 2749.994 2749.992
2739.992 2739.994 2739.992 2739.994 2749.992 2749.994 2749.992 2749.994
2739.994 2739.995 2739.994 2739.995 2749.994 2749.995 2749.994 2749.995
2739.995 2739.996 2739.995 2739.996 2749.995 2749.996 2749.995 2749.996
2739.996 2739.997 2739.996 2739.997 2749.996 2749.997 2749.996 2749.997
2739.997 2739.998 2739.997 2739.998 2749.997 2749.998 2749.997 2749.998
2739.998 2739.999 2739.998 2739.999 2749.998 2749.999 2749.998 2749.999
2739.999 2739.999 2739.999 2739.999 2749.999 2749.999 2749.999 2749.999
2739.999 2740.000 2739.999 2740.000 2749.999 2750.000 2749.999 2750.000
2740.000 2740.000 2740.000 2740.000 2750.000 2750.000 2750.000 2750.000
2740.000 2740.000 2740.000 2740.000 2750.000 2750.000 2750.000 2750.000
2740.000 2740.000 2740.000 2740.000 2750.000 2750.000 2750.000 2750.000
2740.000 2740.000 2740.000 2740.000 2750.000 2750.000 2750.000 2750.000
2740.000 2739.999 2740.000 2739.999 2750.000 2749.999 2750.000 2749.999
2739.999 2739.999 2739.999 2739.999 2749.999 2749.999 2749.999 2749.999
2739.999 2739.998 2739.999 2739.998 2749.999 2749.998 2749.999 2749.998
2739.998 2739.997 2739.998 2739.997 2749.998 2749.997 2749.998 2749.997
2739.997 2739.996 2739.997 2739.996 2749.997 2749.996 2749.997 2749.996
2739.996 2739.995 2739.996 2739.995 2749.996 2749.995 2749.996 2749.995
2739.995 2739.994 2739.995 2739.994 2749.995 2749.994 2749.995 2749.994
2739.994 2739.992 2739.994 2739.992 2749.994 2749.992 2749.994 2749.992
2739.992 2739.994 2739.992 2739.994 2749.992 2749.994 2749.992 2749.994
2739.994 2739.995 2739.994 2739.995 2749.994 2749.995 2749.994 2749.995
2739.995 2739.996 2739.995 2739.996 2749.995 2749.996 2749.995 2749.996
2739.996 2739.997 2739.996 2739.997 2749.996 2749.997 2749.996 2749.997
2739.997 2739.998 2739.997 2739.998 2749.997 2749.998 2749.997 2749.998
2739.998 2739.999 2739.998 2739.999 2749.998 2749.999 2749.998 2749.999
2739.999 2739.999 2739.999 2739.999 2749.999 2749.999 2749.999 2749.999
2739.999 2740.000 2739.999 2740.000 2749.999 2750.000 2749.999 2750.000
2740.000 2740.000 2740.000 2740.000 2750.000 2750.000 2750.000 2750.000
2740.000 2740.000 2740.000 2740.000 2750.000 2750.000 2750.000 2750.000
2740.000 2740.000 2740.000 2740.000 2750.000 2750.000 2750.000 2750.000
2740.000 2740.000 2740.000 2740.000 2750.000 2750.000 2750.000 2750.000
2740.000 2739.999 2740.000 2739.999 2750.000 2749.999 2750.000 2749.999
2739.999 2739.999 2739.999 2739.999 2749.999 2749.999 2749.999 2749.999
2739.999 2739.998 2739.999 2739.998 2749.999 2749.998 2749.999 2749.998
2739.998 2739.997 2739.998 2739.997 2749.998 2749.997 2749.998 2749.997
2739.997 2739.996 2739.997 2739.996 2749.997 2749.996 2749.997 2749.996
2739.996 2739.995 2739.996 2739.995 2749.996 2749.995 2749.996 2749.995
2739.995 2739.994 2739.995 2739.994 2749.995 2749.994 2749.995 2749.994
2739.994 2739.992 2739.994 2739.992 2749.994 2749.992 2749.994 2749.992
2739.992 2739.994 2739.992 2739.994 2749.992 2749.994 2749.992 2749.994
2739.994 2739.995 2739.994 2739.995 2749.994 2749.995 2749.994 2749.995
2739.995 2739.996 2739.995 2739.996 2749.995 2749.996 2749.995 2749.996
2739.996 2739.997 2739.996 2739.997 2749.996 2749.997 2749.996 2749.997
2739.997 2739.998 2739.997 2739.998 2749.997 2749.998 2749.997 2749.998
2739.998 2739.999 2739.998 2739.999 2749.998 2749.999 2749.998 2749.999
2739.999 2739.999 2739.999 2739.999 2749.999 2749.999 2749.999 2749.999
2739.999 2740.000 2739.999 2740.000 2749.999 2750.000 2749.999 2750.000
2740.000 2740.000 2740.000 2740.000 2750.000 2750.000 2750.000 2750.000
2740.000 2740.000 2740.000 2740.000 2750.000 2750.000 2750.000 2750.000
2740.000 2740.000 2740.000 2740.000 2750.000 2750.000 2750.000 2750.000
2740.000 2740.000 2740.000 2740.000 2750.000 2750.000 2750.000 2750.000
2740.000 2739.999 2740.000 2739.999 2750.000 2749.999 2750.000 2749.999
2739.999 2739.999 2739.999 2739.999 2749.999 2749.999 2749.999 2749.999
2739.999 2739.998 2739.999 2739.998 2749.999 2749.998 2749.999 2749.998
2739.998 2739.997 2739.998 2739.997 2749.998 2749.997 2749.998 2749.997
2739.997 2739.996 2739.997 2739.996 2749.997 2749.996 2749.997 2749.996
2739.996 2739.995 2739.996 2739.995 2749.996 2749.995 2749.996 2749.995
2739.995 2739.994 2739.995 2739.994 2749.995 2749.994 2749.995 2749.994
2739.994 2739.992 2739.994 2739.992 2749.994 2749.992 2749.994 2749.992
2739.992 2739.994 2739.992 2739.994 2749.992 2749.994 2749.992 2749.994
2739.994 2739.995 2739.994 2739.995 2749.994 2749.995 2749.994 2749.995
2739.995 2739.996 2739.995 2739.996 2749.995 2749.996 2749.995 2749.996
2739.996 2739.997 2739.996 2739.997 2749.996 2749.997 2749.996 2749.997
2739.997 2739.998 2739.997 2739.998 2749.997 2749.998 2749.997 2749.998
2739.998 2739.999 2739.998 2739.999 2749.998 2749.999 2749.998 2749.999
2739.999 2739.999 2739.999 2739.999 2749.999 2749.999 2749.999 2749.999
2739.999 2740.000 2739.999 2740.000 2749.999 2750.000 2749.999 2750.000
2740.000 2740.000 2740.000 2740.000 2750.000 2750.000 2750.000 2750.000
2740.000 2740.000 2740.000 2740.000 2750.000 2750.000 2750.000 2750.000
2740.000 2740.000 2740.000 2740.000 2750.000 2750.000 2750.000 2750.000
2740.000 2740.000 2740.000 2740.000 2750.000 2750.000 2750.000 2750.000
2740.000 2739.999 2740.000 2739.999 2750.000 2749.999 2750.000 2749.999
2739.999 2739.999 2739.999 2739.999 2749.999 2749.999 2749.999 2749.999
2739.999 2739.998 2739.999 2739.998 2749.999 2749.998 2749.999 2749.998
2739.998 2739.997 2739.998 2739.997 2749.998 2749.997 2749.998 2749.997
2739.997 2739.996 2739.997 2739.996 2749.997 2749.996 2749.997 2749.996
2739.996 2739.995 2739.996 2739.995 2749.996 2749.995 2749.996 2749.995
2739.995 2739.994 2739.995 2739.994 2749.995 2749.994 2749.995 2749.994
2739.994 2739.992 2739.994 2739.992 2749.994 2749.992 2749.994 2749.992
2739.992 2739.994 2739.992 2739.994 2749.992 2749.994 2749.992 2749.994
2739.994 2739.995 2739.994 2739.995 2749.994 2749.995 2749.994 2749.995
2739.995 2739.996 2739.995 2739.996 2749.995 2749.996 2749.995 2749.996
2739.996 2739.997 2739.996 2739.997 2749.996 2749.997 2749.996 2749.997
2739.997 2739.998 2739.997 2739.998 2749.997 2749.998 2749.997 2749.998
2739.998 2739.999 2739.998 2739.999 2749.998 2749.999 2749.998 2749.999
2739.999 2739.999 2739.999 2739.999 2749.999 2749.999 2749.999 2749.999
2739.999 2740.000 2739.999 2740.000 2749.999 2750.000 2749.999 2750.000
2740.000 2740.000 2740.000 2740.000 2750.000 2750.000 2750.000 2750.000
2740.000 2740.000 2740.000 2740.000 2750.000 2750.000 2750.000 2750.000
2740.000 2740.000 2740.000 2740.000 2750.000 2750.000 2750.000 2750.000
2740.000 2740.000 2740.000 2740.000 2750.000 2750.000 2750.000 2750.000
2740.000 2739.999 2740.000 2739.999 2750.000 2749.999 2750.000 2749.999
2739.999 2739.999 2739.999 2739.999 2749.999 2749.999 2749.999 2749.999
2739.999 2739.998 2739.999 2739.998 2749.999 2749.998 2749.999 2749.998
2739.998 2739.997 2739.998 2739.997 2749.998 2749.997 2749.998 2749.997
2739.997 2739.996 2739.997 2739.996 2749.997 2749.996 2749.997 2749.996
2739.996 2739.995 2739.996 2739.995 2749.996 2749.995 2749.996 2749.995
2739.995 2739.994 2739.995 2739.994 2749.995 2749.994 2749.995 2749.994
2739.994 2739.992 2739.994 2739.992 2749.994 2749.992 2749.994 2749.992
2739.992 2739.994 2739.992 2739.994 2749.992 2749.994 2749.992 2749.994
2739.994 2739.995 2739.994 2739.995 2749.994 2749.995 2749.994 2749.995
2739.995 2739.996 2739.995 2739.996 2749.995 2749.996 2749.995 2749.996
2739.996 2739.997 2739.996 2739.997 2749.996 2749.997 2749.996 2749.997
2739.997 2739.998 2739.997 2739.998 2749.997 2749.998 2749.997 2749.998
2739.998 2739.999 2739.998 2739.999 2749.998 2749.999 2749.998 2749.999
2739.999 2739.999 2739.999 2739.999 2749.999 2749.999 2749.999 2749.999
2739.999 2740.000 2739.999 2740.000 2749.999 2750.000 2749.999 2750.000
2740.000 2740.000 2740.000 2740.000 2750.000 2750.000 2750.000 2750.000
2740.000 2740.000 2740.000 2740.000 2750.000 2750.000 2750.000 2750.000
2740.000 2740.000 2740.000 2740.000 2750.000 2750.000 2750.000 2750.000
2740.000 2740.000 2740.000 2740.000 2750.000 2750.000 2750.000 2750.000
2740.000 2739.999 2740.000 2739.999 2750.000 2749.999 2750.000 2749.999
2739.999 2739.999 2739.999 2739.999 2749.999 2749.999 2749.999 2749.999
2739.999 2739.998 2739.999 2739.998 2749.999 2749.998 2749.999 2749.998
2739.998 2739.997 2739.998 2739.997 2749.998 2749.997 2749.998 2749.997
2739.997 2739.996 2739.997 2739.996 2749.997 2749.996 2749.997 2749.996
2739.996 2739.995 2739.996 2739.995 2749.996 2749.995 2749.996 2749.995
2739.995 2739.994 2739.995 2739.994 2749.995 2749.994 2749.995 2749.994
2739.994 2739.992 2739.994 2739.992 2749.994 2749.992 2749.994 2749.992
2739.992 2739.994 2739.992 2739.994 2749.992 2749.994 2749.992 2749.994
2739.994 2739.995 2739.994 2739.995 2749.994 2749.995 2749.994 2749.995
2739.995 2739.996 2739.995 2739.996 2749.995 2749.996 2749.995 2749.996
2739.996 2739.997 2739.996 2739.997 2749.996 2749.997 2749.996 2749.997
2739.997 2739.998 2739.997 2739.998 2749.997 2749.998 2749.997 2749.998
2739.998 2739.999 2739.998 2739.999 2749.998 2749.999 2749.998 2749.999
2739.999 2739.999 2739.999 2739.999 2749.999 2749.999 2749.999 2749.999
2739.999 2740.000 2739.999 2740.000 2749.999 2750.000 2749.999 2750.000
2740.000 2740.000 2740.000 2740.000 2750.000 2750.000 2750.000 2750.000
2740.000 2740.000 2740.000 2740.000 2750.000 2750.000 2750.000 2750.000
2740.000 2740.000 2740.000 2740.000 2750.000 2750.000 2750.000 2750.000
2740.000 2740.000 2740.000 2740.000 2750.000 2750.000 2750.000 2750.000
2740.000 2739.999 2740.000 2739.999 2750.000 2749.999 2750.000 2749.999
2739.999 2739.999 2739.999 2739.999 2749.999 2749.999 2749.999 2749.999
2739.999 2739.998 2739.999 2739.998 2749.999 2749.998 2749.999 2749.998
2739.998 2739.997 2739.998 2739.997 2749.998 2749.997 2749.998 2749.997
2739.997 2739.996 2739.997 2739.996 2749.997 2749.996 2749.997 2749.996
2739.996 2739.995 2739.996 2739.995 2749.996 2749.995 2749.996 2749.995
2739.995 2739.994 2739.995 2739.994 2749.995 2749.994 2749.995 2749.994
2739.994 2739.992 2739.994 2739.992 2749.994 2749.992 2749.994 2749.992
2739.992 2739.994 2739.992 2739.994 2749.992 2749.994 2749.992 2749.994
2739.994 2739.995 2739.994 2739.995 2749.994 2749.995 2749.994 2749.995
2739.995 2739.996 2739.995 2739.996 2749.995 2749.996 2749.995 2749.996
2739.996 2739.997 2739.996 2739.997 2749.996 2749.997 2749.996 2749.997
2739.997 2739.998 2739.997 2739.998 2749.997 2749.998 2749.997 2749.998
2739.998 2739.999 2739.998 2739.999 2749.998 2749.999 2749.998 2749.999
2739.999 2739.999 2739.999 2739.999 2749.999 2749.999 2749.999 2749.999
2739.999 2740.000 2739.999 2740.000 2749.999 2750.000 2749.999 2750.000
2740.000 2740.000 2740.000 2740.000 2750.000 2750.000 2750.000 2750.000
2740.000 2740.000 2740.000 2740.000 2750.000 2750.000 2750.000 2750.000
2740.000 2740.000 2740.000 2740.000 2750.000 2750.000 2750.000 2750.000
2740.000 2740.000 2740.000 2740.000 2750.000 2750.000 2750.000 2750.000
2740.000 2739.999 2740.000 2739.999 2750.000 2749.999 2750.000 2749.999
2739.999 2739.999 2739.999 2739.999 2749.999 2749.999 2749.999 2749.999
2739.999 2739.998 2739.999 2739.998 2749.999 2749.998 2749.999 2749.998
2739.998 2739.997 2739.998 2739.997 2749.998 2749.997 2749.998 2749.997
2739.997 2739.996 2739.997 2739.996 2749.997 2749.996 2749.997 2749.996
2739.996 2739.995 2739.996 2739.995 2749.996 2749.995 2749.996 2749.995
2739.995 2739.994 2739.995 2739.994 2749.995 2749.994 2749.995 2749.994
2739.994 2739.992 2739.994 2739.992 2749.994 2749.992 2749.994 2749.992
2739.992 2739.994 2739.992 2739.994 2749.992 2749.994 2749.992 2749.994
2739.994 2739.995 2739.994 2739.995 2749.994 2749.995 2749.994 2749.995
2739.995 2739.996 2739.995 2739.996 2749.995 2749.996 2749.995 2749.996
2739.996 2739.997 2739.996 2739.997 2749.996 2749.997 2749.996 2749.997
2739.997 2739.998 2739.997 2739.998 2749.997 2749.998 2749.997 2749.998
2739.998 2739.999 2739.998 2739.999 2749.998 2749.999 2749.998 2749.999
2739.999 2739.999 2739.999 2739.999 2749.999 2749.999 2749.999 2749.999
2739.999 2740.000 2739.999 2740.000 2749.999 2750.000 2749.999 2750.000
2740.000 2740.000 2740.000 2740.000 2750.000 2750.000 2750.000 2750.000
2740.000 2740.000 2740.000 2740.000 2750.000 2750.000 2750.000 2750.000
2740.000 2740.000 2740.000 2740.000 2750.000 2750.000 2750.000 2750.000
2740.000 2740.000 2740.000 2740.000 2750.000 2750.000 2750.000 2750.000
2740.000 2739.999 2740.000 2739.999 2750.000 2749.999 2750.000 2749.999
2739.999 2739.999 2739.999 2739.999 2749.999 2749.999 2749.999 2749.999
2739.999 2739.998 2739.999 2739.998 2749.999 2749.998 2749.999 2749.998
2739.998 2739.997 2739.998 2739.997 2749.998 2749.997 2749.998 2749.997
2739.997 2739.996 2739.997 2739.996 2749.997 2749.996 2749.997 2749.996
2739.996 2739.995 2739.996 2739.995 2749.996 2749.995 2749.996 2749.995
2739.995 2739.994 2739.995 2739.994 2749.995 2749.994 2749.995 2749.994
2739.994 2739.992 2739.994 2739.992 2749.994 2749.992 2749.994 2749.992
2739.992 2739.994 2739.992 2739.994 2749.992 2749.994 2749.992 2749.994
2739.994 2739.995 2739.994 2739.995 2749.994 2749.995 2749.994 2749.995
2739.995 2739.996 2739.995 2739.996 2749.995 2749.996 2749.995 2749.996
2739.996 2739.997 2739.996 2739.997 2749.996 2749.997 2749.996 2749.997
2739.997 2739.998 2739.997 2739.998 2749.997 2749.998 2749.997 2749.998
2739.998 2739.999 2739.998 2739.999 2749.998 2749.999 2749.998 2749.999
2739.999 2739.999 2739.999 2739.999 2749.999 2749.999 2749.999 2749.999
2739.999 2740.000 2739.999 2740.000 2749.999 2750.000 2749.999 2750.000
2740.000 2740.000 2740.000 2740.000 2750.000 2750.000 2750.000 2750.000
2740.000 2740.000 2740.000 2740.000 2750.000 2750.000 2750.000 2750.000
2740.000 2740.000 2740.000 2740.000 2750.000 2750.000 2750.000 2750.000
2740.000 2740.000 2740.000 2740.000 2750.000 2750.000 2750.000 2750.000
2740.000 2739.999 2740.000 2739.999 2750.000 2749.999 2750.000 2749.999
2739.999 2739.999 2739.999 2739.999 2749.999 2749.999 2749.999 2749.999
2739.999 2739.998 2739.999 2739.998 2749.999 2749.998 2749.999 2749.998
2739.998 2739.997 2739.998 2739.997 2749.998 2749.997 2749.998 2749.997
2739.997 2739.996 2739.997 2739.996 2749.997 2749.996 2749.997 2749.996
2739.996 2739.995 2739.996 2739.995 2749.996 2749.995 2749.996 2749.995
2739.995 2739.994 2739.995 2739.994 2749.995 2749.994 2749.995 2749.994
2739.994 2739.992 2739.994 2739.992 2749.994 2749.992 2749.994 2749.992
2739.992 2739.994 2739.992 2739.994 2749.992 2749.994 2749.992 2749.994
2739.994 2739.995 2739.994 2739.995 2749.994 2749.995 2749.994 2749.995
2739.995 2739.996 2739.995 2739.996 2749.995 2749.996 2749.995 2749.996
2739.996 2739.997 2739.996 2739.997 2749.996 2749.997 2749.996 2749.997
2739.997 2739.998 2739.997 2739.998 2749.997 2749.998 2749.997 2749.998
2739.998 2739.999 2739.998 2739.999 2749.998 2749.999 2749.998 2749.999
2739.999 2739.999 2739.999 2739.999 2749.999 2749.999 2749.999 2749.999
2739.999 2740.000 2739.999 2740.000 2749.999 2750.000 2749.999 2750.000
2740.000 2740.000 2740.000 2740.000 2750.000 2750.000 2750.000 2750.000
2740.000 2740.000 2740.000 2740.000 2750.000 2750.000 2750.000 2750.000
2740.000 2740.000 2740.000 2740.000 2750.000 2750.000 2750.000 2750.000
2740.000 2740.000 2740.000 2740.000 2750.000 2750.000 2750.000 2750.000
2740.000 2739.999 2740.000 2739.999 2750.000 2749.999 2750.000 2749.999
2739.999 2739.999 2739.999 2739.999 2749.999 2749.999 2749.999 2749.999
2739.999 2739.998 2739.999 2739.998 2749.999 2749.998 2749.999 2749.998
2739.998 2739.997 2739.998 2739.997 2749.998 2749.997 2749.998 2749.997
2739.997 2739.996 2739.997 2739.996 2749.997 2749.996 2749.997 2749.996
2739.996 2739.995 2739.996 2739.995 2749.996 2749.995 2749.996 2749.995
2739.995 2739.994 2739.995 2739.994 2749.995 2749.994 2749.995 2749.994
2739.994 2739.992 2739.994 2739.992 2749.994 2749.992 2749.994 2749.992
2739.992 2739.994 2739.992 2739.994 2749.992 2749.994 2749.992 2749.994
2739.994 2739.995 2739.994 2739.995 2749.994 2749.995 2749.994 2749.995
2739.995 2739.996 2739.995 2739.996 2749.995 2749.996 2749.995 2749.996
2739.996 2739.997 2739.996 2739.997 2749.996 2749.997 2749.996 2749.997
2739.997 2739.998 2739.997 2739.998 2749.997 2749.998 2749.997 2749.998
2739.998 2739.999 2739.998 2739.999 2749.998 2749.999 2749.998 2749.999
2739.999 2739.999 2739.999 2739.999 2749.999 2749.999 2749.999 2749.999
2739.999 2740.000 2739.999 2740.000 2749.999 2750.000 2749.999 2750.000
2740.000 2740.000 2740.000 2740.000 2750.000 2750.000 2750.000 2750.000
2740.000 2740.000 2740.000 2740.000 2750.000 2750.000 2750.000 2750.000
2740.000 2740.000 2740.000 2740.000 2750.000 2750.000 2750.000 2750.000
2740.000 2740.000 2740.000 2740.000 2750.000 2750.000 2750.000 2750.000
2740.000 2739.999 2740.000 2739.999 2750.000 2749.999 2750.000 2749.999
2739.999 2739.999 2739.999 2739.999 2749.999 2749.999 2749.999 2749.999
2739.999 2739.998 2739.999 2739.998 2749.999 2749.998 2749.999 2749.998
2739.998 2739.997 2739.998 2739.997 2749.998 2749.997 2749.998 2749.997
2739.997 2739.996 2739.997 2739.996 2749.997 2749.996 2749.997 2749.996
2739.996 2739.995 2739.996 2739.995 2749.996 2749.995 2749.996 2749.995
2739.995 2739.994 2739.995 2739.994 2749.995 2749.994 2749.995 2749.994
2739.994 2739.992 2739.994 2739.992 2749.994 2749.992 2749.994 2749.992
2739.992 2739.994 2739.992 2739.994 2749.992 2749.994 2749.992 2749.994
2739.994 2739.995 2739.994 2739.995 2749.994 2749.995 2749.994 2749.995
2739.995 2739.996 2739.995 2739.996 2749.995 2749.996 2749.995 2749.996
2739.996 2739.997 2739.996 2739.997 2749.996 2749.997 2749.996 2749.997
2739.997 2739.998 2739.997 2739.998 2749.997 2749.998 2749.997 2749.998
2739.998 2739.999 2739.998 2739.999 2749.998 2749.999 2749.998 2749.999
2739.999 2739.999 2739.999 2739.999 2749.999 2749.999 2749.999 2749.999
2739.999 2740.000 2739.999 2740.000 2749.999 2750.000 2749.999 2750.000
2740.000 2740.000 2740.000 2740.000 2750.000 2750.000 2750.000 2750.000
2740.000 2740.000 2740.000 2740.000 2750.000 2750.000 2750.000 2750.000
2740.000 2740.000 2740.000 2740.000 2750.000 2750.000 2750.000 2750.000
2740.000 2740.000 2740.000 2740.000 2750.000 2750.000 2750.000 2750.000
2740.000 2739.999 2740.000 2739.999 2750.000 2749.999 2750.000 2749.999
2739.999 2739.999 2739.999 2739.999 2749.999 2749.999 2749.999 2749.999
2739.999 2739.998 2739.999 2739.998 2749.999 2749.998 2749.999 2749.998
2739.998 2739.997 2739.998 2739.997 2749.998 2749.997 2749.998 2749.997
2739.997 2739.996 2739.997 2739.996 2749.997 2749.996 2749.997 2749.996
2739.996 2739.995 2739.996 2739.995 2749.996 2749.995 2749.996 2749.995
2739.995 2739.994 2739.995 2739.994 2749.995 2749.994 2749.995 2749.994
2739.994 2739.992 2739.994 2739.992 2749.994 2749.992 2749.994 2749.992
2739.992 2739.994 2739.992 2739.994 2749.992 2749.994 2749.992 2749.994
2739.994 2739.995 2739.994 2739.995 2749.994 2749.995 2749.994 2749.995
2739.995 2739.996 2739.995 2739.996 2749.995 2749.996 2749.995 2749.996
2739.996 2739.997 2739.996 2739.997 2749.996 2749.997 2749.996 2749.997
2739.997 2739.998 2739.997 2739.998 2749.997 2749.998 2749.997 2749.998
2739.998 2739.999 2739.998 2739.999 2749.998 2749.999 2749.998 2749.999
2739.999 2739.999 2739.999 2739.999 2749.999 2749.999 2749.999 2749.999
2739.999 2740.000 2739.999 2740.000 2749.999 2750.000 2749.999 2750.000
2740.000 2740.000 2740.000 2740.000 2750.000 2750.000 2750.000 2750.000
2740.000 2740.000 2740.000 2740.000 2750.000 2750.000 2750.000 2750.000
2740.000 2740.000 2740.000 2740.000 2750.000 2750.000 2750.000 2750.000
2740.000 2740.000 2740.000 2740.000 2750.000 2750.000 2750.000 2750.000
2740.000 2739.999 2740.000 2739.999 2750.000 2749.999 2750.000 2749.999
2739.999 2739.999 2739.999 2739.999 2749.999 2749.999 2749.999 2749.999
2739.999 2739.998 2739.999 2739.998 2749.999 2749.998 2749.999 2749.998
2739.998 2739.997 2739.998 2739.997 2749.998 2749.997 2749.998 2749.997
2739.997 2739.996 2739.997 2739.996 2749.997 2749.996 2749.997 2749.996
2739.996 2739.995 2739.996 2739.995 2749.996 2749.995 2749.996 2749.995
2739.995 2739.994 2739.995 2739.994 2749.995 2749.994 2749.995 2749.994
2739.994 2739.992 2739.994 2739.992 2749.994 2749.992 2749.994 2749.992
2739.992 2739.994 2739.992 2739.994 2749.992 2749.994 2749.992 2749.994
2739.994 2739.995 2739.994 2739.995 2749.994 2749.995 2749.994 2749.995
2739.995 2739.996 2739.995 2739.996 2749.995 2749.996 2749.995 2749.996
2739.996 2739.997 2739.996 2739.997 2749.996 2749.997 2749.996 2749.997
2739.997 2739.998 2739.997 2739.998 2749.997 2749.998 2749.997 2749.998
2739.998 2739.999 2739.998 2739.999 2749.998 2749.999 2749.998 2749.999
2739.999 2739.999 2739.999 2739.999 2749.999 2749.999 2749.999 2749.999
2739.999 2740.000 2739.999 2740.000 2749.999 2750.000 2749.999 2750.000
2740.000 2740.000 2740.000 2740.000 2750.000 2750.000 2750.000 2750.000
2740.000 2740.000 2740.000 2740.000 2750.000 2750.000 2750.000 2750.000
2740.000 2740.000 2740.000 2740.000 2750.000 2750.000 2750.000 2750.000
2740.000 2740.000 2740.000 2740.000 2750.000 2750.000 2750.000 2750.000
2740.000 2739.999 2740.000 2739.999 2750.000 2749.999 2750.000 2749.999
2739.999 2739.999 2739.999 2739.999 2749.999 2749.999 2749.999 2749.999
2739.999 2739.998 2739.999 2739.998 2749.999 2749.998 2749.999 2749.998
2739.998 2739.997 2739.998 2739.997 2749.998 2749.997 2749.998 2749.997
2739.997 2739.996 2739.997 2739.996 2749.997 2749.996 2749.997 2749.996
2739.996 2739.995 2739.996 2739.995 2749.996 2749.995 2749.996 2749.995
2739.995 2739.994 2739.995 2739.994 2749.995 2749.994 2749.995 2749.994
2739.994 2739.992 2739.994 2739.992 2749.994 2749.992 2749.994 2749.992
2739.992 2739.994 2739.992 2739.994 2749.992 2749.994 2749.992 2749.994
2739.994 2739.995 2739.994 2739.995 2749.994 2749.995 2749.994 2749.995
2739.995 2739.996 2739.995 2739.996 2749.995 2749.996 2749.995 2749.996
2739.996 2739.997 2739.996 2739.997 2749.996 2749.997 2749.996 2749.997
2739.997 2739.998 2739.997 2739.998 2749.997 2749.998 2749.997 2749.998
2739.998 2739.999 2739.998 2739.999 2749.998 2749.999 2749.998 2749.999
2739.999 2739.999 2739.999 2739.999 2749.999 2749.999 2749.999 2749.999
2739.999 2740.000 2739.999 2740.000 2749.999 2750.000 2749.999 2750.000
2740.000 2740.000 2740.000 2740.000 2750.000 2750.000 2750.000 2750.000
2740.000 2740.000 2740.000 2740.000 2750.000 2750.000 2750.000 2750.000
2740.000 2740.000 2740.000 2740.000 2750.000 2750.000 2750.000 2750.000
2740.000 2740.000 2740.000 2740.000 2750.000 2750.000 2750.000 2750.000
2740.000 2739.999 2740.000 2739.999 2750.000 2749.999 2750.000 2749.999
2739.999 2739.999 2739.999 2739.999 2749.999 2749.999 2749.999 2749.999
2739.999 2739.998 2739.999 2739.998 2749.999 2749.998 2749.999 2749.998
2739.998 2739.997 2739.998 2739.997 2749.998 2749.997 2749.998 2749.997
2739.997 2739.996 2739.997 2739.996 2749.997 2749.996 2749.997 2749.996
2739.996 2739.995 2739.996 2739.995 2749.996 2749.995 2749.996 2749.995
2739.995 2739.994 2739.995 2739.994 2749.995 2749.994 2749.995 2749.994
2739.994 2739.992 2739.994 2739.992 2749.994 2749.992 2749.994 2749.992
2739.992 2739.994 2739.992 2739.994 2749.992 2749.994 2749.992 2749.994
2739.994 2739.995 2739.994 2739.995 2749.994 2749.995 2749.994 2749.995
2739.995 2739.996 2739.995 2739.996 2749.995 2749.996 2749.995 2749.996
2739.996 2739.997 2739.996 2739.997 2749.996 2749.997 2749.996 2749.997
2739.997 2739.998 2739.997 2739.998 2749.997 2749.998 2749.997 2749.998
2739.998 2739.999 2739.998 2739.999 2749.998 2749.999 2749.998 2749.999
2739.999 2739.999 2739.999 2739.999 2749.999 2749.999 2749.999 2749.999
2739.999 2740.000 2739.999 2740.000 2749.999 2750.000 2749.999 2750.000
2740.000 2740.000 2740.000 2740.000 2750.000 2750.000 2750.000 2750.000
2740.000 2740.000 2740.000 2740.000 2750.000 2750.000 2750.000 2750.000
2740.000 2740.000 2740.000 2740.000 2750.000 2750.000 2750.000 2750.000
2740.000 2740.000 2740.000 2740.000 2750.000 2750.000 2750.000 2750.000
2740.000 2739.999 2740.000 2739.999 2750.000 2749.999 2750.000 2749.999
2739.999 2739.999 2739.999 2739.999 2749.999 2749.999 2749.999 2749.999
2739.999 2739.998 2739.999 2739.998 2749.999 2749.998 2749.999 2749.998
2739.998 2739.997 2739.998 2739.997 2749.998 2749.997 2749.998 2749.997
2739.997 2739.996 2739.997 2739.996 2749.997 2749.996 2749.997 2749.996
2739.996 2739.995 2739.996 2739.995 2749.996 2749.995 2749.996 2749.995
2739.995 2739.994 2739.995 2739.994 2749.995 2749.994 2749.995 2749.994
2739.994 2739.992 2739.994 2739.992 2749.994 2749.992 2749.994 2749.992
2739.992 2739.994 2739.992 2739.994 2749.992 2749.994 2749.992 2749.994
2739.994 2739.995 2739.994 2739.995 2749.994 2749.995 2749.994 2749.995
2739.995 2739.996 2739.995 2739.996 2749.995 2749.996 2749.995 2749.996
2739.996 2739.997 2739.996 2739.997 2749.996 2749.997 2749.996 2749.997
2739.997 2739.998 2739.997 2739.998 2749.997 2749.998 2749.997 2749.998
2739.998 2739.999 2739.998 2739.999 2749.998 2749.999 2749.998 2749.999
2739.999 2739.999 2739.999 2739.999 2749.999 2749.999 2749.999 2749.999
2739.999 2740.000 2739.999 2740.000 2749.999 2750.000 2749.999 2750.000
2740.000 2740.000 2740.000 2740.000 2750.000 2750.000 2750.000 2750.000
2740.000 2740.000 2740.000 2740.000 2750.000 2750.000 2750.000 2750.000
2740.000 2740.000 2740.000 2740.000 2750.000 2750.000 2750.000 2750.000
2740.000 2740.000 2740.000 2740.000 2750.000 2750.000 2750.000 2750.000
2740.000 2739.999 2740.000 2739.999 2750.000 2749.999 2750.000 2749.999
2739.999 2739.999 2739.999 2739.999 2749.999 2749.999 2749.999 2749.999
2739.999 2739.998 2739.999 2739.998 2749.999 2749.998 2749.999 2749.998
2739.998 2739.997 2739.998 2739.997 2749.998 2749.997 2749.998 2749.997
2739.997 2739.996 2739.997 2739.996 2749.997 2749.996 2749.997 2749.996
2739.996 2739.995 2739.996 2739.995 2749.996 2749.995 2749.996 2749.995
2739.995 2739.994 2739.995 2739.994 2749.995 2749.994 2749.995 2749.994
2739.994 2739.992 2739.994 2739.992 2749.994 2749.992 2749.994 2749.992
2739.992 2739.994 2739.992 2739.994 2749.992 2749.994 2749.992 2749.994
2739.994 2739.995 2739.994 2739.995 2749.994 2749.995 2749.994 2749.995
2739.995 2739.996 2739.995 2739.996 2749.995 2749.996 2749.995 2749.996
2739.996 2739.997 2739.996 2739.997 2749.996 2749.997 2749.996 2749.997
2739.997 2739.998 2739.997 2739.998 2749.997 2749.998 2749.997 2749.998
2739.998 2739.999 2739.998 2739.999 2749.998 2749.999 2749.998 2749.999
2739.999 2739.999 2739.999 2739.999 2749.999 2749.999 2749.999 2749.999
2739.999 2740.000 2739.999 2740.000 2749.999 2750.000 2749.999 2750.000
2740.000 2740.000 2740.000 2740.000 2750.000 2750.000 2750.000 2750.000
2740.000 2740.000 2740.000 2740.000 2750.000 2750.000 2750.000 2750.000
2740.000 2740.000 2740.000 2740.000 2750.000 2750.000 2750.000 2750.000
2740.000 2740.000 2740.000 2740.000 2750.000 2750.000 2750.000 2750.000
2740.000 2739.999 2740.000 2739.999 2750.000 2749.999 2750.000 2749.999
2739.999 2739.999 2739.999 2739.999 2749.999 2749.999 2749.999 2749.999
2739.999 2739.998 2739.999 2739.998 2749.999 2749.998 2749.999 2749.998
2739.998 2739.997 2739.998 2739.997 2749.998 2749.997 2749.998 2749.997
2739.997 2739.996 2739.997 2739.996 2749.997 2749.996 2749.997 2749.996
2739.996 2739.995 2739.996 2739.995 2749.996 2749.995 2749.996 2749.995
2739.995 2739.994 2739.995 2739.994 2749.995 2749.994 2749.995 2749.994
2739.994 2739.992 2739.994 2739.992 2749.994 2749.992 2749.994 2749.992
2739.992 2739.994 2739.992 2739.994 2749.992 2749.994 2749.992 2749.994
2739.994 2739.995 2739.994 2739.995 2749.994 2749.995 2749.994 2749.995
2739.995 2739.996 2739.995 2739.996 2749.995 2749.996 2749.995 2749.996
2739.996 2739.997 2739.996 2739.997 2749.996 2749.997 2749.996 2749.997
2739.997 2739.998 2739.997 2739.998 2749.997 2749.998 2749.997 2749.998
2739.998 2739.999 2739.998 2739.999 2749.998 2749.999 2749.998 2749.999
2739.999 2739.999 2739.999 2739.999 2749.999 2749.999 2749.999 2749.999
2739.999 2740.000 2739.999 2740.000 2749.999 2750.000 2749.999 2750.000
2740.000 2740.000 2740.000 2740.000 2750.000 2750.000 2750.000 2750.000
2740.000 2740.000 2740.000 2740.000 2750.000 2750.000 2750.000 2750.000
2740.000 2740.000 2740.000 2740.000 2750.000 2750.000 2750.000 2750.000
2740.000 2740.000 2740.000 2740.000 2750.000 2750.000 2750.000 2750.000
2740.000 2739.999 2740.000 2739.999 2750.000 2749.999 2750.000 2749.999
2739.999 2739.999 2739.999 2739.999 2749.999 2749.999 2749.999 2749.999
2739.999 2739.998 2739.999 2739.998 2749.999 2749.998 2749.999 2749.998
2739.998 2739.997 2739.998 2739.997 2749.998 2749.997 2749.998 2749.997
2739.997 2739.996 2739.997 2739.996 2749.997 2749.996 2749.997 2749.996
2739.996 2739.995 2739.996 2739.995 2749.996 2749.995 2749.996 2749.995
2739.995 2739.994 2739.995 2739.994 2749.995 2749.994 2749.995 2749.994
2739.994 2739.992 2739.994 2739.992 2749.994 2749.992 2749.994 2749.992
2739.992 2739.994 2739.992 2739.994 2749.992 2749.994 2749.992 2749.994
2739.994 2739.995 2739.994 2739.995 2749.994 2749.995 2749.994 2749.995
2739.995 2739.996 2739.995 2739.996 2749.995 2749.996 2749.995 2749.996
2739.996 2739.997 2739.996 2739.997 2749.996 2749.997 2749.996 2749.997
2739.997 2739.998 2739.997 2739.998 2749.997 2749.998 2749.997 2749.998
2739.998 2739.999 2739.998 2739.999 2749.998 2749.999 2749.998 2749.999
2739.999 2739.999 2739.999 2739.999 2749.999 2749.999 2749.999 2749.999
2739.999 2740.000 2739.999 2740.000 2749.999 2750.000 2749.999 2750.000
2740.000 2740.000 2740.000 2740.000 2750.000 2750.000 2750.000 2750.000
2740.000 2740.000 2740.000 2740.000 2750.000 2750.000 2750.000 2750.000
2740.000 2740.000 2740.000 2740.000 2750.000 2750.000 2750.000 2750.000
2740.000 2740.000 2740.000 2740.000 2750.000 2750.000 2750.000 2750.000
2740.000 2739.999 2740.000 2739.999 2750.000 2749.999 2750.000 2749.999
2739.999 2739.999 2739.999 2739.999 2749.999 2749.999 2749.999 2749.999
2739.999 2739.998 2739.999 2739.998 2749.999 2749.998 2749.999 2749.998
2739.998 2739.997 2739.998 2739.997 2749.998 2749.997 2749.998 2749.997
2739.997 2739.996 2739.997 2739.996 2749.997 2749.996 2749.997 2749.996
2739.996 2739.995 2739.996 2739.995 2749.996 2749.995 2749.996 2749.995
2739.995 2739.994 2739.995 2739.994 2749.995 2749.994 2749.995 2749.994
2739.994 2739.992 2739.994 2739.992 2749.994 2749.992 2749.994 2749.992
2739.992 2739.994 2739.992 2739.994 2749.992 2749.994 2749.992 2749.994
2739.994 2739.995 2739.994 2739.995 2749.994 2749.995 2749.994 2749.995
2739.995 2739.996 2739.995 2739.996 2749.995 2749.996 2749.995 2749.996
2739.996 2739.997 2739.996 2739.997 2749.996 2749.997 2749.996 2749.997
2739.997 2739.998 2739.997 2739.998 2749.997 2749.998 2749.997 2749.998
2739.998 2739.999 2739.998 2739.999 2749.998 2749.999 2749.998 2749.999
2739.999 2739.999 2739.999 2739.999 2749.999 2749.999 2749.999 2749.999
2739.999 2740.000 2739.999 2740.000 2749.999 2750.000 2749.999 2750.000
2740.000 2740.000 2740.000 2740.000 2750.000 2750.000 2750.000 2750.000
2740.000 2740.000 2740.000 2740.000 2750.000 2750.000 2750.000 2750.000
2740.000 2740.000 2740.000 2740.000 2750.000 2750.000 2750.000 2750.000
2740.000 2740.000 2740.000 2740.000 2750.000 2750.000 2750.000 2750.000
2740.000 2739.999 2740.000 2739.999 2750.000 2749.999 2750.000 2749.999
2739.999 2739.999 2739.999 2739.999 2749.999 2749.999 2749.999 2749.999
2739.999 2739.998 2739.999 2739.998 2749.999 2749.998 2749.999 2749.998
2739.998 2739.997 2739.998 2739.997 2749.998 2749.997 2749.998 2749.997
2739.997 2739.996 2739.997 2739.996 2749.997 2749.996 2749.997 2749.996
2739.996 2739.995 2739.996 2739.995 2749.996 2749.995 2749.996 2749.995
2739.995 2739.994 2739.995 2739.994 2749.995 2749.994 2749.995 2749.994
2739.994 2739.992 2739.994 2739.992 2749.994 2749.992 2749.994 2749.992
2739.992 2739.994 2739.992 2739.994 2749.992 2749.994 2749.992 2749.994
2739.994 2739.995 2739.994 2739.995 2749.994 2749.995 2749.994 2749.995
2739.995 2739.996 2739.995 2739.996 2749.995 2749.996 2749.995 2749.996
2739.996 2739.997 2739.996 2739.997 2749.996 2749.997 2749.996 2749.997
2739.997 2739.998 2739.997 2739.998 2749.997 2749.998 2749.997 2749.998
2739.998 2739.999 2739.998 2739.999 2749.998 2749.999 2749.998 2749.999
2739.999 2739.999 2739.999 2739.999 2749.999 2749.999 2749.999 2749.999
2739.999 2740.000 2739.999 2740.000 2749.999 2750.000 2749.999 2750.000
2740.000 2740.000 2740.000 2740.000 2750.000 2750.000 2750.000 2750.000
2740.000 2740.000 2740.000 2740.000 2750.000 2750.000 2750.000 2750.000
2740.000 2740.000 2740.000 2740.000 2750.000 2750.000 2750.000 2750.000
2740.000 2740.000 2740.000 2740.000 2750.000 2750.000 2750.000 2750.000
2740.000 2739.999 2740.000 2739.999 2750.000 2749.999 2750.000 2749.999
2739.999 2739.999 2739.999 2739.999 2749.999 2749.999 2749.999 2749.999
2739.999 2739.998 2739.999 2739.998 2749.999 2749.998 2749.999 2749.998
2739.998 2739.997 2739.998 2739.997 2749.998 2749.997 2749.998 2749.997
2739.997 2739.996 2739.997 2739.996 2749.997 2749.996 2749.997 2749.996
2739.996 2739.995 2739.996 2739.995 2749.996 2749.995 2749.996 2749.995
2739.995 2739.994 2739.995 2739.994 2749.995 2749.994 2749.995 2749.994
2739.994 2739.992 2739.994 2739.992 2749.994 2749.992 2749.994 2749.992
2739.992 2739.994 2739.992 2739.994 2749.992 2749.994 2749.992 2749.994
2739.994 2739.995 2739.994 2739.995 2749.994 2749.995 2749.994 2749.995
2739.995 2739.996 2739.995 2739.996 2749.995 2749.996 2749.995 2749.996
2739.996 2739.997 2739.996 2739.997 2749.996 2749.997 2749.996 2749.997
2739.997 2739.998 2739.997 2739.998 2749.997 2749.998 2749.997 2749.998
2739.998 2739.999 2739.998 2739.999 2749.998 2749.999 2749.998 2749.999
2739.999 2739.999 2739.999 2739.999 2749.999 2749.999 2749.999 2749.999
2739.999 2740.000 2739.999 2740.000 2749.999 2750.000 2749.999 2750.000
2740.000 2740.000 2740.000 2740.000 2750.000 2750.000 2750.000 2750.000
2740.000 2740.000 2740.000 2740.000 2750.000 2750.000 2750.000 2750.000
2740.000 2740.000 2740.000 2740.000 2750.000 2750.000 2750.000 2750.000
2740.000 2740.000 2740.000 2740.000 2750.000 2750.000 2750.000 2750.000
2740.000 2739.999 2740.000 2739.999 2750.000 2749.999 2750.000 2749.999
2739.999 2739.999 2739.999 2739.999 2749.999 2749.999 2749.999 2749.999
2739.999 2739.998 2739.999 2739.998 2749.999 2749.998 2749.999 2749.998
2739.998 2739.997 2739.998 2739.997 2749.998 2749.997 2749.998 2749.997
2739.997 2739.996 2739.997 2739.996 2749.997 2749.996 2749.997 2749.996
2739.996 2739.995 2739.996 2739.995 2749.996 2749.995 2749.996 2749.995
2739.995 2739.994 2739.995 2739.994 2749.995 2749.994 2749.995 2749.994
2739.994 2739.992 2739.994 2739.992 2749.994 2749.992 2749.994 2749.992
2739.992 2739.994 2739.992 2739.994 2749.992 2749.994 2749.992 2749.994
2739.994 2739.995 2739.994 2739.995 2749.994 2749.995 2749.994 2749.995
2739.995 2739.996 2739.995 2739.996 2749.995 2749.996 2749.995 2749.996
2739.996 2739.997 2739.996 2739.997 2749.996 2749.997 2749.996 2749.997
2739.997 2739.998 2739.997 2739.998 2749.997 2749.998 2749.997 2749.998
2739.998 2739.999 2739.998 2739.999 2749.998 2749.999 2749.998 2749.999
2739.999 2739.999 2739.999 2739.999 2749.999 2749.999 2749.999 2749.999
2739.999 2740.000 2739.999 2740.000 2749.999 2750.000 2749.999 2750.000
2740.000 2740.000 2740.000 2740.000 2750.000 2750.000 2750.000 2750.000
2740.000 2740.000 2740.000 2740.000 2750.000 2750.000 2750.000 2750.000
2740.000 2740.000 2740.000 2740.000 2750.000 2750.000 2750.000 2750.000
2740.000 2740.000 2740.000 2740.000 2750.000 2750.000 2750.000 2750.000
2740.000 2739.999 2740.000 2739.999 2750.000 2749.999 2750.000 2749.999
2739.999 2739.999 2739.999 2739.999 2749.999 2749.999 2749.999 2749.999
2739.999 2739.998 2739.999 2739.998 2749.999 2749.998 2749.999 2749.998
2739.998 2739.997 2739.998 2739.997 2749.998 2749.997 2749.998 2749.997
2739.997 2739.996 2739.997 2739.996 2749.997 2749.996 2749.997 2749.996
2739.996 2739.995 2739.996 2739.995 2749.996 2749.995 2749.996 2749.995
2739.995 2739.994 2739.995 2739.994 2749.995 2749.994 2749.995 2749.994
2739.994 2739.992 2739.994 2739.992 2749.994 2749.992 2749.994 2749.992
2739.992 2739.994 2739.992 2739.994 2749.992 2749.994 2749.992 2749.994
2739.994 2739.995 2739.994 2739.995 2749.994 2749.995 2749.994 2749.995
2739.995 2739.996 2739.995 2739.996 2749.995 2749.996 2749.995 2749.996
2739.996 2739.997 2739.996 2739.997 2749.996 2749.997 2749.996 2749.997
2739.997 2739.998 2739.997 2739.998 2749.997 2749.998 2749.997 2749.998
2739.998 2739.999 2739.998 2739.999 2749.998 2749.999 2749.998 2749.999
2739.999 2739.999 2739.999 2739.999 2749.999 2749.999 2749.999 2749.999
2739.999 2740.000 2739.999 2740.000 2749.999 2750.000 2749.999 2750.000
2740.000 2740.000 2740.000 2740.000 2750.000 2750.000 2750.000 2750.000
2740.000 2740.000 2740.000 2740.000 2750.000 2750.000 2750.000 2750.000
2740.000 2740.000 2740.000 2740.000 2750.000 2750.000 2750.000 2750.000
2740.000 2740.000 2740.000 2740.000 2750.000 2750.000 2750.000 2750.000
2740.000 2739.999 2740.000 2739.999 2750.000 2749.999 2750.000 2749.999
2739.999 2739.999 2739.999 2739.999 2749.999 2749.999 2749.999 2749.999
2739.999 2739.998 2739.999 2739.998 2749.999 2749.998 2749.999 2749.998
2739.998 2739.997 2739.998 2739.997 2749.998 2749.997 2749.998 2749.997
2739.997 2739.996 2739.997 2739.996 2749.997 2749.996 2749.997 2749.996
2739.996 2739.995 2739.996 2739.995 2749.996 2749.995 2749.996 2749.995
2739.995 2739.994 2739.995 2739.994 2749.995 2749.994 2749.995 2749.994
2739.994 2739.992 2739.994 2739.992 2749.994 2749.992 2749.994 2749.992
2739.992 2739.994 2739.992 2739.994 2749.992 2749.994 2749.992 2749.994
2739.994 2739.995 2739.994 2739.995 2749.994 2749.995 2749.994 2749.995
2739.995 2739.996 2739.995 2739.996 2749.995 2749.996 2749.995 2749.996
2739.996 2739.997 2739.996 2739.997 2749.996 2749.997 2749.996 2749.997
2739.997 2739.998 2739.997 2739.998 2749.997 2749.998 2749.997 2749.998
2739.998 2739.999 2739.998 2739.999 2749.998 2749.999 2749.998 2749.999
2739.999 2739.999 2739.999 2739.999 2749.999 2749.999 2749.999 2749.999
2739.999 2740.000 2739.999 2740.000 2749.999 2750.000 2749.999 2750.000
2740.000 2740.000 2740.000 2740.000 2750.000 2750.000 2750.000 2750.000
2740.000 2740.000 2740.000 2740.000 2750.000 2750.000 2750.000 2750.000
2740.000 2740.000 2740.000 2740.000 2750.000 2750.000 2750.000 2750.000
2740.000 2740.000 2740.000 2740.000 2750.000 2750.000 2750.000 2750.000
2740.000 2739.999 2740.000 2739.999 2750.000 2749.999 2750.000 2749.999
2739.999 2739.999 2739.999 2739.999 2749.999 2749.999 2749.999 2749.999
2739.999 2739.998 2739.999 2739.998 2749.999 2749.998 2749.999 2749.998
2739.998 2739.997 2739.998 2739.997 2749.998 2749.997 2749.998 2749.997
2739.997 2739.996 2739.997 2739.996 2749.997 2749.996 2749.997 2749.996
2739.996 2739.995 2739.996 2739.995 2749.996 2749.995 2749.996 2749.995
2739.995 2739.994 2739.995 2739.994 2749.995 2749.994 2749.995 2749.994
2739.994 2739.992 2739.994 2739.992 2749.994 2749.992 2749.994 2749.992
2739.992 2739.994 2739.992 2739.994 2749.992 2749.994 2749.992 2749.994
2739.994 2739.995 2739.994 2739.995 2749.994 2749.995 2749.994 2749.995
2739.995 2739.996 2739.995 2739.996 2749.995 2749.996 2749.995 2749.996
2739.996 2739.997 2739.996 2739.997 2749.996 2749.997 2749.996 2749.997
2739.997 2739.998 2739.997 2739.998 2749.997 2749.998 2749.997 2749.998
2739.998 2739.999 2739.998 2739.999 2749.998 2749.999 2749.998 2749.999
2739.999 2739.999 2739.999 2739.999 2749.999 2749.999 2749.999 2749.999
2739.999 2740.000 2739.999 2740.000 2749.999 2750.000 2749.999 2750.000
2740.000 2740.000 2740.000 2740.000 2750.000 2750.000 2750.000 2750.000
2740.000 2740.000 2740.000 2740.000 2750.000 2750.000 2750.000 2750.000
2740.000 2740.000 2740.000 2740.000 2750.000 2750.000 2750.000 2750.000
2740.000 2740.000 2740.000 2740.000 2750.000 2750.000 2750.000 2750.000
2740.000 2739.999 2740.000 2739.999 2750.000 2749.999 2750.000 2749.999
2739.999 2739.999 2739.999 2739.999 2749.999 2749.999 2749.999 2749.999
2739.999 2739.998 2739.999 2739.998 2749.999 2749.998 2749.999 2749.998
2739.998 2739.997 2739.998 2739.997 2749.998 2749.997 2749.998 2749.997
2739.997 2739.996 2739.997 2739.996 2749.997 2749.996 2749.997 2749.996
2739.996 2739.995 2739.996 2739.995 2749.996 2749.995 2749.996 2749.995
2739.995 2739.994 2739.995 2739.994 2749.995 2749.994 2749.995 2749.994
2739.994 2739.992 2739.994 2739.992 2749.994 2749.992 2749.994 2749.992
2739.992 2739.994 2739.992 2739.994 2749.992 2749.994 2749.992 2749.994
2739.994 2739.995 2739.994 2739.995 2749.994 2749.995 2749.994 2749.995
2739.995 2739.996 2739.995 2739.996 2749.995 2749.996 2749.995 2749.996
2739.996 2739.997 2739.996 2739.997 2749.996 2749.997 2749.996 2749.997
2739.997 2739.998 2739.997 2739.998 2749.997 2749.998 2749.997 2749.998
2739.998 2739.999 2739.998 2739.999 2749.998 2749.999 2749.998 2749.999
2739.999 2739.999 2739.999 2739.999 2749.999 2749.999 2749.999 2749.999
2739.999 2740.000 2739.999 2740.000 2749.999 2750.000 2749.999 2750.000
2740.000 2740.000 2740.000 2740.000 2750.000 2750.000 2750.000 2750.000
2740.000 2740.000 2740.000 2740.000 2750.000 2750.000 2750.000 2750.000
2740.000 2740.000 2740.000 2740.000 2750.000 2750.000 2750.000 2750.000
2740.000 2740.000 2740.000 2740.000 2750.000 2750.000 2750.000 2750.000
2740.000 2739.999 2740.000 2739.999 2750.000 2749.999 2750.000 2749.999
2739.999 2739.999 2739.999 2739.999 2749.999 2749.999 2749.999 2749.999
2739.999 2739.998 2739.999 2739.998 2749.999 2749.998 2749.999 2749.998
2739.998 2739.997 2739.998 2739.997 2749.998 2749.997 2749.998 2749.997
2739.997 2739.996 2739.997 2739.996 2749.997 2749.996 2749.997 2749.996
2739.996 2739.995 2739.996 2739.995 2749.996 2749.995 2749.996 2749.995
2739.995 2739.994 2739.995 2739.994 2749.995 2749.994 2749.995 2749.994
2739.994 2739.992 2739.994 2739.992 2749.994 2749.992 2749.994 2749.992
2739.992 2739.994 2739.992 2739.994 2749.992 2749.994 2749.992 2749.994
2739.994 2739.995 2739.994 2739.995 2749.994 2749.995 2749.994 2749.995
2739.995 2739.996 2739.995 2739.996 2749.995 2749.996 2749.995 2749.996
2739.996 2739.997 2739.996 2739.997 2749.996 2749.997 2749.996 2749.997
2739.997 2739.998 2739.997 2739.998 2749.997 2749.998 2749.997 2749.998
2739.998 2739.999 2739.998 2739.999 2749.998 2749.999 2749.998 2749.999
2739.999 2739.999 2739.999 2739.999 2749.999 2749.999 2749.999 2749.999
2739.999 2740.000 2739.999 2739.999 2749.999 2750.000 2749.999 2749.999
2740.000 2740.000 2739.999 2740.000 2750.000 2750.000 2749.999 2750.000
2740.000 2740.000 2740.000 2740.000 2750.000 2750.000 2750.000 2750.000
2740.000 2740.000 2740.000 2740.000 2750.000 2750.000 2750.000 2750.000
2740.000 2740.000 2740.000 2739.999 2750.000 2750.000 2750.000 2749.999
2740.000 2739.999 2739.999 2739.999 2750.000 2749.999 2749.999 2749.999
2739.999 2739.999 2739.999 2739.999 2749.999 2749.999 2749.999 2749.999
2739.999 2739.998 2739.999 2739.998 2749.999 2749.998 2749.999 2749.998
2739.998 2739.997 2739.998 2739.997 2749.998 2749.997 2749.998 2749.997
2739.997 2739.996 2739.997 2739.996 2749.997 2749.996 2749.997 2749.996
2739.996 2739.995 2739.996 2739.995 2749.996 2749.995 2749.996 2749.995
2739.995 2739.994 2739.995 2739.994 2749.995 2749.994 2749.995 2749.994
2739.994 2739.992 2739.994 2739.992 2749.994 2749.992 2749.994 2749.992
2739.992 2739.994 2739.992 2739.994 2749.992 2749.994 2749.992 2749.994
2739.994 2739.995 2739.994 2739.995 2749.994 2749.995 2749.994 2749.995
2739.995 2739.996 2739.995 2739.996 2749.995 2749.996 2749.995 2749.996
2739.996 2739.997 2739.996 2739.997 2749.996 2749.997 2749.996 2749.997
2739.997 2739.998 2739.997 2739.998 2749.997 2749.998 2749.997 2749.998
2739.998 2739.999 2739.998 2739.999 2749.998 2749.999 2749.998 2749.999
2739.999 2739.999 2739.999 2739.999 2749.999 2749.999 2749.999 2749.999
2739.999 2739.999 2739.999 2739.999 2749.999 2749.999 2749.999 2749.999
2739.999 2740.000 2739.999 2740.000 2749.999 2750.000 2749.999 2750.000
2740.000 2740.000 2740.000 2740.000 2750.000 2750.000 2750.000 2750.000
2740.000 2740.000 2740.000 2740.000 2750.000 2750.000 2750.000 2750.000
2740.000 2739.999 2740.000 2739.999 2750.000 2749.999 2750.000 2749.999
2739.999 2739.999 2739.999 2739.999 2749.999 2749.999 2749.999 2749.999
2739.999 2739.999 2739.999 2739.999 2749.999 2749.999 2749.999 2749.999
2739.999 2739.998 2739.999 2739.998 2749.999 2749.998 2749.999 2749.998
2739.998 2739.997 2739.998 2739.997 2749.998 2749.997 2749.998 2749.997
2739.997 2739.996 2739.997 2739.996 2749.997 2749.996 2749.997 2749.996
2739.996 2739.995 2739.996 2739.995 2749.996 2749.995 2749.996 2749.995
2739.995 2739.994 2739.995 2739.994 2749.995 2749.994 2749.995 2749.994
2739.994 2739.992 2739.994 2739.992 2749.994 2749.992 2749.994 2749.992
2739.992 2739.994 2739.992 2739.994 2749.992 2749.994 2749.992 2749.994
2739.994 2739.995 2739.994 2739.995 2749.994 2749.995 2749.994 2749.995
2739.995 2739.996 2739.995 2739.996 2749.995 2749.996 2749.995 2749.996
2739.996 2739.997 2739.996 2739.997 2749.996 2749.997 2749.996 2749.997
2739.997 2739.998 2739.997 2739.998 2749.997 2749.998 2749.997 2749.998
2739.998 2739.999 2739.998 2739.999 2749.998 2749.999 2749.998 2749.999
2739.999 2739.999 2739.999 2739.999 2749.999 2749.999 2749.999 2749.999
2739.999 2739.999 2739.999 2739.999 2749.999 2749.999 2749.999 2749.999
2739.999 2740.000 2739.999 2740.000 2749.999 2750.000 2749.999 2750.000
2740.000 2740.000 2740.000 2740.000 2750.000 2750.000 2750.000 2750.000
2740.000 2740.000 2740.000 2740.000 2750.000 2750.000 2750.000 2750.000
2740.000 2739.999 2740.000 2739.999 2750.000 2749.999 2750.000 2749.999
2739.999 2739.999 2739.999 2739.999 2749.999 2749.999 2749.999 2749.999
2739.999 2739.999 2739.999 2739.999 2749.999 2749.999 2749.999 2749.999
2739.999 2739.998 2739.999 2739.998 2749.999 2749.998 2749.999 2749.998
2739.998 2739.997 2739.998 2739.997 2749.998 2749.997 2749.998 2749.997
2739.997 2739.996 2739.997 2739.996 2749.997 2749.996 2749.997 2749.996
2739.996 2739.995 2739.996 2739.995 2749.996 2749.995 2749.996 2749.995
2739.995 2739.994 2739.995 2739.994 2749.995 2749.994 2749.995 2749.994
2739.994 2739.992 2739.994 2739.992 2749.994 2749.992 2749.994 2749.992
2739.992 2739.994 2739.992 2739.994 2749.992 2749.994 2749.992 2749.994
2739.994 2739.995 2739.994 2739.995 2749.994 2749.995 2749.994 2749.995
2739.995 2739.996 2739.995 2739.996 2749.995 2749.996 2749.995 2749.996
2739.996 2739.997 2739.996 2739.997 2749.996 2749.997 2749.996 2749.997
2739.997 2739.998 2739.997 2739.998 2749.997 2749.998 2749.997 2749.998
2739.998 2739.999 2739.998 2739.998 2749.998 2749.999 2749.998 2749.998
2739.999 2739.999 2739.998 2739.999 2749.999 2749.999 2749.998 2749.999
2739.999 2739.999 2739.999 2739.999 2749.999 2749.999 2749.999 2749.999
2739.999 2740.000 2739.999 2740.000 2749.999 2750.000 2749.999 2750.000
2740.000 2740.000 2740.000 2740.000 2750.000 2750.000 2750.000 2750.000
2740.000 2740.000 2740.000 2740.000 2750.000 2750.000 2750.000 2750.000
2740.000 2739.999 2740.000 2739.999 2750.000 2749.999 2750.000 2749.999
2739.999 2739.999 2739.999 2739.999 2749.999 2749.999 2749.999 2749.999
2739.999 2739.999 2739.999 2739.998 2749.999 2749.999 2749.999 2749.998
2739.999 2739.998 2739.998 2739.998 2749.999 2749.998 2749.998 2749.998
2739.998 2739.997 2739.998 2739.997 2749.998 2749.997 2749.998 2749.997
2739.997 2739.996 2739.997 2739.996 2749.997 2749.996 2749.997 2749.996
2739.996 2739.995 2739.996 2739.995 2749.996 2749.995 2749.996 2749.995
2739.995 2739.994 2739.995 2739.994 2749.995 2749.994 2749.995 2749.994
2739.994 2739.992 2739.994 2739.992 2749.994 2749.992 2749.994 2749.992
2739.992 2739.994 2739.992 2739.994 2749.992 2749.994 2749.992 2749.994
2739.994 2739.995 2739.994 2739.995 2749.994 2749.995 2749.994 2749.995
2739.995 2739.996 2739.995 2739.996 2749.995 2749.996 2749.995 2749.996
2739.996 2739.997 2739.996 2739.997 2749.996 2749.997 2749.996 2749.997
2739.997 2739.998 2739.997 2739.998 2749.997 2749.998 2749.997 2749.998
2739.998 2739.998 2739.998 2739.998 2749.998 2749.998 2749.998 2749.998
2739.998 2739.999 2739.998 2739.999 2749.998 2749.999 2749.998 2749.999
2739.999 2739.999 2739.999 2739.999 2749.999 2749.999 2749.999 2749.999
2739.999 2740.000 2739.999 2740.000 2749.999 2750.000 2749.999 2750.000
2740.000 2740.000 2740.000 2740.000 2750.000 2750.000 2750.000 2750.000
2740.000 2740.000 2740.000 2740.000 2750.000 2750.000 2750.000 2750.000
2740.000 2739.999 2740.000 2739.999 2750.000 2749.999 2750.000 2749.999
2739.999 2739.999 2739.999 2739.999 2749.999 2749.999 2749.999 2749.999
2739.999 2739.998 2739.999 2739.998 2749.999 2749.998 2749.999 2749.998
2739.998 2739.998 2739.998 2739.998 2749.998 2749.998 2749.998 2749.998
2739.998 2739.997 2739.998 2739.997 2749.998 2749.997 2749.998 2749.997
2739.997 2739.996 2739.997 2739.996 2749.997 2749.996 2749.997 2749.996
2739.996 2739.995 2739.996 2739.995 2749.996 2749.995 2749.996 2749.995
2739.995 2739.994 2739.995 2739.994 2749.995 2749.994 2749.995 2749.994
2739.994 2739.992 2739.994 2739.992 2749.994 2749.992 2749.994 2749.992
2739.992 2739.994 2739.992 2739.994 2749.992 2749.994 2749.992 2749.994
2739.994 2739.995 2739.994 2739.995 2749.994 2749.995 2749.994 2749.995
2739.995 2739.996 2739.995 2739.996 2749.995 2749.996 2749.995 2749.996
2739.996 2739.997 2739.996 2739.997 2749.996 2749.997 2749.996 2749.997
2739.997 2739.998 2739.997 2739.998 2749.997 2749.998 2749.997 2749.998
2739.998 2739.998 2739.998 2739.998 2749.998 2749.998 2749.998 2749.998
2739.998 2739.999 2739.998 2739.999 2749.998 2749.999 2749.998 2749.999
2739.999 2739.999 2739.999 2739.999 2749.999 2749.999 2749.999 2749.999
2739.999 2740.000 2739.999 2740.000 2749.999 2750.000 2749.999 2750.000
2740.000 2740.000 2740.000 2740.000 2750.000 2750.000 2750.000 2750.000
2740.000 2740.000 2740.000 2740.000 2750.000 2750.000 2750.000 2750.000
2740.000 2739.999 2740.000 2739.999 2750.000 2749.999 2750.000 2749.999
2739.999 2739.999 2739.999 2739.999 2749.999 2749.999 2749.999 2749.999
2739.999 2739.998 2739.999 2739.998 2749.999 2749.998 2749.999 2749.998
2739.998 2739.998 2739.998 2739.998 2749.998 2749.998 2749.998 2749.998
2739.998 2739.997 2739.998 2739.997 2749.998 2749.997 2749.998 2749.997
2739.997 2739.996 2739.997 2739.996 2749.997 2749.996 2749.997 2749.996
2739.996 2739.995 2739.996 2739.995 2749.996 2749.995 2749.996 2749.995
2739.995 2739.994 2739.995 2739.994 2749.995 2749.994 2749.995 2749.994
2739.994 2739.992 2739.994 2739.992 2749.994 2749.992 2749.994 2749.992
2739.992 2739.994 2739.992 2739.994 2749.992 2749.994 2749.992 2749.994
2739.994 2739.995 2739.994 2739.995 2749.994 2749.995 2749.994 2749.995
2739.995 2739.996 2739.995 2739.996 2749.995 2749.996 2749.995 2749.996
2739.996 2739.997 2739.996 2739.997 2749.996 2749.997 2749.996 2749.997
2739.997 2739.998 2739.997 2739.998 2749.997 2749.998 2749.997 2749.998
2739.998 2739.998 2739.998 2739.998 2749.998 2749.998 2749.998 2749.998
2739.998 2739.999 2739.998 2739.999 2749.998 2749.999 2749.998 2749.999
2739.999 2739.999 2739.999 2739.999 2749.999 2749.999 2749.999 2749.999
2739.999 2740.000 2739.999 2740.000 2749.999 2750.000 2749.999 2750.000
2740.000 2740.000 2740.000 2740.000 2750.000 2750.000 2750.000 2750.000
2740.000 2740.000 2740.000 2740.000 2750.000 2750.000 2750.000 2750.000
2740.000 2739.999 2740.000 2739.999 2750.000 2749.999 2750.000 2749.999
2739.999 2739.999 2739.999 2739.999 2749.999 2749.999 2749.999 2749.999
2739.999 2739.998 2739.999 2739.998 2749.999 2749.998 2749.999 2749.998
2739.998 2739.998 2739.998 2739.998 2749.998 2749.998 2749.998 2749.998
2739.998 2739.997 2739.998 2739.997 2749.998 2749.997 2749.998 2749.997
2739.997 2739.996 2739.997 2739.996 2749.997 2749.996 2749.997 2749.996
2739.996 2739.995 2739.996 2739.995 2749.996 2749.995 2749.996 2749.995
2739.995 2739.994 2739.995 2739.994 2749.995 2749.994 2749.995 2749.994
2739.994 2739.992 2739.994 2739.992 2749.994 2749.992 2749.994 2749.992
2739.992 2739.994 2739.992 2739.993 2749.992 2749.994 2749.992 2749.993
2739.994 2739.995 2739.993 2739.995 2749.994 2749.995 2749.993 2749.995
2739.995 2739.996 2739.995 2739.996 2749.995 2749.996 2749.995 2749.996
2739.996 2739.997 2739.996 2739.997 2749.996 2749.997 2749.996 2749.997
2739.997 2739.998 2739.997 2739.998 2749.997 2749.998 2749.997 2749.998
2739.998 2739.998 2739.998 2739.998 2749.998 2749.998 2749.998 2749.998
2739.998 2739.999 2739.998 2739.999 2749.998 2749.999 2749.998 2749.999
2739.999 2739.999 2739.999 2739.999 2749.999 2749.999 2749.999 2749.999
2739.999 2740.000 2739.999 2739.999 2749.999 2750.000 2749.999 2749.999
2740.000 2740.000 2739.999 2740.000 2750.000 2750.000 2749.999 2750.000
2740.000 2740.000 2740.000 2739.999 2750.000 2750.000 2750.000 2749.999
2740.000 2739.999 2739.999 2739.999 2750.000 2749.999 2749.999 2749.999
2739.999 2739.999 2739.999 2739.999 2749.999 2749.999 2749.999 2749.999
2739.999 2739.998 2739.999 2739.998 2749.999 2749.998 2749.999 2749.998
2739.998 2739.998 2739.998 2739.998 2749.998 2749.998 2749.998 2749.998
2739.998 2739.997 2739.998 2739.997 2749.998 2749.997 2749.998 2749.997
2739.997 2739.996 2739.997 2739.996 2749.997 2749.996 2749.997 2749.996
2739.996 2739.995 2739.996 2739.995 2749.996 2749.995 2749.996 2749.995
2739.995 2739.994 2739.995 2739.993 2749.995 2749.994 2749.995 2749.993
2739.994 2739.992 2739.993 2739.992 2749.994 2749.992 2749.993 2749.992
2739.992 2739.993 2739.992 2739.993 2749.992 2749.993 2749.992 2749.993
2739.993 2739.995 2739.993 2739.995 2749.993 2749.995 2749.993 2749.995
2739.995 2739.996 2739.995 2739.996 2749.995 2749.996 2749.995 2749.996
2739.996 2739.997 2739.996 2739.997 2749.996 2749.997 2749.996 2749.997
2739.997 2739.998 2739.997 2739.998 2749.997 2749.998 2749.997 2749.998
2739.998 2739.998 2739.998 2739.998 2749.998 2749.998 2749.998 2749.998
2739.998 2739.999 2739.998 2739.999 2749.998 2749.999 2749.998 2749.999
2739.999 2739.999 2739.999 2739.999 2749.999 2749.999 2749.999 2749.999
2739.999 2739.999 2739.999 2739.999 2749.999 2749.999 2749.999 2749.999
2739.999 2740.000 2739.999 2740.000 2749.999 2750.000 2749.999 2750.000
2740.000 2739.999 2740.000 2739.999 2750.000 2749.999 2750.000 2749.999
2739.999 2739.999 2739.999 2739.999 2749.999 2749.999 2749.999 2749.999
2739.999 2739.999 2739.999 2739.999 2749.999 2749.999 2749.999 2749.999
2739.999 2739.998 2739.999 2739.998 2749.999 2749.998 2749.999 2749.998
2739.998 2739.998 2739.998 2739.998 2749.998 2749.998 2749.998 2749.998
2739.998 2739.997 2739.998 2739.997 2749.998 2749.997 2749.998 2749.997
2739.997 2739.996 2739.997 2739.996 2749.997 2749.996 2749.997 2749.996
2739.996 2739.995 2739.996 2739.995 2749.996 2749.995 2749.996 2749.995
2739.995 2739.993 2739.995 2739.993 2749.995 2749.993 2749.995 2749.993
2739.993 2739.992 2739.993 2739.992 2749.993 2749.992 2749.993 2749.992
